member,Fy,lateral_psf,height_ft,spacing_in,P_asd_kip,footnote
362S137-43,33,5.0,,12,2.08,a
362S137-54,50,5.0,,12,3.11,a
362S137-68,50,5.0,,12,4.05,a
362S137-33,50,5.0,,12,1.86,a
362S137-43,33,5.0,,12,2.52,a
600S137-54,33,5.0,,12,3.98,a
600S137-68,50,5.0,,12,5.11,a
600S137-97,50,5.0,,12,7.48,a
600S137-97,50,5.0,,12,2.26,a
600S137-33,33,5.0,,12,3.26,a
362S200-54,33,5.0,,12,5.05,a
362S200-68,50,5.0,,12,7.99,a
600S162-97,50,5.0,,12,9.2,a
600S162-43,33,5.0,,12,3.72,a
362S250-54,50,5.0,,12,5.74,a
362S250-68,50,5.0,,12,7.52,a
362S250-97,50,5.0,,12,10.57,a
362S137-43,33,5.0,8,16,2.02,a
362S137-54,50,5.0,8,16,3.07,a
362S137-68,50,5.0,8,16,4.01,a
362S137-33,50,5.0,8,16,1.8,a
362S137-43,33,5.0,8,16,2.46,a
600S137-54,33,5.0,8,16,3.93,a
600S137-68,50,5.0,8,16,5.07,a
600S137-97,50,5.0,8,16,7.43,a
600S137-97,50,5.0,8,16,2.2,a
600S137-33,33,5.0,8,16,3.2,a
362S200-54,33,5.0,8,16,5.0,a
362S200-68,50,5.0,8,16,7.92,a
600S162-97,50,5.0,8,16,9.15,a
600S162-43,33,5.0,8,16,3.65,a
362S250-54,50,5.0,8,16,5.68,a
362S250-68,50,5.0,8,16,7.46,a
362S250-97,50,5.0,8,16,10.51,a
362S137-43,33,5.0,8,24,1.91,a
362S137-54,50,5.0,8,24,2.98,a
362S137-68,50,5.0,8,24,3.93,a
362S137-33,50,5.0,8,24,1.68,a
362S137-43,33,5.0,8,24,2.35,a
600S137-54,33,5.0,8,24,3.84,a
600S137-68,50,5.0,8,24,4.98,a
600S137-97,50,5.0,8,24,7.35,a
600S137-97,50,5.0,8,24,2.06,a
600S137-33,33,5.0,8,24,3.07,a
362S200-54,33,5.0,8,24,4.88,a
362S200-68,50,5.0,8,24,7.79,a
600S162-97,50,5.0,8,24,9.06,a
600S162-43,33,5.0,8,24,3.51,a
362S250-54,50,5.0,8,24,5.55,a
362S250-68,50,5.0,8,24,7.34,a
362S250-97,50,5.0,8,24,10.41,a
362S137-43,33,5.0,8,12,1.98,a
362S137-54,50,5.0,8,12,2.93,a
362S137-68,50,5.0,8,12,3.82,a
362S137-33,50,5.0,8,12,1.75,a
362S137-43,33,5.0,8,12,2.38,a
600S137-54,33,5.0,8,12,3.74,a
600S137-68,50,5.0,8,12,4.78,a
600S137-97,50,5.0,8,12,6.97,a
600S137-97,50,5.0,8,12,2.14,a
600S137-33,33,5.0,8,12,3.09,a
362S200-54,33,5.0,8,12,4.72,a
362S200-68,50,5.0,8,12,7.48,a
600S162-97,50,5.0,8,12,8.54,a
600S162-43,33,5.0,8,12,3.56,a
362S250-54,50,5.0,8,12,5.44,a
362S250-68,50,5.0,8,12,7.0,a
362S250-97,50,5.0,8,12,9.83,a
362S137-43,33,5.0,9,16,1.91,a
362S137-54,50,5.0,9,16,2.88,a
362S137-68,50,5.0,9,16,3.78,a
362S137-33,50,5.0,9,16,1.68,a
362S137-43,33,5.0,9,16,2.31,a
600S137-54,33,5.0,9,16,3.68,a
600S137-68,50,5.0,9,16,4.73,a
600S137-97,50,5.0,9,16,6.92,a
600S137-97,50,5.0,9,16,2.06,a
600S137-33,33,5.0,9,16,3.01,a
362S200-54,33,5.0,9,16,4.65,a
362S200-68,50,5.0,9,16,7.4,a
600S162-97,50,5.0,9,16,8.49,a
600S162-43,33,5.0,9,16,3.47,a
362S250-54,50,5.0,9,16,5.36,a
362S250-68,50,5.0,9,16,6.93,a
362S250-97,50,5.0,9,16,9.77,a
362S137-43,33,5.0,9,24,1.78,a
362S137-54,50,5.0,9,24,2.77,a
362S137-68,50,5.0,9,24,3.68,a
362S137-33,50,5.0,9,24,1.53,a
362S137-43,33,5.0,9,24,2.17,a
600S137-54,33,5.0,9,24,3.56,a
600S137-68,50,5.0,9,24,4.63,a
600S137-97,50,5.0,9,24,6.81,a
600S137-97,50,5.0,9,24,1.9,a
600S137-33,33,5.0,9,24,2.85,a
362S200-54,33,5.0,9,24,4.52,a
362S200-68,50,5.0,9,24,7.24,a
600S162-97,50,5.0,9,24,8.38,a
600S162-43,33,5.0,9,24,3.3,a
362S250-54,50,5.0,9,24,5.22,a
362S250-68,50,5.0,9,24,6.79,a
362S250-97,50,5.0,9,24,9.64,a
362S137-43,33,5.0,9,12,1.87,a
362S137-54,50,5.0,9,12,2.72,a
362S137-68,50,5.0,9,12,3.55,a
362S137-33,50,5.0,9,12,1.63,a
362S137-43,33,5.0,9,12,2.09,a
600S137-54,33,5.0,9,12,3.47,a
600S137-68,50,5.0,9,12,4.42,a
600S137-97,50,5.0,9,12,6.41,a
600S137-97,50,5.0,9,12,2.01,a
600S137-33,33,5.0,9,12,2.9,a
362S200-54,33,5.0,9,12,4.35,a
362S200-68,50,5.0,9,12,6.88,a
600S162-97,50,5.0,9,12,7.83,a
600S162-43,33,5.0,9,12,3.38,a
362S250-54,50,5.0,9,12,5.1,a
362S250-68,50,5.0,9,12,6.43,a
362S250-97,50,5.0,9,12,9.05,a
362S137-43,33,5.0,10,16,1.79,a
362S137-54,50,5.0,10,16,2.66,a
362S137-68,50,5.0,10,16,3.5,a
362S137-33,50,5.0,10,16,1.54,a
362S137-43,33,5.0,10,16,2.02,a
600S137-54,33,5.0,10,16,3.4,a
600S137-68,50,5.0,10,16,4.36,a
600S137-97,50,5.0,10,16,6.35,a
600S137-97,50,5.0,10,16,1.91,a
600S137-33,33,5.0,10,16,2.81,a
362S200-54,33,5.0,10,16,4.27,a
362S200-68,50,5.0,10,16,6.79,a
600S162-97,50,5.0,10,16,7.77,a
600S162-43,33,5.0,10,16,3.28,a
362S250-54,50,5.0,10,16,5.01,a
362S250-68,50,5.0,10,16,6.35,a
362S250-97,50,5.0,10,16,8.97,a
362S137-43,33,5.0,10,24,1.62,a
362S137-54,50,5.0,10,24,2.54,a
362S137-68,50,5.0,10,24,3.39,a
362S137-33,50,5.0,10,24,1.37,a
362S137-43,33,5.0,10,24,1.86,a
600S137-54,33,5.0,10,24,3.26,a
600S137-68,50,5.0,10,24,4.24,a
600S137-97,50,5.0,10,24,6.23,a
600S137-97,50,5.0,10,24,1.72,a
600S137-33,33,5.0,10,24,2.62,a
362S200-54,33,5.0,10,24,4.12,a
362S200-68,50,5.0,10,24,6.61,a
600S162-97,50,5.0,10,24,7.64,a
600S162-43,33,5.0,10,24,3.08,a
362S250-54,50,5.0,10,24,4.84,a
362S250-68,50,5.0,10,24,6.2,a
362S250-97,50,5.0,10,24,8.83,a
362S137-43,33,5.0,10,12,1.6,a
362S137-54,50,5.0,10,12,2.29,a
362S137-68,50,5.0,10,12,2.98,a
362S137-33,50,5.0,10,12,1.37,a
362S137-43,33,5.0,10,12,1.99,a
600S137-54,33,5.0,10,12,2.84,a
600S137-68,50,5.0,10,12,3.62,a
600S137-97,50,5.0,10,12,5.2,a
600S137-97,50,5.0,10,12,1.71,a
600S137-33,33,5.0,10,12,2.48,a
362S200-54,33,5.0,10,12,3.54,a
362S200-68,50,5.0,10,12,5.58,a
600S162-97,50,5.0,10,12,6.33,a
600S162-43,33,5.0,10,12,2.91,a
362S250-54,50,5.0,10,12,4.17,a
362S250-68,50,5.0,10,12,5.25,a
362S250-97,50,5.0,10,12,7.39,a
362S137-43,33,5.0,12,16,1.5,a
362S137-54,50,5.0,12,16,2.21,a
362S137-68,50,5.0,12,16,2.91,a
362S137-33,50,5.0,12,16,1.25,a
362S137-43,33,5.0,12,16,1.88,a
600S137-54,33,5.0,12,16,2.76,a
600S137-68,50,5.0,12,16,3.55,a
600S137-97,50,5.0,12,16,5.13,a
600S137-97,50,5.0,12,16,1.59,a
600S137-33,33,5.0,12,16,2.36,a
362S200-54,33,5.0,12,16,3.45,a
362S200-68,50,5.0,12,16,5.48,a
600S162-97,50,5.0,12,16,6.26,a
600S162-43,33,5.0,12,16,2.78,a
362S250-54,50,5.0,12,16,4.07,a
362S250-68,50,5.0,12,16,5.16,a
362S250-97,50,5.0,12,16,7.3,a
362S137-43,33,5.0,12,24,1.28,c
362S137-54,50,5.0,12,24,2.05,b
362S137-68,50,5.0,12,24,2.78,a
362S137-33,50,5.0,12,24,1.03,c
362S137-43,33,5.0,12,24,1.66,b
600S137-54,33,5.0,12,24,2.59,a
600S137-68,50,5.0,12,24,3.41,a
600S137-97,50,5.0,12,24,4.99,a
600S137-97,50,5.0,12,24,1.33,c
600S137-33,33,5.0,12,24,2.13,a
362S200-54,33,5.0,12,24,3.27,a
362S200-68,50,5.0,12,24,5.27,a
600S162-97,50,5.0,12,24,6.11,a
600S162-43,33,5.0,12,24,2.52,a
362S250-54,50,5.0,12,24,3.86,a
362S250-68,50,5.0,12,24,4.97,a
362S250-97,50,5.0,12,24,7.13,a
362S137-43,33,5.0,12,12,1.31,b
362S137-54,50,5.0,12,12,1.86,a
362S137-68,50,5.0,12,12,2.43,a
362S137-33,50,5.0,12,12,1.09,b
362S137-43,33,5.0,12,12,1.63,a
600S137-54,33,5.0,12,12,2.28,a
600S137-68,50,5.0,12,12,2.93,a
600S137-97,50,5.0,12,12,4.17,a
600S137-97,50,5.0,12,12,1.38,a
600S137-33,33,5.0,12,12,2.05,a
362S200-54,33,5.0,12,12,2.82,a
362S200-68,50,5.0,12,12,4.45,a
600S162-97,50,5.0,12,12,5.08,a
600S162-43,33,5.0,12,12,2.42,a
362S250-54,50,5.0,12,12,3.33,a
362S250-68,50,5.0,12,12,4.22,a
362S250-97,50,5.0,12,12,5.95,a
362S137-43,33,5.0,14,16,1.18,c
362S137-54,50,5.0,14,16,1.77,b
362S137-68,50,5.0,14,16,2.36,a
362S137-33,50,5.0,14,16,0.95,d
362S137-43,33,5.0,14,16,1.5,b
600S137-54,33,5.0,14,16,2.19,a
600S137-68,50,5.0,14,16,2.85,a
600S137-97,50,5.0,14,16,4.09,a
600S137-97,50,5.0,14,16,1.23,c
600S137-33,33,5.0,14,16,1.91,b
362S200-54,33,5.0,14,16,2.72,a
362S200-68,50,5.0,14,16,4.33,a
600S162-97,50,5.0,14,16,4.99,a
600S162-43,33,5.0,14,16,2.26,a
362S250-54,50,5.0,14,16,3.22,a
362S250-68,50,5.0,14,16,4.11,a
362S250-97,50,5.0,14,16,5.86,a
362S137-43,33,5.0,14,24,0.93,e
362S137-54,50,5.0,14,24,1.59,d
362S137-68,50,5.0,14,24,2.21,c
362S137-33,50,5.0,14,24,0.69,e
362S137-43,33,5.0,14,24,1.23,d
600S137-54,33,5.0,14,24,2.0,c
600S137-68,50,5.0,14,24,2.68,b
600S137-97,50,5.0,14,24,3.93,a
600S137-97,50,5.0,14,24,0.93,d
600S137-33,33,5.0,14,24,1.63,d
362S200-54,33,5.0,14,24,2.52,c
362S200-68,50,5.0,14,24,4.1,a
600S162-97,50,5.0,14,24,4.83,a
600S162-43,33,5.0,14,24,1.95,c
362S250-54,50,5.0,14,24,2.99,b
362S250-68,50,5.0,14,24,3.9,a
362S250-97,50,5.0,14,24,5.66,a
362S137-43,33,5.0,14,12,1.01,d
362S137-54,50,5.0,14,12,1.49,c
362S137-68,50,5.0,14,12,1.96,b
362S137-33,50,5.0,14,12,0.82,d
362S137-43,33,5.0,14,12,1.28,c
600S137-54,33,5.0,14,12,1.82,b
600S137-68,50,5.0,14,12,2.35,a
600S137-97,50,5.0,14,12,3.35,a
600S137-97,50,5.0,14,12,1.05,c
600S137-33,33,5.0,14,12,1.62,b
362S200-54,33,5.0,14,12,2.25,a
362S200-68,50,5.0,14,12,3.56,a
600S162-97,50,5.0,14,12,4.09,a
600S162-43,33,5.0,14,12,1.93,a
362S250-54,50,5.0,14,12,2.66,a
362S250-68,50,5.0,14,12,3.4,a
362S250-97,50,5.0,14,12,4.82,a
362S137-43,33,5.0,16,16,0.87,e
362S137-54,50,5.0,16,16,1.39,d
362S137-68,50,5.0,16,16,1.88,c
362S137-33,50,5.0,16,16,0.67,e
362S137-43,33,5.0,16,16,1.13,d
600S137-54,33,5.0,16,16,1.72,c
600S137-68,50,5.0,16,16,2.27,b
600S137-97,50,5.0,16,16,3.26,a
600S137-97,50,5.0,16,16,0.88,d
600S137-33,33,5.0,16,16,1.47,c
362S200-54,33,5.0,16,16,2.14,c
362S200-68,50,5.0,16,16,3.43,a
600S162-97,50,5.0,16,16,4.0,a
600S162-43,33,5.0,16,16,1.76,c
362S250-54,50,5.0,16,16,2.54,b
362S250-68,50,5.0,16,16,3.28,a
362S250-97,50,5.0,16,16,4.72,a
362S137-43,33,5.0,16,24,0.59,f
362S137-54,50,5.0,16,24,1.2,e
362S137-68,50,5.0,16,24,1.72,e
362S137-33,50,5.0,16,24,0.37,f
362S137-43,33,5.0,16,24,0.84,e
600S137-54,33,5.0,16,24,1.52,e
600S137-68,50,5.0,16,24,2.09,d
600S137-97,50,5.0,16,24,3.1,c
600S137-97,50,5.0,16,24,0.55,e
600S137-33,33,5.0,16,24,1.16,e
362S200-54,33,5.0,16,24,1.92,d
362S200-68,50,5.0,16,24,3.18,c
600S162-97,50,5.0,16,24,3.83,b
600S162-43,33,5.0,16,24,1.41,d
362S250-54,50,5.0,16,24,2.29,d
362S250-68,50,5.0,16,24,3.06,c
362S250-97,50,5.0,16,24,4.51,a
800S137-54,33,5.0,,12,7.35,a
800S137-68,33,5.0,,12,9.77,a
800S137-97,50,5.0,,12,15.24,a
800S137-118,50,5.0,,12,19.54,a
800S137-43,33,5.0,,12,4.65,a
800S137-54,33,5.0,,12,7.59,a
800S162-68,33,5.0,,12,10.93,a
800S162-97,50,5.0,,12,17.91,a
800S162-118,50,5.0,,12,22.79,a
800S162-54,50,5.0,,12,7.9,a
600S300-68,50,5.0,,12,11.11,a
600S300-97,33,5.0,,12,19.22,a
600S300-118,33,5.0,,12,24.9,a
800S200-54,33,5.0,,12,10.21,a
600S350-68,33,5.0,,12,14.72,a
600S350-97,50,5.0,,12,23.85,a
600S350-118,50,5.0,,12,31.42,a
800S137-54,33,5.0,8,16,7.31,a
800S137-68,33,5.0,8,16,9.73,a
800S137-97,50,5.0,8,16,15.2,a
800S137-118,50,5.0,8,16,19.5,a
800S137-43,33,5.0,8,16,4.61,a
800S137-54,33,5.0,8,16,7.55,a
800S162-68,33,5.0,8,16,10.88,a
800S162-97,50,5.0,8,16,17.86,a
800S162-118,50,5.0,8,16,22.75,a
800S162-54,50,5.0,8,16,7.86,a
600S300-68,50,5.0,8,16,11.07,a
600S300-97,33,5.0,8,16,19.17,a
600S300-118,33,5.0,8,16,24.85,a
800S200-54,33,5.0,8,16,10.17,a
600S350-68,33,5.0,8,16,14.68,a
600S350-97,50,5.0,8,16,23.8,a
600S350-118,50,5.0,8,16,31.36,a
800S137-54,33,5.0,8,24,7.23,a
800S137-68,33,5.0,8,24,9.65,a
800S137-97,50,5.0,8,24,15.12,a
800S137-118,50,5.0,8,24,19.42,a
800S137-43,33,5.0,8,24,4.52,a
800S137-54,33,5.0,8,24,7.48,a
800S162-68,33,5.0,8,24,10.8,a
800S162-97,50,5.0,8,24,17.77,a
800S162-118,50,5.0,8,24,22.65,a
800S162-54,50,5.0,8,24,7.78,a
600S300-68,50,5.0,8,24,10.98,a
600S300-97,33,5.0,8,24,19.08,a
600S300-118,33,5.0,8,24,24.76,a
800S200-54,33,5.0,8,24,10.09,a
600S350-68,33,5.0,8,24,14.59,a
600S350-97,50,5.0,8,24,23.7,a
600S350-118,50,5.0,8,24,31.26,a
800S137-54,33,5.0,8,12,7.22,a
800S137-68,33,5.0,8,12,9.62,a
800S137-97,50,5.0,8,12,15.01,a
800S137-118,50,5.0,8,12,19.25,a
800S137-43,33,5.0,8,12,4.58,a
800S137-54,33,5.0,8,12,7.47,a
800S162-68,33,5.0,8,12,10.74,a
800S162-97,50,5.0,8,12,17.58,a
800S162-118,50,5.0,8,12,22.38,a
800S162-54,50,5.0,8,12,7.78,a
600S300-68,50,5.0,8,12,10.93,a
600S300-97,33,5.0,8,12,18.86,a
600S300-118,33,5.0,8,12,24.47,a
800S200-54,33,5.0,8,12,10.03,a
600S350-68,33,5.0,8,12,14.47,a
600S350-97,50,5.0,8,12,23.44,a
600S350-118,50,5.0,8,12,30.71,a
800S137-54,33,5.0,9,16,7.18,a
800S137-68,33,5.0,9,16,9.57,a
800S137-97,50,5.0,9,16,14.96,a
800S137-118,50,5.0,9,16,19.2,a
800S137-43,33,5.0,9,16,4.53,a
800S137-54,33,5.0,9,16,7.42,a
800S162-68,33,5.0,9,16,10.69,a
800S162-97,50,5.0,9,16,17.52,a
800S162-118,50,5.0,9,16,22.32,a
800S162-54,50,5.0,9,16,7.73,a
600S300-68,50,5.0,9,16,10.88,a
600S300-97,33,5.0,9,16,18.81,a
600S300-118,33,5.0,9,16,24.41,a
800S200-54,33,5.0,9,16,9.98,a
600S350-68,33,5.0,9,16,14.42,a
600S350-97,50,5.0,9,16,23.38,a
600S350-118,50,5.0,9,16,30.64,a
800S137-54,33,5.0,9,24,7.08,a
800S137-68,33,5.0,9,24,9.47,a
800S137-97,50,5.0,9,24,14.87,a
800S137-118,50,5.0,9,24,19.1,a
800S137-43,33,5.0,9,24,4.42,a
800S137-54,33,5.0,9,24,7.33,a
800S162-68,33,5.0,9,24,10.58,a
800S162-97,50,5.0,9,24,17.41,a
800S162-118,50,5.0,9,24,22.21,a
800S162-54,50,5.0,9,24,7.63,a
600S300-68,50,5.0,9,24,10.77,a
600S300-97,33,5.0,9,24,18.69,a
600S300-118,33,5.0,9,24,24.29,a
800S200-54,33,5.0,9,24,9.87,a
600S350-68,33,5.0,9,24,14.31,a
600S350-97,50,5.0,9,24,23.25,a
600S350-118,50,5.0,9,24,30.52,a
800S137-54,33,5.0,9,12,7.07,a
800S137-68,33,5.0,9,12,9.43,a
800S137-97,50,5.0,9,12,14.73,a
800S137-118,50,5.0,9,12,18.9,a
800S137-43,33,5.0,9,12,4.5,a
800S137-54,33,5.0,9,12,7.33,a
800S162-68,33,5.0,9,12,10.53,a
800S162-97,50,5.0,9,12,17.2,a
800S162-118,50,5.0,9,12,21.89,a
800S162-54,50,5.0,9,12,7.63,a
600S300-68,50,5.0,9,12,10.72,a
600S300-97,33,5.0,9,12,18.45,a
600S300-118,33,5.0,9,12,23.97,a
800S200-54,33,5.0,9,12,9.82,a
600S350-68,33,5.0,9,12,14.19,a
600S350-97,50,5.0,9,12,22.97,a
600S350-118,50,5.0,9,12,29.9,a
800S137-54,33,5.0,10,16,7.01,a
800S137-68,33,5.0,10,16,9.37,a
800S137-97,50,5.0,10,16,14.67,a
800S137-118,50,5.0,10,16,18.83,a
800S137-43,33,5.0,10,16,4.44,a
800S137-54,33,5.0,10,16,7.27,a
800S162-68,33,5.0,10,16,10.46,a
800S162-97,50,5.0,10,16,17.13,a
800S162-118,50,5.0,10,16,21.82,a
800S162-54,50,5.0,10,16,7.57,a
600S300-68,50,5.0,10,16,10.66,a
600S300-97,33,5.0,10,16,18.38,a
600S300-118,33,5.0,10,16,23.89,a
800S200-54,33,5.0,10,16,9.75,a
600S350-68,33,5.0,10,16,14.12,a
600S350-97,50,5.0,10,16,22.9,a
600S350-118,50,5.0,10,16,29.82,a
800S137-54,33,5.0,10,24,6.89,a
800S137-68,33,5.0,10,24,9.25,a
800S137-97,50,5.0,10,24,14.56,a
800S137-118,50,5.0,10,24,18.71,a
800S137-43,33,5.0,10,24,4.31,a
800S137-54,33,5.0,10,24,7.15,a
800S162-68,33,5.0,10,24,10.33,a
800S162-97,50,5.0,10,24,16.99,a
800S162-118,50,5.0,10,24,21.68,a
800S162-54,50,5.0,10,24,7.45,a
600S300-68,50,5.0,10,24,10.53,a
600S300-97,33,5.0,10,24,18.24,a
600S300-118,33,5.0,10,24,23.75,a
800S200-54,33,5.0,10,24,9.63,a
600S350-68,33,5.0,10,24,13.98,a
600S350-97,50,5.0,10,24,22.75,a
600S350-118,50,5.0,10,24,29.67,a
800S137-54,33,5.0,10,12,6.69,a
800S137-68,33,5.0,10,12,8.94,a
800S137-97,50,5.0,10,12,14.0,a
800S137-118,50,5.0,10,12,17.95,a
800S137-43,33,5.0,10,12,4.31,a
800S137-54,33,5.0,10,12,6.98,a
800S162-68,33,5.0,10,12,10.01,a
800S162-97,50,5.0,10,12,16.23,a
800S162-118,50,5.0,10,12,20.67,a
800S162-54,50,5.0,10,12,7.27,a
600S300-68,50,5.0,10,12,10.27,a
600S300-97,33,5.0,10,12,17.45,a
600S300-118,33,5.0,10,12,22.79,a
800S200-54,33,5.0,10,12,9.32,a
600S350-68,33,5.0,10,12,13.52,a
600S350-97,50,5.0,10,12,21.92,a
600S350-118,50,5.0,10,12,28.01,a
800S137-54,33,5.0,12,16,6.6,a
800S137-68,33,5.0,12,16,8.86,a
800S137-97,50,5.0,12,16,13.92,a
800S137-118,50,5.0,12,16,17.87,a
800S137-43,33,5.0,12,16,4.22,a
800S137-54,33,5.0,12,16,6.9,a
800S162-68,33,5.0,12,16,9.92,a
800S162-97,50,5.0,12,16,16.14,a
800S162-118,50,5.0,12,16,20.57,a
800S162-54,50,5.0,12,16,7.19,a
600S300-68,50,5.0,12,16,10.19,a
600S300-97,33,5.0,12,16,17.36,a
600S300-118,33,5.0,12,16,22.69,a
800S200-54,33,5.0,12,16,9.24,a
600S350-68,33,5.0,12,16,13.42,a
600S350-97,50,5.0,12,16,21.82,a
600S350-118,50,5.0,12,16,27.9,a
800S137-54,33,5.0,12,24,6.44,a
800S137-68,33,5.0,12,24,8.69,a
800S137-97,50,5.0,12,24,13.76,a
800S137-118,50,5.0,12,24,17.7,a
800S137-43,33,5.0,12,24,4.03,a
800S137-54,33,5.0,12,24,6.74,a
800S162-68,33,5.0,12,24,9.74,a
800S162-97,50,5.0,12,24,15.94,a
800S162-118,50,5.0,12,24,20.37,a
800S162-54,50,5.0,12,24,7.02,a
600S300-68,50,5.0,12,24,10.01,a
600S300-97,33,5.0,12,24,17.17,a
600S300-118,33,5.0,12,24,22.49,a
800S200-54,33,5.0,12,24,9.06,a
600S350-68,33,5.0,12,24,13.23,a
600S350-97,50,5.0,12,24,21.61,a
600S350-118,50,5.0,12,24,27.7,a
800S137-54,33,5.0,12,12,6.19,a
800S137-68,33,5.0,12,12,8.3,a
800S137-97,50,5.0,12,12,13.04,a
800S137-118,50,5.0,12,12,16.69,a
800S137-43,33,5.0,12,12,4.08,a
800S137-54,33,5.0,12,12,6.6,a
800S162-68,33,5.0,12,12,9.38,a
800S162-97,50,5.0,12,12,15.04,a
800S162-118,50,5.0,12,12,19.14,a
800S162-54,50,5.0,12,12,6.84,a
600S300-68,50,5.0,12,12,9.74,a
600S300-97,33,5.0,12,12,16.28,a
600S300-118,33,5.0,12,12,21.48,a
800S200-54,33,5.0,12,12,8.75,a
600S350-68,33,5.0,12,12,12.73,a
600S350-97,50,5.0,12,12,20.52,a
600S350-118,50,5.0,12,12,25.83,a
800S137-54,33,5.0,14,16,6.08,a
800S137-68,33,5.0,14,16,8.19,a
800S137-97,50,5.0,14,16,12.94,a
800S137-118,50,5.0,14,16,16.59,a
800S137-43,33,5.0,14,16,3.95,a
800S137-54,33,5.0,14,16,6.49,a
800S162-68,33,5.0,14,16,9.27,a
800S162-97,50,5.0,14,16,14.92,a
800S162-118,50,5.0,14,16,19.01,a
800S162-54,50,5.0,14,16,6.73,a
600S300-68,50,5.0,14,16,9.63,a
600S300-97,33,5.0,14,16,16.16,a
600S300-118,33,5.0,14,16,21.35,a
800S200-54,33,5.0,14,16,8.63,a
600S350-68,33,5.0,14,16,12.6,a
600S350-97,50,5.0,14,16,20.38,a
600S350-118,50,5.0,14,16,25.7,a
800S137-54,33,5.0,14,24,5.87,a
800S137-68,33,5.0,14,24,7.98,a
800S137-97,50,5.0,14,24,12.73,a
800S137-118,50,5.0,14,24,16.37,a
800S137-43,33,5.0,14,24,3.71,a
800S137-54,33,5.0,14,24,6.28,a
800S162-68,33,5.0,14,24,9.03,a
800S162-97,50,5.0,14,24,14.67,a
800S162-118,50,5.0,14,24,18.76,a
800S162-54,50,5.0,14,24,6.51,a
600S300-68,50,5.0,14,24,9.39,a
600S300-97,33,5.0,14,24,15.92,a
600S300-118,33,5.0,14,24,21.09,a
800S200-54,33,5.0,14,24,8.41,a
600S350-68,33,5.0,14,24,12.36,a
600S350-97,50,5.0,14,24,20.12,a
600S350-118,50,5.0,14,24,25.44,a
800S137-54,33,5.0,14,12,5.6,a
800S137-68,33,5.0,14,12,7.55,a
800S137-97,50,5.0,14,12,11.89,a
800S137-118,50,5.0,14,12,15.19,a
800S137-43,33,5.0,14,12,3.8,a
800S137-54,33,5.0,14,12,6.21,a
800S162-68,33,5.0,14,12,8.7,a
800S162-97,50,5.0,14,12,13.68,a
800S162-118,50,5.0,14,12,17.4,a
800S162-54,50,5.0,14,12,6.34,a
600S300-68,50,5.0,14,12,9.14,a
600S300-97,33,5.0,14,12,15.01,a
600S300-118,33,5.0,14,12,19.59,a
800S200-54,33,5.0,14,12,8.1,a
600S350-68,33,5.0,14,12,11.84,a
600S350-97,50,5.0,14,12,18.64,a
600S350-118,50,5.0,14,12,23.47,a
800S137-54,33,5.0,16,16,5.47,a
800S137-68,33,5.0,16,16,7.42,a
800S137-97,50,5.0,16,16,11.76,a
800S137-118,50,5.0,16,16,15.06,a
800S137-43,33,5.0,16,16,3.65,a
800S137-54,33,5.0,16,16,6.08,a
800S162-68,33,5.0,16,16,8.56,a
800S162-97,50,5.0,16,16,13.54,a
800S162-118,50,5.0,16,16,17.25,a
800S162-54,50,5.0,16,16,6.21,a
600S300-68,50,5.0,16,16,8.99,a
600S300-97,33,5.0,16,16,14.87,a
600S300-118,33,5.0,16,16,19.44,a
800S200-54,33,5.0,16,16,7.96,a
600S350-68,33,5.0,16,16,11.69,a
600S350-97,50,5.0,16,16,18.48,a
600S350-118,50,5.0,16,16,23.31,a
800S137-54,33,5.0,16,24,5.22,a
800S137-68,33,5.0,16,24,7.16,a
800S137-97,50,5.0,16,24,11.52,a
800S137-118,50,5.0,16,24,14.81,a
800S137-43,33,5.0,16,24,3.35,a
800S137-54,33,5.0,16,24,5.81,a
800S162-68,33,5.0,16,24,8.28,a
800S162-97,50,5.0,16,24,13.24,a
800S162-118,50,5.0,16,24,16.95,a
800S162-54,50,5.0,16,24,5.94,a
600S300-68,50,5.0,16,24,8.71,a
600S300-97,33,5.0,16,24,14.57,a
600S300-118,33,5.0,16,24,19.13,a
800S200-54,33,5.0,16,24,7.69,a
600S350-68,33,5.0,16,24,11.39,a
600S350-97,50,5.0,16,24,18.17,a
600S350-118,50,5.0,16,24,23.0,a
800S250-68,33,5.0,,12,11.73,a
800S250-97,50,5.0,,12,19.55,a
800S250-118,50,5.0,,12,25.43,a
800S250-54,50,5.0,,12,8.48,a
800S300-68,50,5.0,,12,12.0,a
800S300-97,50,5.0,,12,21.32,a
800S300-118,50,5.0,,12,27.8,a
800S300-54,50,5.0,,12,10.93,a
800S350-68,50,5.0,,12,15.73,a
800S350-97,50,5.0,,12,25.86,a
800S350-118,50,5.0,,12,34.32,a
800S250-68,33,5.0,8,16,11.7,a
800S250-97,50,5.0,8,16,19.52,a
800S250-118,50,5.0,8,16,25.4,a
800S250-54,50,5.0,8,16,8.45,a
800S300-68,50,5.0,8,16,11.97,a
800S300-97,50,5.0,8,16,21.28,a
800S300-118,50,5.0,8,16,27.76,a
800S300-54,50,5.0,8,16,10.9,a
800S350-68,50,5.0,8,16,15.7,a
800S350-97,50,5.0,8,16,25.83,a
800S350-118,50,5.0,8,16,34.28,a
800S250-68,33,5.0,8,24,11.64,a
800S250-97,50,5.0,8,24,19.45,a
800S250-118,50,5.0,8,24,25.33,a
800S250-54,50,5.0,8,24,8.39,a
800S300-68,50,5.0,8,24,11.91,a
800S300-97,50,5.0,8,24,21.21,a
800S300-118,50,5.0,8,24,27.69,a
800S300-54,50,5.0,8,24,10.84,a
800S350-68,50,5.0,8,24,15.64,a
800S350-97,50,5.0,8,24,25.75,a
800S350-118,50,5.0,8,24,34.2,a
800S250-68,33,5.0,8,12,11.67,a
800S250-97,50,5.0,8,12,19.45,a
800S250-118,50,5.0,8,12,25.26,a
800S250-54,50,5.0,8,12,8.41,a
800S300-68,50,5.0,8,12,11.92,a
800S300-97,50,5.0,8,12,21.14,a
800S300-118,50,5.0,8,12,27.58,a
800S300-54,50,5.0,8,12,10.83,a
800S350-68,50,5.0,8,12,15.61,a
800S350-97,50,5.0,8,12,25.7,a
800S350-118,50,5.0,8,12,34.05,a
800S250-68,33,5.0,9,16,11.63,a
800S250-97,50,5.0,9,16,19.4,a
800S250-118,50,5.0,9,16,25.22,a
800S250-54,50,5.0,9,16,8.37,a
800S300-68,50,5.0,9,16,11.88,a
800S300-97,50,5.0,9,16,21.1,a
800S300-118,50,5.0,9,16,27.54,a
800S300-54,50,5.0,9,16,10.79,a
800S350-68,50,5.0,9,16,15.57,a
800S350-97,50,5.0,9,16,25.65,a
800S350-118,50,5.0,9,16,34.0,a
800S250-68,33,5.0,9,24,11.55,a
800S250-97,50,5.0,9,24,19.32,a
800S250-118,50,5.0,9,24,25.13,a
800S250-54,50,5.0,9,24,8.3,a
800S300-68,50,5.0,9,24,11.8,a
800S300-97,50,5.0,9,24,21.01,a
800S300-118,50,5.0,9,24,27.45,a
800S300-54,50,5.0,9,24,10.71,a
800S350-68,50,5.0,9,24,15.48,a
800S350-97,50,5.0,9,24,25.56,a
800S350-118,50,5.0,9,24,33.91,a
800S250-68,33,5.0,9,12,11.59,a
800S250-97,50,5.0,9,12,19.32,a
800S250-118,50,5.0,9,12,25.05,a
800S250-54,50,5.0,9,12,8.33,a
800S300-68,50,5.0,9,12,11.81,a
800S300-97,50,5.0,9,12,20.93,a
800S300-118,50,5.0,9,12,27.32,a
800S300-54,50,5.0,9,12,10.71,a
800S350-68,50,5.0,9,12,15.46,a
800S350-97,50,5.0,9,12,25.46,a
800S350-118,50,5.0,9,12,33.74,a
800S250-68,33,5.0,10,16,11.54,a
800S250-97,50,5.0,10,16,19.27,a
800S250-118,50,5.0,10,16,25.0,a
800S250-54,50,5.0,10,16,8.28,a
800S300-68,50,5.0,10,16,11.76,a
800S300-97,50,5.0,10,16,20.88,a
800S300-118,50,5.0,10,16,27.27,a
800S300-54,50,5.0,10,16,10.66,a
800S350-68,50,5.0,10,16,15.41,a
800S350-97,50,5.0,10,16,25.4,a
800S350-118,50,5.0,10,16,33.68,a
800S250-68,33,5.0,10,24,11.45,a
800S250-97,50,5.0,10,24,19.16,a
800S250-118,50,5.0,10,24,24.89,a
800S250-54,50,5.0,10,24,8.19,a
800S300-68,50,5.0,10,24,11.67,a
800S300-97,50,5.0,10,24,20.77,a
800S300-118,50,5.0,10,24,27.16,a
800S300-54,50,5.0,10,24,10.56,a
800S350-68,50,5.0,10,24,15.31,a
800S350-97,50,5.0,10,24,25.29,a
800S350-118,50,5.0,10,24,33.57,a
800S250-68,33,5.0,10,12,11.38,a
800S250-97,50,5.0,10,12,18.99,a
800S250-118,50,5.0,10,12,24.47,a
800S250-54,50,5.0,10,12,8.13,a
800S300-68,50,5.0,10,12,11.53,a
800S300-97,50,5.0,10,12,20.37,a
800S300-118,50,5.0,10,12,26.64,a
800S300-54,50,5.0,10,12,10.41,a
800S350-68,50,5.0,10,12,15.09,a
800S350-97,50,5.0,10,12,24.78,a
800S350-118,50,5.0,10,12,32.99,a
800S250-68,33,5.0,12,16,11.32,a
800S250-97,50,5.0,12,16,18.92,a
800S250-118,50,5.0,12,16,24.39,a
800S250-54,50,5.0,12,16,8.06,a
800S300-68,50,5.0,12,16,11.47,a
800S300-97,50,5.0,12,16,20.3,a
800S300-118,50,5.0,12,16,26.56,a
800S300-54,50,5.0,12,16,10.34,a
800S350-68,50,5.0,12,16,15.02,a
800S350-97,50,5.0,12,16,24.7,a
800S350-118,50,5.0,12,16,32.91,a
800S250-68,33,5.0,12,24,11.18,a
800S250-97,50,5.0,12,24,18.77,a
800S250-118,50,5.0,12,24,24.24,a
800S250-54,50,5.0,12,24,7.92,a
800S300-68,50,5.0,12,24,11.33,a
800S300-97,50,5.0,12,24,20.14,a
800S300-118,50,5.0,12,24,26.4,a
800S300-54,50,5.0,12,24,10.2,a
800S350-68,50,5.0,12,24,14.87,a
800S350-97,50,5.0,12,24,24.54,a
800S350-118,50,5.0,12,24,32.74,a
800S250-68,33,5.0,12,12,11.02,a
800S250-97,50,5.0,12,12,18.34,a
800S250-118,50,5.0,12,12,23.64,a
800S250-54,50,5.0,12,12,7.86,a
800S300-68,50,5.0,12,12,11.17,a
800S300-97,50,5.0,12,12,19.63,a
800S300-118,50,5.0,12,12,25.73,a
800S300-54,50,5.0,12,12,10.04,a
800S350-68,50,5.0,12,12,14.6,a
800S350-97,50,5.0,12,12,23.95,a
800S350-118,50,5.0,12,12,31.77,a
800S250-68,33,5.0,14,16,10.93,a
800S250-97,50,5.0,14,16,18.24,a
800S250-118,50,5.0,14,16,23.54,a
800S250-54,50,5.0,14,16,7.77,a
800S300-68,50,5.0,14,16,11.08,a
800S300-97,50,5.0,14,16,19.53,a
800S300-118,50,5.0,14,16,25.63,a
800S300-54,50,5.0,14,16,9.95,a
800S350-68,50,5.0,14,16,14.51,a
800S350-97,50,5.0,14,16,23.84,a
800S350-118,50,5.0,14,16,31.66,a
800S250-68,33,5.0,14,24,10.75,a
800S250-97,50,5.0,14,24,18.05,a
800S250-118,50,5.0,14,24,23.33,a
800S250-54,50,5.0,14,24,7.59,a
800S300-68,50,5.0,14,24,10.91,a
800S300-97,50,5.0,14,24,19.33,a
800S300-118,50,5.0,14,24,25.42,a
800S300-54,50,5.0,14,24,9.77,a
800S350-68,50,5.0,14,24,14.32,a
800S350-97,50,5.0,14,24,23.63,a
800S350-118,50,5.0,14,24,31.44,a
800S250-68,33,5.0,14,12,10.54,a
800S250-97,50,5.0,14,12,17.48,a
800S250-118,50,5.0,14,12,22.56,a
800S250-54,50,5.0,14,12,7.53,a
800S300-68,50,5.0,14,12,10.72,a
800S300-97,50,5.0,14,12,18.72,a
800S300-118,50,5.0,14,12,24.64,a
800S300-54,50,5.0,14,12,9.61,a
800S350-68,50,5.0,14,12,14.03,a
800S350-97,50,5.0,14,12,23.01,a
800S350-118,50,5.0,14,12,30.13,a
800S250-68,33,5.0,16,16,10.43,a
800S250-97,50,5.0,16,16,17.36,a
800S250-118,50,5.0,16,16,22.43,a
800S250-54,50,5.0,16,16,7.42,a
800S300-68,50,5.0,16,16,10.61,a
800S300-97,50,5.0,16,16,18.6,a
800S300-118,50,5.0,16,16,24.51,a
800S300-54,50,5.0,16,16,9.5,a
800S350-68,50,5.0,16,16,13.91,a
800S350-97,50,5.0,16,16,22.88,a
800S350-118,50,5.0,16,16,30.0,a
800S250-68,33,5.0,16,24,10.2,a
800S250-97,50,5.0,16,24,17.11,a
800S250-118,50,5.0,16,24,22.17,a
800S250-54,50,5.0,16,24,7.19,a
800S300-68,50,5.0,16,24,10.39,a
800S300-97,50,5.0,16,24,18.35,a
800S300-118,50,5.0,16,24,24.25,a
800S300-54,50,5.0,16,24,9.26,a
800S350-68,50,5.0,16,24,13.67,a
800S350-97,50,5.0,16,24,22.61,a
800S350-118,50,5.0,16,24,29.73,a
362S137-43,33,15.0,,12,1.75,a
362S137-54,50,15.0,,12,2.85,a
362S137-68,50,15.0,,12,3.82,a
362S137-33,33,15.0,,12,1.5,a
600S137-43,33,15.0,,12,2.18,a
362S162-54,33,15.0,,12,3.69,a
362S162-68,50,15.0,,12,4.85,a
362S162-97,50,15.0,,12,7.21,a
362S162-97,50,15.0,,12,1.87,a
362S162-33,33,15.0,,12,2.88,a
362S200-54,33,15.0,,12,4.72,a
600S162-68,50,15.0,,12,7.6,a
600S162-97,50,15.0,,12,8.92,a
600S162-43,33,15.0,,12,3.3,a
362S250-54,33,15.0,,12,5.37,a
600S200-68,50,15.0,,12,7.17,a
600S200-97,33,15.0,,12,10.24,a
362S137-43,33,15.0,8,16,1.58,a
362S137-54,50,15.0,8,16,2.71,a
362S137-68,50,15.0,8,16,3.7,a
362S137-33,33,15.0,8,16,1.32,a
600S137-43,33,15.0,8,16,2.0,a
362S162-54,33,15.0,8,16,3.54,a
362S162-68,50,15.0,8,16,4.72,a
362S162-97,50,15.0,8,16,7.08,a
362S162-97,50,15.0,8,16,1.67,a
362S162-33,33,15.0,8,16,2.69,a
362S200-54,33,15.0,8,16,4.55,a
600S162-68,50,15.0,8,16,7.4,a
600S162-97,50,15.0,8,16,8.78,a
600S162-43,33,15.0,8,16,3.09,a
362S250-54,33,15.0,8,16,5.19,a
600S200-68,50,15.0,8,16,6.99,a
600S200-97,33,15.0,8,16,10.08,a
362S137-43,33,15.0,8,24,1.25,a
362S137-54,50,15.0,8,24,2.45,a
362S137-68,50,15.0,8,24,3.47,a
362S137-33,33,15.0,8,24,0.96,a
600S137-43,33,15.0,8,24,1.66,a
362S162-54,33,15.0,8,24,3.25,a
362S162-68,50,15.0,8,24,4.45,a
362S162-97,50,15.0,8,24,6.82,a
362S162-97,50,15.0,8,24,1.27,a
362S162-33,33,15.0,8,24,2.3,a
362S200-54,33,15.0,8,24,4.22,a
600S162-68,50,15.0,8,24,7.01,a
600S162-97,50,15.0,8,24,8.5,a
600S162-43,33,15.0,8,24,2.68,a
362S250-54,33,15.0,8,24,4.83,a
600S200-68,50,15.0,8,24,6.64,a
600S200-97,33,15.0,8,24,9.76,a
362S137-43,33,15.0,8,12,1.57,a
362S137-54,50,15.0,8,12,2.61,a
362S137-68,50,15.0,8,12,3.54,a
362S137-33,33,15.0,8,12,1.31,a
600S137-43,33,15.0,8,12,1.96,a
362S162-54,33,15.0,8,12,3.39,a
362S162-68,50,15.0,8,12,4.47,a
362S162-97,50,15.0,8,12,6.66,a
362S162-97,50,15.0,8,12,1.65,a
362S162-33,33,15.0,8,12,2.62,a
362S200-54,33,15.0,8,12,4.32,a
600S162-68,50,15.0,8,12,7.01,a
600S162-97,50,15.0,8,12,8.21,a
600S162-43,33,15.0,8,12,3.05,a
362S250-54,33,15.0,8,12,5.0,a
600S200-68,50,15.0,8,12,6.58,a
600S200-97,33,15.0,8,12,9.45,a
362S137-43,33,15.0,9,16,1.37,a
362S137-54,50,15.0,9,16,2.45,a
362S137-68,50,15.0,9,16,3.4,a
362S137-33,33,15.0,9,16,1.09,a
600S137-43,33,15.0,9,16,1.75,a
362S162-54,33,15.0,9,16,3.21,a
362S162-68,50,15.0,9,16,4.31,a
362S162-97,50,15.0,9,16,6.5,a
362S162-97,50,15.0,9,16,1.41,a
362S162-33,33,15.0,9,16,2.39,a
362S200-54,33,15.0,9,16,4.12,a
600S162-68,50,15.0,9,16,6.78,a
600S162-97,50,15.0,9,16,8.05,a
600S162-43,33,15.0,9,16,2.79,a
362S250-54,33,15.0,9,16,4.78,a
600S200-68,50,15.0,9,16,6.37,a
600S200-97,33,15.0,9,16,9.26,a
362S137-43,33,15.0,9,24,0.96,b
362S137-54,50,15.0,9,24,2.13,a
362S137-68,50,15.0,9,24,3.12,a
362S137-33,33,15.0,9,24,0.65,c
600S137-43,33,15.0,9,24,1.33,a
362S162-54,33,15.0,9,24,2.86,a
362S162-68,50,15.0,9,24,4.0,a
362S162-97,50,15.0,9,24,6.19,a
362S162-97,50,15.0,9,24,0.93,b
362S162-33,33,15.0,9,24,1.92,a
362S200-54,33,15.0,9,24,3.72,a
600S162-68,50,15.0,9,24,6.32,a
600S162-97,50,15.0,9,24,7.72,a
600S162-43,33,15.0,9,24,2.28,a
362S250-54,33,15.0,9,24,4.35,a
600S200-68,50,15.0,9,24,5.95,a
600S200-97,33,15.0,9,24,8.87,a
362S137-43,33,15.0,9,12,1.38,a
362S137-54,50,15.0,9,12,2.35,a
362S137-68,50,15.0,9,12,3.23,a
362S137-33,33,15.0,9,12,1.11,a
600S137-43,33,15.0,9,12,1.63,a
362S162-54,33,15.0,9,12,3.06,a
362S162-68,50,15.0,9,12,4.06,a
362S162-97,50,15.0,9,12,6.05,a
362S162-97,50,15.0,9,12,1.43,a
362S162-33,33,15.0,9,12,2.35,a
362S200-54,33,15.0,9,12,3.89,a
600S162-68,50,15.0,9,12,6.35,a
600S162-97,50,15.0,9,12,7.45,a
600S162-43,33,15.0,9,12,2.77,a
362S250-54,33,15.0,9,12,4.59,a
600S200-68,50,15.0,9,12,5.96,a
600S200-97,33,15.0,9,12,8.61,a
362S137-43,33,15.0,10,16,1.13,b
362S137-54,50,15.0,10,16,2.17,a
362S137-68,50,15.0,10,16,3.07,a
362S137-33,33,15.0,10,16,0.85,b
600S137-43,33,15.0,10,16,1.4,a
362S162-54,33,15.0,10,16,2.86,a
362S162-68,50,15.0,10,16,3.88,a
362S162-97,50,15.0,10,16,5.87,a
362S162-97,50,15.0,10,16,1.14,a
362S162-33,33,15.0,10,16,2.07,a
362S200-54,33,15.0,10,16,3.67,a
600S162-68,50,15.0,10,16,6.08,a
600S162-97,50,15.0,10,16,7.27,a
600S162-43,33,15.0,10,16,2.47,a
362S250-54,33,15.0,10,16,4.33,a
600S200-68,50,15.0,10,16,5.72,a
600S200-97,33,15.0,10,16,8.39,a
362S137-43,33,15.0,10,24,0.65,d
362S137-54,50,15.0,10,24,1.79,c
362S137-68,50,15.0,10,24,2.74,b
362S137-33,33,15.0,10,24,0.33,d
600S137-43,33,15.0,10,24,0.93,c
362S162-54,33,15.0,10,24,2.45,b
362S162-68,50,15.0,10,24,3.52,a
362S162-97,50,15.0,10,24,5.51,a
362S162-97,50,15.0,10,24,0.56,c
362S162-33,33,15.0,10,24,1.52,b
362S200-54,33,15.0,10,24,3.21,a
600S162-68,50,15.0,10,24,5.55,a
600S162-97,50,15.0,10,24,6.89,a
600S162-43,33,15.0,10,24,1.86,a
362S250-54,33,15.0,10,24,3.82,a
600S200-68,50,15.0,10,24,5.24,a
600S200-97,33,15.0,10,24,7.95,a
362S137-43,33,15.0,10,12,0.96,c
362S137-54,50,15.0,10,12,1.82,b
362S137-68,50,15.0,10,12,2.58,a
362S137-33,33,15.0,10,12,0.69,d
600S137-43,33,15.0,10,12,1.32,b
362S162-54,33,15.0,10,12,2.35,a
362S162-68,50,15.0,10,12,3.19,a
362S162-97,50,15.0,10,12,4.78,a
362S162-97,50,15.0,10,12,0.95,c
362S162-33,33,15.0,10,12,1.77,a
362S200-54,33,15.0,10,12,2.99,a
600S162-68,50,15.0,10,12,4.95,a
600S162-97,50,15.0,10,12,5.89,a
600S162-43,33,15.0,10,12,2.13,a
362S250-54,33,15.0,10,12,3.55,a
600S200-68,50,15.0,10,12,4.68,a
600S200-97,33,15.0,10,12,6.87,a
362S137-43,33,15.0,12,16,0.64,d
362S137-54,50,15.0,12,16,1.59,c
362S137-68,50,15.0,12,16,2.38,b
362S137-33,33,15.0,12,16,0.35,e
600S137-43,33,15.0,12,16,0.99,d
362S162-54,33,15.0,12,16,2.1,c
362S162-68,50,15.0,12,16,2.98,b
362S162-97,50,15.0,12,16,4.57,a
362S162-97,50,15.0,12,16,0.57,d
362S162-33,33,15.0,12,16,1.42,c
362S200-54,33,15.0,12,16,2.72,b
600S162-68,50,15.0,12,16,4.63,a
600S162-97,50,15.0,12,16,5.67,a
600S162-43,33,15.0,12,16,1.73,b
362S250-54,33,15.0,12,16,3.25,a
600S200-68,50,15.0,12,16,4.4,a
600S200-97,33,15.0,12,16,6.61,a
362S137-43,33,15.0,12,12,0.54,e
362S137-54,50,15.0,12,12,1.33,d
362S137-68,50,15.0,12,12,1.98,c
362S137-33,33,15.0,12,12,0.28,e
600S137-43,33,15.0,12,12,0.84,d
362S162-54,33,15.0,12,12,1.73,d
362S162-68,50,15.0,12,12,2.44,c
362S162-97,50,15.0,12,12,3.7,a
362S162-97,50,15.0,12,12,0.47,e
362S162-33,33,15.0,12,12,1.2,d
362S200-54,33,15.0,12,12,2.21,c
600S162-68,50,15.0,12,12,3.75,b
600S162-97,50,15.0,12,12,4.59,a
600S162-43,33,15.0,12,12,1.48,c
362S250-54,33,15.0,12,12,2.64,b
600S200-68,50,15.0,12,12,3.58,a
600S200-97,33,15.0,12,12,5.37,a
600S200-68,33,15.0,,12,9.54,a
800S137-97,50,15.0,,12,15.01,a
800S137-118,50,15.0,,12,19.3,a
800S137-43,33,15.0,,12,4.39,a
800S137-54,33,15.0,,12,7.36,a
600S250-68,33,15.0,,12,10.67,a
800S162-97,50,15.0,,12,17.63,a
800S162-118,50,15.0,,12,22.51,a
800S162-54,50,15.0,,12,7.67,a
600S300-68,50,15.0,,12,10.85,a
600S300-97,50,15.0,,12,18.94,a
600S300-118,33,15.0,,12,24.61,a
800S200-54,33,15.0,,12,9.96,a
600S350-68,33,15.0,,12,14.45,a
600S350-97,50,15.0,,12,23.56,a
600S350-118,50,15.0,,12,31.11,a
600S200-68,33,15.0,8,16,9.42,a
800S137-97,50,15.0,8,16,14.89,a
800S137-118,50,15.0,8,16,19.18,a
800S137-43,33,15.0,8,16,4.27,a
800S137-54,33,15.0,8,16,7.24,a
600S250-68,33,15.0,8,16,10.54,a
800S162-97,50,15.0,8,16,17.49,a
800S162-118,50,15.0,8,16,22.36,a
800S162-54,50,15.0,8,16,7.55,a
600S300-68,50,15.0,8,16,10.73,a
600S300-97,50,15.0,8,16,18.8,a
600S300-118,33,15.0,8,16,24.47,a
800S200-54,33,15.0,8,16,9.83,a
600S350-68,33,15.0,8,16,14.32,a
600S350-97,50,15.0,8,16,23.41,a
600S350-118,50,15.0,8,16,30.95,a
600S200-68,33,15.0,8,24,9.18,a
800S137-97,50,15.0,8,24,14.66,a
800S137-118,50,15.0,8,24,18.94,a
800S137-43,33,15.0,8,24,4.01,a
800S137-54,33,15.0,8,24,7.01,a
600S250-68,33,15.0,8,24,10.28,a
800S162-97,50,15.0,8,24,17.21,a
800S162-118,50,15.0,8,24,22.07,a
800S162-54,50,15.0,8,24,7.31,a
600S300-68,50,15.0,8,24,10.48,a
600S300-97,50,15.0,8,24,18.53,a
600S300-118,33,15.0,8,24,24.18,a
800S200-54,33,15.0,8,24,9.58,a
600S350-68,33,15.0,8,24,14.04,a
600S350-97,50,15.0,8,24,23.11,a
600S350-118,50,15.0,8,24,30.65,a
600S200-68,33,15.0,8,12,9.32,a
800S137-97,50,15.0,8,12,14.72,a
800S137-118,50,15.0,8,12,18.95,a
800S137-43,33,15.0,8,12,4.26,a
800S137-54,33,15.0,8,12,7.18,a
600S250-68,33,15.0,8,12,10.42,a
800S162-97,50,15.0,8,12,17.23,a
800S162-118,50,15.0,8,12,22.03,a
800S162-54,50,15.0,8,12,7.48,a
600S300-68,50,15.0,8,12,10.61,a
600S300-97,50,15.0,8,12,18.52,a
600S300-118,33,15.0,8,12,24.11,a
800S200-54,33,15.0,8,12,9.71,a
600S350-68,33,15.0,8,12,14.14,a
600S350-97,50,15.0,8,12,23.07,a
600S350-118,50,15.0,8,12,30.33,a
600S200-68,33,15.0,9,16,9.17,a
800S137-97,50,15.0,9,16,14.58,a
800S137-118,50,15.0,9,16,18.8,a
800S137-43,33,15.0,9,16,4.1,a
800S137-54,33,15.0,9,16,7.03,a
600S250-68,33,15.0,9,16,10.26,a
800S162-97,50,15.0,9,16,17.06,a
800S162-118,50,15.0,9,16,21.85,a
800S162-54,50,15.0,9,16,7.33,a
600S300-68,50,15.0,9,16,10.46,a
600S300-97,50,15.0,9,16,18.35,a
600S300-118,33,15.0,9,16,23.93,a
800S200-54,33,15.0,9,16,9.56,a
600S350-68,33,15.0,9,16,13.97,a
600S350-97,50,15.0,9,16,22.88,a
600S350-118,50,15.0,9,16,30.13,a
600S200-68,33,15.0,9,24,8.87,a
800S137-97,50,15.0,9,24,14.29,a
800S137-118,50,15.0,9,24,18.5,a
800S137-43,33,15.0,9,24,3.78,a
800S137-54,33,15.0,9,24,6.74,a
600S250-68,33,15.0,9,24,9.94,a
800S162-97,50,15.0,9,24,16.71,a
800S162-118,50,15.0,9,24,21.49,a
800S162-54,50,15.0,9,24,7.04,a
600S300-68,50,15.0,9,24,10.14,a
600S300-97,50,15.0,9,24,18.0,a
600S300-118,33,15.0,9,24,23.57,a
800S200-54,33,15.0,9,24,9.24,a
600S350-68,33,15.0,9,24,13.63,a
600S350-97,50,15.0,9,24,22.51,a
600S350-118,50,15.0,9,24,29.75,a
600S200-68,33,15.0,9,12,9.07,a
800S137-97,50,15.0,9,12,14.38,a
800S137-118,50,15.0,9,12,18.53,a
800S137-43,33,15.0,9,12,4.11,a
800S137-54,33,15.0,9,12,6.98,a
600S250-68,33,15.0,9,12,10.14,a
800S162-97,50,15.0,9,12,16.77,a
800S162-118,50,15.0,9,12,21.46,a
800S162-54,50,15.0,9,12,7.27,a
600S300-68,50,15.0,9,12,10.34,a
600S300-97,50,15.0,9,12,18.03,a
600S300-118,33,15.0,9,12,23.53,a
800S200-54,33,15.0,9,12,9.44,a
600S350-68,33,15.0,9,12,13.78,a
600S350-97,50,15.0,9,12,22.52,a
600S350-118,50,15.0,9,12,29.44,a
600S200-68,33,15.0,10,16,8.89,a
800S137-97,50,15.0,10,16,14.21,a
800S137-118,50,15.0,10,16,18.35,a
800S137-43,33,15.0,10,16,3.91,a
800S137-54,33,15.0,10,16,6.8,a
600S250-68,33,15.0,10,16,9.94,a
800S162-97,50,15.0,10,16,16.56,a
800S162-118,50,15.0,10,16,21.24,a
800S162-54,50,15.0,10,16,7.09,a
600S300-68,50,15.0,10,16,10.15,a
600S300-97,50,15.0,10,16,17.82,a
600S300-118,33,15.0,10,16,23.31,a
800S200-54,33,15.0,10,16,9.25,a
600S350-68,33,15.0,10,16,13.57,a
600S350-97,50,15.0,10,16,22.3,a
600S350-118,50,15.0,10,16,29.21,a
600S200-68,33,15.0,10,24,8.52,a
800S137-97,50,15.0,10,24,13.86,a
800S137-118,50,15.0,10,24,17.98,a
800S137-43,33,15.0,10,24,3.52,a
800S137-54,33,15.0,10,24,6.44,a
600S250-68,33,15.0,10,24,9.55,a
800S162-97,50,15.0,10,24,16.14,a
800S162-118,50,15.0,10,24,20.81,a
800S162-54,50,15.0,10,24,6.73,a
600S300-68,50,15.0,10,24,9.76,a
600S300-97,50,15.0,10,24,17.4,a
600S300-118,33,15.0,10,24,22.88,a
800S200-54,33,15.0,10,24,8.87,a
600S350-68,33,15.0,10,24,13.16,a
600S350-97,50,15.0,10,24,21.85,a
600S350-118,50,15.0,10,24,28.75,a
600S200-68,33,15.0,10,12,8.44,a
800S137-97,50,15.0,10,12,13.52,a
800S137-118,50,15.0,10,12,17.45,a
800S137-43,33,15.0,10,12,3.76,a
800S137-54,33,15.0,10,12,6.49,a
600S250-68,33,15.0,10,12,9.47,a
800S162-97,50,15.0,10,12,15.66,a
800S162-118,50,15.0,10,12,20.07,a
800S162-54,50,15.0,10,12,6.77,a
600S300-68,50,15.0,10,12,9.74,a
600S300-97,50,15.0,10,12,16.88,a
600S300-118,33,15.0,10,12,22.19,a
800S200-54,33,15.0,10,12,8.8,a
600S350-68,33,15.0,10,12,12.95,a
600S350-97,50,15.0,10,12,21.3,a
600S350-118,50,15.0,10,12,27.39,a
600S200-68,33,15.0,12,16,8.19,a
800S137-97,50,15.0,12,16,13.29,a
800S137-118,50,15.0,12,16,17.2,a
800S137-43,33,15.0,12,16,3.48,a
800S137-54,33,15.0,12,16,6.24,a
600S250-68,33,15.0,12,16,9.2,a
800S162-97,50,15.0,12,16,15.37,a
800S162-118,50,15.0,12,16,19.78,a
800S162-54,50,15.0,12,16,6.52,a
600S300-68,50,15.0,12,16,9.47,a
600S300-97,50,15.0,12,16,16.6,a
600S300-118,33,15.0,12,16,21.89,a
800S200-54,33,15.0,12,16,8.54,a
600S350-68,33,15.0,12,16,12.67,a
600S350-97,50,15.0,12,16,20.99,a
600S350-118,50,15.0,12,16,27.08,a
600S200-68,33,15.0,12,24,7.69,a
800S137-97,50,15.0,12,24,12.81,a
800S137-118,50,15.0,12,24,16.69,a
800S137-43,33,15.0,12,24,2.93,a
800S137-54,33,15.0,12,24,5.75,a
600S250-68,33,15.0,12,24,8.66,a
800S162-97,50,15.0,12,24,14.79,a
800S162-118,50,15.0,12,24,19.18,a
800S162-54,50,15.0,12,24,6.02,a
600S300-68,50,15.0,12,24,8.94,a
600S300-97,50,15.0,12,24,16.02,a
600S300-118,33,15.0,12,24,21.3,a
800S200-54,33,15.0,12,24,8.01,a
600S350-68,33,15.0,12,24,12.1,a
600S350-97,50,15.0,12,24,20.37,a
600S350-118,50,15.0,12,24,26.46,a
600S200-68,33,15.0,12,12,7.66,a
800S137-97,50,15.0,12,12,12.43,a
800S137-118,50,15.0,12,12,16.05,a
800S137-43,33,15.0,12,12,3.35,a
800S137-54,33,15.0,12,12,5.95,a
600S250-68,33,15.0,12,12,8.69,a
800S162-97,50,15.0,12,12,14.31,a
800S162-118,50,15.0,12,12,18.39,a
800S162-54,50,15.0,12,12,6.19,a
600S300-68,50,15.0,12,12,9.05,a
600S300-97,50,15.0,12,12,15.55,a
600S300-118,33,15.0,12,12,20.71,a
800S200-54,33,15.0,12,12,8.07,a
600S350-68,33,15.0,12,12,11.99,a
600S350-97,50,15.0,12,12,19.72,a
600S350-118,50,15.0,12,12,25.05,a
600S200-68,33,15.0,14,16,7.35,a
800S137-97,50,15.0,14,16,12.12,a
800S137-118,50,15.0,14,16,15.73,a
800S137-43,33,15.0,14,16,2.99,a
800S137-54,33,15.0,14,16,5.63,a
600S250-68,33,15.0,14,16,8.34,a
800S162-97,50,15.0,14,16,13.94,a
800S162-118,50,15.0,14,16,18.01,a
800S162-54,50,15.0,14,16,5.86,a
600S300-68,50,15.0,14,16,8.7,a
600S300-97,50,15.0,14,16,15.19,a
600S300-118,33,15.0,14,16,20.32,a
800S200-54,33,15.0,14,16,7.73,a
600S350-68,33,15.0,14,16,11.63,a
600S350-97,50,15.0,14,16,19.32,a
600S350-118,50,15.0,14,16,24.66,a
600S200-68,33,15.0,14,24,6.71,a
800S137-97,50,15.0,14,24,11.51,a
800S137-118,50,15.0,14,24,15.09,a
800S137-43,33,15.0,14,24,2.26,a
800S137-54,33,15.0,14,24,4.99,a
600S250-68,33,15.0,14,24,7.64,a
800S162-97,50,15.0,14,24,13.21,a
800S162-118,50,15.0,14,24,17.26,a
800S162-54,50,15.0,14,24,5.22,a
600S300-68,50,15.0,14,24,8.0,a
600S300-97,50,15.0,14,24,14.46,a
600S300-118,33,15.0,14,24,19.55,a
800S200-54,33,15.0,14,24,7.05,a
600S350-68,33,15.0,14,24,10.89,a
600S350-97,50,15.0,14,24,18.53,a
600S350-118,50,15.0,14,24,23.88,a
600S200-68,33,15.0,14,12,6.78,a
800S137-97,50,15.0,14,12,11.15,a
800S137-118,50,15.0,14,12,14.42,a
800S137-43,33,15.0,14,12,2.89,a
800S137-54,33,15.0,14,12,5.41,a
600S250-68,33,15.0,14,12,7.85,a
800S162-97,50,15.0,14,12,12.81,a
800S162-118,50,15.0,14,12,16.5,a
800S162-54,50,15.0,14,12,5.55,a
600S300-68,50,15.0,14,12,8.28,a
600S300-97,50,15.0,14,12,14.13,a
600S300-118,33,15.0,14,12,18.67,a
800S200-54,33,15.0,14,12,7.27,a
600S350-68,33,15.0,14,12,10.94,a
600S350-97,50,15.0,14,12,17.69,a
600S350-118,50,15.0,14,12,22.54,a
600S200-68,33,15.0,16,16,6.4,a
800S137-97,50,15.0,16,16,10.79,a
800S137-118,50,15.0,16,16,14.04,a
800S137-43,33,15.0,16,16,2.44,a
800S137-54,33,15.0,16,16,5.0,a
600S250-68,33,15.0,16,16,7.42,a
800S162-97,50,15.0,16,16,12.37,a
800S162-118,50,15.0,16,16,16.05,a
800S162-54,50,15.0,16,16,5.15,a
600S300-68,50,15.0,16,16,7.85,a
600S300-97,50,15.0,16,16,13.68,a
600S300-118,33,15.0,16,16,18.21,a
800S200-54,33,15.0,16,16,6.86,a
600S350-68,33,15.0,16,16,10.49,a
600S350-97,50,15.0,16,16,17.22,a
600S350-118,50,15.0,16,16,22.07,a
600S200-68,33,15.0,16,24,5.64,a
800S137-97,50,15.0,16,24,10.06,a
800S137-118,50,15.0,16,24,13.27,a
800S137-43,33,15.0,16,24,1.53,c
800S137-54,33,15.0,16,24,4.2,b
600S250-68,33,15.0,16,24,6.57,a
800S162-97,50,15.0,16,24,11.49,a
800S162-118,50,15.0,16,24,15.15,a
800S162-54,50,15.0,16,24,4.35,a
600S300-68,50,15.0,16,24,6.99,a
600S300-97,50,15.0,16,24,12.8,a
600S300-118,33,15.0,16,24,17.29,a
800S200-54,33,15.0,16,24,6.03,a
600S350-68,33,15.0,16,24,9.59,a
600S350-97,50,15.0,16,24,16.27,a
600S350-118,50,15.0,16,24,21.14,a
600S200-68,33,15.0,16,12,2.29,a
800S137-97,50,15.0,16,12,3.45,a
800S137-118,50,15.0,16,12,4.63,a
800S137-43,33,15.0,16,12,7.13,a
800S137-54,33,15.0,16,12,2.17,a
600S250-68,33,15.0,16,12,3.19,a
800S162-97,50,15.0,16,12,5.28,a
800S162-118,50,15.0,16,12,7.09,a
800S162-54,50,15.0,16,12,11.12,a
600S300-68,50,15.0,16,12,14.18,a
600S300-97,50,15.0,16,12,2.73,a
600S300-118,33,15.0,16,12,4.31,a
800S200-54,33,15.0,16,12,7.58,a
600S350-68,33,15.0,16,12,10.1,a
600S350-97,50,15.0,16,12,15.8,a
600S350-118,50,15.0,16,12,20.27,a
600S200-68,33,15.0,8,16,2.22,a
800S137-97,50,15.0,8,16,3.39,a
800S137-118,50,15.0,8,16,4.57,a
800S137-43,33,15.0,8,16,7.09,a
800S137-54,33,15.0,8,16,2.07,a
600S250-68,33,15.0,8,16,3.1,a
800S162-97,50,15.0,8,16,5.2,a
800S162-118,50,15.0,8,16,7.02,a
800S162-54,50,15.0,8,16,11.05,a
600S300-68,50,15.0,8,16,14.11,a
600S300-97,50,15.0,8,16,2.62,a
600S300-118,33,15.0,8,16,4.23,a
800S200-54,33,15.0,8,16,7.49,a
600S350-68,33,15.0,8,16,10.02,a
600S350-97,50,15.0,8,16,15.72,a
600S350-118,50,15.0,8,16,20.18,a
600S200-68,33,15.0,8,24,2.08,a
800S137-97,50,15.0,8,24,3.28,a
800S137-118,50,15.0,8,24,4.47,a
800S137-43,33,15.0,8,24,6.99,a
800S137-54,33,15.0,8,24,1.86,a
600S250-68,33,15.0,8,24,2.94,a
800S162-97,50,15.0,8,24,5.06,a
800S162-118,50,15.0,8,24,6.88,a
800S162-54,50,15.0,8,24,10.92,a
600S300-68,50,15.0,8,24,13.98,a
600S300-97,50,15.0,8,24,2.39,a
600S300-118,33,15.0,8,24,4.06,a
800S200-54,33,15.0,8,24,7.32,a
600S350-68,33,15.0,8,24,9.85,a
600S350-97,50,15.0,8,24,15.56,a
600S350-118,50,15.0,8,24,20.02,a
600S200-68,33,15.0,8,12,2.23,a
800S137-97,50,15.0,8,12,3.4,a
800S137-118,50,15.0,8,12,4.58,a
800S137-43,33,15.0,8,12,7.1,a
800S137-54,33,15.0,8,12,2.09,a
600S250-68,33,15.0,8,12,3.12,a
800S162-97,50,15.0,8,12,5.22,a
800S162-118,50,15.0,8,12,7.03,a
800S162-54,50,15.0,8,12,11.06,a
600S300-68,50,15.0,8,12,14.13,a
600S300-97,50,15.0,8,12,2.64,a
600S300-118,33,15.0,8,12,4.25,a
800S200-54,33,15.0,8,12,7.51,a
600S350-68,33,15.0,8,12,10.04,a
600S350-97,50,15.0,8,12,15.73,a
600S350-118,50,15.0,8,12,20.2,a
600S200-68,33,15.0,9,16,2.15,a
800S137-97,50,15.0,9,16,3.34,a
800S137-118,50,15.0,9,16,4.52,a
800S137-43,33,15.0,9,16,7.04,a
800S137-54,33,15.0,9,16,1.96,a
600S250-68,33,15.0,9,16,3.01,a
800S162-97,50,15.0,9,16,5.13,a
800S162-118,50,15.0,9,16,6.94,a
800S162-54,50,15.0,9,16,10.98,a
600S300-68,50,15.0,9,16,14.04,a
600S300-97,50,15.0,9,16,2.5,a
600S300-118,33,15.0,9,16,4.14,a
800S200-54,33,15.0,9,16,7.4,a
600S350-68,33,15.0,9,16,9.93,a
600S350-97,50,15.0,9,16,15.63,a
600S350-118,50,15.0,9,16,20.09,a
600S200-68,33,15.0,9,24,1.97,a
800S137-97,50,15.0,9,24,3.2,a
800S137-118,50,15.0,9,24,4.38,a
800S137-43,33,15.0,9,24,6.91,a
800S137-54,33,15.0,9,24,1.69,a
600S250-68,33,15.0,9,24,2.8,a
800S162-97,50,15.0,9,24,4.94,a
800S162-118,50,15.0,9,24,6.76,a
800S162-54,50,15.0,9,24,10.81,a
600S300-68,50,15.0,9,24,13.88,a
600S300-97,50,15.0,9,24,2.21,a
600S300-118,33,15.0,9,24,3.92,a
800S200-54,33,15.0,9,24,7.19,a
600S350-68,33,15.0,9,24,9.72,a
600S350-97,50,15.0,9,24,15.43,a
600S350-118,50,15.0,9,24,19.88,a
600S200-68,33,15.0,9,12,2.17,a
800S137-97,50,15.0,9,12,3.36,a
800S137-118,50,15.0,9,12,4.54,a
800S137-43,33,15.0,9,12,7.05,a
800S137-54,33,15.0,9,12,2.0,a
600S250-68,33,15.0,9,12,3.05,a
800S162-97,50,15.0,9,12,5.15,a
800S162-118,50,15.0,9,12,6.97,a
800S162-54,50,15.0,9,12,11.01,a
600S300-68,50,15.0,9,12,14.07,a
600S300-97,50,15.0,9,12,2.54,a
600S300-118,33,15.0,9,12,4.17,a
800S200-54,33,15.0,9,12,7.43,a
600S350-68,33,15.0,9,12,9.96,a
600S350-97,50,15.0,9,12,15.66,a
600S350-118,50,15.0,9,12,20.13,a
600S200-68,33,15.0,10,16,2.06,a
800S137-97,50,15.0,10,16,3.27,a
800S137-118,50,15.0,10,16,4.46,a
800S137-43,33,15.0,10,16,6.98,a
800S137-54,33,15.0,10,16,1.83,a
600S250-68,33,15.0,10,16,2.92,a
800S162-97,50,15.0,10,16,5.04,a
800S162-118,50,15.0,10,16,6.86,a
800S162-54,50,15.0,10,16,10.9,a
600S300-68,50,15.0,10,16,13.96,a
600S300-97,50,15.0,10,16,2.36,a
600S300-118,33,15.0,10,16,4.03,a
800S200-54,33,15.0,10,16,7.3,a
600S350-68,33,15.0,10,16,9.83,a
600S350-97,50,15.0,10,16,15.54,a
600S350-118,50,15.0,10,16,20.0,a
600S200-68,33,15.0,10,24,1.85,a
800S137-97,50,15.0,10,24,3.1,a
800S137-118,50,15.0,10,24,4.29,a
800S137-43,33,15.0,10,24,6.83,a
800S137-54,33,15.0,10,24,1.51,a
600S250-68,33,15.0,10,24,2.66,a
800S162-97,50,15.0,10,24,4.81,a
800S162-118,50,15.0,10,24,6.64,a
800S162-54,50,15.0,10,24,10.7,a
600S300-68,50,15.0,10,24,13.76,a
600S300-97,50,15.0,10,24,2.01,a
600S300-118,33,15.0,10,24,3.76,a
800S200-54,33,15.0,10,24,7.04,a
600S350-68,33,15.0,10,24,9.57,a
600S350-97,50,15.0,10,24,15.29,a
600S350-118,50,15.0,10,24,19.73,a
600S200-68,33,15.0,10,12,2.03,a
800S137-97,50,15.0,10,12,3.24,a
800S137-118,50,15.0,10,12,4.43,a
800S137-43,33,15.0,10,12,6.96,a
800S137-54,33,15.0,10,12,1.78,a
600S250-68,33,15.0,10,12,2.87,a
800S162-97,50,15.0,10,12,5.0,a
800S162-118,50,15.0,10,12,6.82,a
800S162-54,50,15.0,10,12,10.87,a
600S300-68,50,15.0,10,12,13.93,a
600S300-97,50,15.0,10,12,2.3,a
600S300-118,33,15.0,10,12,3.98,a
800S200-54,33,15.0,10,12,7.25,a
600S350-68,33,15.0,10,12,9.79,a
600S350-97,50,15.0,10,12,15.5,a
600S350-118,50,15.0,10,12,19.95,a
600S200-68,33,15.0,12,16,1.87,a
800S137-97,50,15.0,12,16,3.12,a
800S137-118,50,15.0,12,16,4.31,a
800S137-43,33,15.0,12,16,6.85,a
800S137-54,33,15.0,12,16,1.55,a
600S250-68,33,15.0,12,16,2.69,a
800S162-97,50,15.0,12,16,4.84,a
800S162-118,50,15.0,12,16,6.66,a
800S162-54,50,15.0,12,16,10.72,a
600S300-68,50,15.0,12,16,13.78,a
600S300-97,50,15.0,12,16,2.05,a
600S300-118,33,15.0,12,16,3.79,a
800S200-54,33,15.0,12,16,7.06,a
600S350-68,33,15.0,12,16,9.6,a
600S350-97,50,15.0,12,16,15.32,a
600S350-118,50,15.0,12,16,19.76,a
600S200-68,33,15.0,12,24,1.56,a
800S137-97,50,15.0,12,24,2.87,a
800S137-118,50,15.0,12,24,4.07,a
800S137-43,33,15.0,12,24,6.63,a
800S137-54,33,15.0,12,24,1.08,a
600S250-68,33,15.0,12,24,2.31,a
800S162-97,50,15.0,12,24,4.51,a
800S162-118,50,15.0,12,24,6.34,a
800S162-54,50,15.0,12,24,10.43,a
600S300-68,50,15.0,12,24,13.49,a
600S300-97,50,15.0,12,24,1.54,a
600S300-118,33,15.0,12,24,3.4,a
800S200-54,33,15.0,12,24,6.68,a
600S350-68,33,15.0,12,24,9.23,a
600S350-97,50,15.0,12,24,14.96,a
600S350-118,50,15.0,12,24,19.39,a
600S200-68,33,15.0,12,12,1.86,a
800S137-97,50,15.0,12,12,3.11,a
800S137-118,50,15.0,12,12,4.3,a
800S137-43,33,15.0,12,12,6.84,a
800S137-54,33,15.0,12,12,1.53,a
600S250-68,33,15.0,12,12,2.67,a
800S162-97,50,15.0,12,12,4.82,a
800S162-118,50,15.0,12,12,6.65,a
800S162-54,50,15.0,12,12,10.71,a
600S300-68,50,15.0,12,12,13.77,a
600S300-97,50,15.0,12,12,2.0,a
600S300-118,33,15.0,12,12,3.71,a
800S200-54,33,15.0,12,12,6.88,a
600S350-68,33,15.0,12,12,9.41,a
600S350-97,50,15.0,12,12,15.21,a
600S350-118,50,15.0,12,12,19.75,a
600S200-68,33,15.0,14,16,1.65,a
800S137-97,50,15.0,14,16,2.94,a
800S137-118,50,15.0,14,16,4.14,a
800S137-43,33,15.0,14,16,6.69,a
800S137-54,33,15.0,14,16,1.21,a
600S250-68,33,15.0,14,16,2.42,a
800S162-97,50,15.0,14,16,4.6,a
800S162-118,50,15.0,14,16,6.43,a
800S162-54,50,15.0,14,16,10.51,a
600S300-68,50,15.0,14,16,13.57,a
600S300-97,50,15.0,14,16,1.66,a
600S300-118,33,15.0,14,16,3.45,a
800S200-54,33,15.0,14,16,6.63,a
600S350-68,33,15.0,14,16,9.16,a
600S350-97,50,15.0,14,16,14.97,a
600S350-118,50,15.0,14,16,19.49,a
600S200-68,33,15.0,14,24,1.22,a
800S137-97,50,15.0,14,24,2.61,a
800S137-118,50,15.0,14,24,3.81,a
800S137-43,33,15.0,14,24,6.4,a
800S137-54,33,15.0,14,24,0.57,a
600S250-68,33,15.0,14,24,1.9,a
800S162-97,50,15.0,14,24,4.15,a
800S162-118,50,15.0,14,24,6.0,a
800S162-54,50,15.0,14,24,10.11,a
600S300-68,50,15.0,14,24,13.17,a
600S300-97,50,15.0,14,24,0.98,a
600S300-118,33,15.0,14,24,2.93,a
800S200-54,33,15.0,14,24,6.12,a
600S350-68,33,15.0,14,24,8.66,a
600S350-97,50,15.0,14,24,14.48,a
600S350-118,50,15.0,14,24,18.98,a
600S200-68,33,15.0,14,12,1.67,a
800S137-97,50,15.0,14,12,2.96,a
800S137-118,50,15.0,14,12,4.15,a
800S137-43,33,15.0,14,12,6.7,a
800S137-54,33,15.0,14,12,1.23,a
600S250-68,33,15.0,14,12,2.44,a
800S162-97,50,15.0,14,12,4.62,a
800S162-118,50,15.0,14,12,6.45,a
800S162-54,50,15.0,14,12,10.53,a
600S300-68,50,15.0,14,12,13.59,a
600S300-97,50,15.0,14,12,1.66,a
600S300-118,33,15.0,14,12,3.39,a
800S200-54,33,15.0,14,12,6.42,a
600S350-68,33,15.0,14,12,8.86,a
600S350-97,50,15.0,14,12,14.48,a
600S350-118,50,15.0,14,12,18.95,a
600S200-68,33,15.0,16,16,1.39,a
800S137-97,50,15.0,16,16,2.74,a
800S137-118,50,15.0,16,16,3.94,a
800S137-43,33,15.0,16,16,6.51,a
800S137-54,33,15.0,16,16,0.82,a
600S250-68,33,15.0,16,16,2.1,a
800S162-97,50,15.0,16,16,4.33,a
800S162-118,50,15.0,16,16,6.17,a
800S162-54,50,15.0,16,16,10.26,a
600S300-68,50,15.0,16,16,13.32,a
600S300-97,50,15.0,16,16,1.22,a
600S300-118,33,15.0,16,16,3.06,a
800S200-54,33,15.0,16,16,6.1,a
600S350-68,33,15.0,16,16,8.54,a
600S350-97,50,15.0,16,16,14.17,a
600S350-118,50,15.0,16,16,18.63,a
800S250-68,33,15.0,,12,11.55,a
800S250-97,50,15.0,,12,19.35,a
800S250-118,50,15.0,,12,25.22,a
800S250-54,50,15.0,,12,8.3,a
800S300-68,50,15.0,,12,11.82,a
800S300-97,50,15.0,,12,21.11,a
800S300-118,50,15.0,,12,27.58,a
800S300-54,50,15.0,,12,10.74,a
800S350-68,50,15.0,,12,15.54,a
800S350-97,50,15.0,,12,25.64,a
800S350-118,50,15.0,,12,34.09,a
800S250-68,33,15.0,8,16,11.46,a
800S250-97,50,15.0,8,16,19.24,a
800S250-118,50,15.0,8,16,25.11,a
800S250-54,50,15.0,8,16,8.2,a
800S300-68,50,15.0,8,16,11.73,a
800S300-97,50,15.0,8,16,21.01,a
800S300-118,50,15.0,8,16,27.47,a
800S300-54,50,15.0,8,16,10.64,a
800S350-68,50,15.0,8,16,15.44,a
800S350-97,50,15.0,8,16,25.53,a
800S350-118,50,15.0,8,16,33.97,a
800S250-68,33,15.0,8,24,11.27,a
800S250-97,50,15.0,8,24,19.04,a
800S250-118,50,15.0,8,24,24.89,a
800S250-54,50,15.0,8,24,8.02,a
800S300-68,50,15.0,8,24,11.55,a
800S300-97,50,15.0,8,24,20.8,a
800S300-118,50,15.0,8,24,27.25,a
800S300-54,50,15.0,8,24,10.45,a
800S350-68,50,15.0,8,24,15.24,a
800S350-97,50,15.0,8,24,25.31,a
800S350-118,50,15.0,8,24,33.74,a
800S250-68,33,15.0,8,12,11.44,a
800S250-97,50,15.0,8,12,19.19,a
800S250-118,50,15.0,8,12,24.99,a
800S250-54,50,15.0,8,12,8.18,a
800S300-68,50,15.0,8,12,11.69,a
800S300-97,50,15.0,8,12,20.88,a
800S300-118,50,15.0,8,12,27.31,a
800S300-54,50,15.0,8,12,10.59,a
800S350-68,50,15.0,8,12,15.36,a
800S350-97,50,15.0,8,12,25.42,a
800S350-118,50,15.0,8,12,33.76,a
800S250-68,33,15.0,9,16,11.32,a
800S250-97,50,15.0,9,16,19.06,a
800S250-118,50,15.0,9,16,24.86,a
800S250-54,50,15.0,9,16,8.06,a
800S300-68,50,15.0,9,16,11.57,a
800S300-97,50,15.0,9,16,20.75,a
800S300-118,50,15.0,9,16,27.17,a
800S300-54,50,15.0,9,16,10.47,a
800S350-68,50,15.0,9,16,15.24,a
800S350-97,50,15.0,9,16,25.28,a
800S350-118,50,15.0,9,16,33.62,a
800S250-68,33,15.0,9,24,11.08,a
800S250-97,50,15.0,9,24,18.8,a
800S250-118,50,15.0,9,24,24.58,a
800S250-54,50,15.0,9,24,7.83,a
800S300-68,50,15.0,9,24,11.34,a
800S300-97,50,15.0,9,24,20.49,a
800S300-118,50,15.0,9,24,26.9,a
800S300-54,50,15.0,9,24,10.22,a
800S350-68,50,15.0,9,24,14.99,a
800S350-97,50,15.0,9,24,25.0,a
800S350-118,50,15.0,9,24,33.33,a
800S250-68,33,15.0,9,12,11.3,a
800S250-97,50,15.0,9,12,19.0,a
800S250-118,50,15.0,9,12,24.72,a
800S250-54,50,15.0,9,12,8.05,a
800S300-68,50,15.0,9,12,11.53,a
800S300-97,50,15.0,9,12,20.61,a
800S300-118,50,15.0,9,12,26.99,a
800S300-54,50,15.0,9,12,10.41,a
800S350-68,50,15.0,9,12,15.16,a
800S350-97,50,15.0,9,12,25.12,a
800S350-118,50,15.0,9,12,33.39,a
800S250-68,33,15.0,10,16,11.16,a
800S250-97,50,15.0,10,16,18.84,a
800S250-118,50,15.0,10,16,24.55,a
800S250-54,50,15.0,10,16,7.9,a
800S300-68,50,15.0,10,16,11.39,a
800S300-97,50,15.0,10,16,20.45,a
800S300-118,50,15.0,10,16,26.82,a
800S300-54,50,15.0,10,16,10.26,a
800S350-68,50,15.0,10,16,15.0,a
800S350-97,50,15.0,10,16,24.95,a
800S350-118,50,15.0,10,16,33.21,a
800S250-68,33,15.0,10,24,10.87,a
800S250-97,50,15.0,10,24,18.53,a
800S250-118,50,15.0,10,24,24.22,a
800S250-54,50,15.0,10,24,7.62,a
800S300-68,50,15.0,10,24,11.11,a
800S300-97,50,15.0,10,24,20.13,a
800S300-118,50,15.0,10,24,26.48,a
800S300-54,50,15.0,10,24,9.97,a
800S350-68,50,15.0,10,24,14.7,a
800S350-97,50,15.0,10,24,24.61,a
800S350-118,50,15.0,10,24,32.86,a
800S250-68,33,15.0,10,12,10.98,a
800S250-97,50,15.0,10,12,18.54,a
800S250-118,50,15.0,10,12,24.0,a
800S250-54,50,15.0,10,12,7.72,a
800S300-68,50,15.0,10,12,11.14,a
800S300-97,50,15.0,10,12,19.92,a
800S300-118,50,15.0,10,12,26.17,a
800S300-54,50,15.0,10,12,9.99,a
800S350-68,50,15.0,10,12,14.66,a
800S350-97,50,15.0,10,12,24.3,a
800S350-118,50,15.0,10,12,32.49,a
800S250-68,33,15.0,12,16,10.77,a
800S250-97,50,15.0,12,16,18.31,a
800S250-118,50,15.0,12,16,23.77,a
800S250-54,50,15.0,12,16,7.52,a
800S300-68,50,15.0,12,16,10.94,a
800S300-97,50,15.0,12,16,19.69,a
800S300-118,50,15.0,12,16,25.93,a
800S300-54,50,15.0,12,16,9.78,a
800S350-68,50,15.0,12,16,14.45,a
800S350-97,50,15.0,12,16,24.06,a
800S350-118,50,15.0,12,16,32.24,a
800S250-68,33,15.0,12,24,10.36,a
800S250-97,50,15.0,12,24,17.86,a
800S250-118,50,15.0,12,24,23.3,a
800S250-54,50,15.0,12,24,7.12,a
800S300-68,50,15.0,12,24,10.54,a
800S300-97,50,15.0,12,24,19.24,a
800S300-118,50,15.0,12,24,25.46,a
800S300-54,50,15.0,12,24,9.37,a
800S350-68,50,15.0,12,24,14.02,a
800S350-97,50,15.0,12,24,23.58,a
800S350-118,50,15.0,12,24,31.74,a
800S250-68,33,15.0,12,12,10.48,a
800S250-97,50,15.0,12,12,17.75,a
800S250-118,50,15.0,12,12,23.02,a
800S250-54,50,15.0,12,12,7.32,a
800S300-68,50,15.0,12,12,10.64,a
800S300-97,50,15.0,12,12,19.03,a
800S300-118,50,15.0,12,12,25.11,a
800S300-54,50,15.0,12,12,9.49,a
800S350-68,50,15.0,12,12,14.04,a
800S350-97,50,15.0,12,12,23.32,a
800S350-118,50,15.0,12,12,31.11,a
800S250-68,33,15.0,14,16,10.2,a
800S250-97,50,15.0,14,16,17.45,a
800S250-118,50,15.0,14,16,22.71,a
800S250-54,50,15.0,14,16,7.05,a
800S300-68,50,15.0,14,16,10.38,a
800S300-97,50,15.0,14,16,18.74,a
800S300-118,50,15.0,14,16,24.8,a
800S300-54,50,15.0,14,16,9.21,a
800S350-68,50,15.0,14,16,13.75,a
800S350-97,50,15.0,14,16,23.0,a
800S350-118,50,15.0,14,16,30.78,a
800S250-68,33,15.0,14,24,9.66,a
800S250-97,50,15.0,14,24,16.85,a
800S250-118,50,15.0,14,24,22.09,a
800S250-54,50,15.0,14,24,6.52,a
800S300-68,50,15.0,14,24,9.85,a
800S300-97,50,15.0,14,24,18.14,a
800S300-118,50,15.0,14,24,24.17,a
800S300-54,50,15.0,14,24,8.66,a
800S350-68,50,15.0,14,24,13.19,a
800S350-97,50,15.0,14,24,22.37,a
800S350-118,50,15.0,14,24,30.13,a
800S250-68,33,15.0,14,12,9.86,a
800S250-97,50,15.0,14,12,16.74,a
800S250-118,50,15.0,14,12,21.78,a
800S250-54,50,15.0,14,12,6.85,a
800S300-68,50,15.0,14,12,10.05,a
800S300-97,50,15.0,14,12,17.98,a
800S300-118,50,15.0,14,12,23.86,a
800S300-54,50,15.0,14,12,8.92,a
800S350-68,50,15.0,14,12,13.31,a
800S350-97,50,15.0,14,12,22.21,a
800S350-118,50,15.0,14,12,29.32,a
800S250-68,33,15.0,16,16,9.52,a
800S250-97,50,15.0,16,16,16.36,a
800S250-118,50,15.0,16,16,21.39,a
800S250-54,50,15.0,16,16,6.51,a
800S300-68,50,15.0,16,16,9.72,a
800S300-97,50,15.0,16,16,17.61,a
800S300-118,50,15.0,16,16,23.47,a
800S300-54,50,15.0,16,16,8.57,a
800S350-68,50,15.0,16,16,12.95,a
800S350-97,50,15.0,16,16,21.82,a
800S350-118,50,15.0,16,16,28.91,a
800S250-68,33,15.0,16,24,8.83,a
800S250-97,50,15.0,16,24,15.62,a
800S250-118,50,15.0,16,24,20.61,a
800S250-54,50,15.0,16,24,5.83,a
800S300-68,50,15.0,16,24,9.05,a
800S300-97,50,15.0,16,24,16.86,a
800S300-118,50,15.0,16,24,22.68,a
800S300-54,50,15.0,16,24,7.87,a
800S350-68,50,15.0,16,24,12.24,a
800S350-97,50,15.0,16,24,21.02,a
800S350-118,50,15.0,16,24,28.1,a
362S137-43,33,20.0,,12,1.58,a
362S137-54,50,20.0,,12,2.71,a
362S137-68,50,20.0,,12,3.7,a
362S137-33,33,20.0,,12,1.32,a
600S137-43,33,20.0,,12,2.0,a
362S162-54,33,20.0,,12,3.54,a
362S162-68,50,20.0,,12,4.72,a
362S162-97,50,20.0,,12,7.08,a
362S162-97,50,20.0,,12,1.67,a
362S162-33,33,20.0,,12,2.69,a
362S200-54,33,20.0,,12,4.55,a
600S162-68,50,20.0,,12,7.4,a
600S162-97,50,20.0,,12,8.78,a
600S162-43,33,20.0,,12,3.09,a
362S250-54,33,20.0,,12,5.19,a
600S200-68,50,20.0,,12,6.99,a
600S200-97,33,20.0,,12,10.08,a
362S137-43,33,20.0,8,16,1.36,a
362S137-54,50,20.0,8,16,2.54,a
362S137-68,50,20.0,8,16,3.55,a
362S137-33,33,20.0,8,16,1.08,a
600S137-43,33,20.0,8,16,1.77,a
362S162-54,33,20.0,8,16,3.35,a
362S162-68,50,20.0,8,16,4.54,a
362S162-97,50,20.0,8,16,6.9,a
362S162-97,50,20.0,8,16,1.4,a
362S162-33,33,20.0,8,16,2.43,a
362S200-54,33,20.0,8,16,4.33,a
600S162-68,50,20.0,8,16,7.14,a
600S162-97,50,20.0,8,16,8.6,a
600S162-43,33,20.0,8,16,2.82,a
362S250-54,33,20.0,8,16,4.95,a
600S200-68,50,20.0,8,16,6.76,a
600S200-97,33,20.0,8,16,9.86,a
362S137-43,33,20.0,8,24,0.92,b
362S137-54,50,20.0,8,24,2.18,a
362S137-68,50,20.0,8,24,3.24,a
362S137-33,33,20.0,8,24,0.6,b
600S137-43,33,20.0,8,24,1.31,a
362S162-54,33,20.0,8,24,2.96,a
362S162-68,50,20.0,8,24,4.19,a
362S162-97,50,20.0,8,24,6.55,a
362S162-97,50,20.0,8,24,0.87,b
362S162-33,33,20.0,8,24,1.92,a
362S200-54,33,20.0,8,24,3.88,a
600S162-68,50,20.0,8,24,6.62,a
600S162-97,50,20.0,8,24,8.22,a
600S162-43,33,20.0,8,24,2.26,a
362S250-54,33,20.0,8,24,4.47,a
600S200-68,50,20.0,8,24,6.29,a
600S200-97,33,20.0,8,24,9.43,a
362S137-43,33,20.0,8,12,1.37,a
362S137-54,50,20.0,8,12,2.45,a
362S137-68,50,20.0,8,12,3.4,a
362S137-33,33,20.0,8,12,1.09,a
600S137-43,33,20.0,8,12,1.75,a
362S162-54,33,20.0,8,12,3.21,a
362S162-68,50,20.0,8,12,4.31,a
362S162-97,50,20.0,8,12,6.5,a
362S162-97,50,20.0,8,12,1.41,a
362S162-33,33,20.0,8,12,2.39,a
362S200-54,33,20.0,8,12,4.12,a
600S162-68,50,20.0,8,12,6.78,a
600S162-97,50,20.0,8,12,8.05,a
600S162-43,33,20.0,8,12,2.79,a
362S250-54,33,20.0,8,12,4.78,a
600S200-68,50,20.0,8,12,6.37,a
600S200-97,33,20.0,8,12,9.26,a
362S137-43,33,20.0,9,16,1.09,b
362S137-54,50,20.0,9,16,2.24,a
362S137-68,50,20.0,9,16,3.22,a
362S137-33,33,20.0,9,16,0.8,b
600S137-43,33,20.0,9,16,1.47,a
362S162-54,33,20.0,9,16,2.98,a
362S162-68,50,20.0,9,16,4.1,a
362S162-97,50,20.0,9,16,6.29,a
362S162-97,50,20.0,9,16,1.09,a
362S162-33,33,20.0,9,16,2.07,a
362S200-54,33,20.0,9,16,3.85,a
600S162-68,50,20.0,9,16,6.47,a
600S162-97,50,20.0,9,16,7.83,a
600S162-43,33,20.0,9,16,2.45,a
362S250-54,33,20.0,9,16,4.49,a
600S200-68,50,20.0,9,16,6.09,a
600S200-97,33,20.0,9,16,9.0,a
362S137-43,33,20.0,9,12,1.13,b
362S137-54,50,20.0,9,12,2.17,a
362S137-68,50,20.0,9,12,3.07,a
362S137-33,33,20.0,9,12,0.85,b
600S137-43,33,20.0,9,12,1.4,a
362S162-54,33,20.0,9,12,2.86,a
362S162-68,50,20.0,9,12,3.88,a
362S162-97,50,20.0,9,12,5.87,a
362S162-97,50,20.0,9,12,1.14,a
362S162-33,33,20.0,9,12,2.07,a
362S200-54,33,20.0,9,12,3.67,a
600S162-68,50,20.0,9,12,6.08,a
600S162-97,50,20.0,9,12,7.27,a
600S162-43,33,20.0,9,12,2.47,a
362S250-54,33,20.0,9,12,4.33,a
600S200-68,50,20.0,9,12,5.72,a
600S200-97,33,20.0,9,12,8.39,a
362S137-43,33,20.0,10,16,0.81,c
362S137-54,50,20.0,10,16,1.92,b
362S137-68,50,20.0,10,16,2.85,a
362S137-33,33,20.0,10,16,0.5,d
600S137-43,33,20.0,10,16,1.09,c
362S162-54,33,20.0,10,16,2.59,a
362S162-68,50,20.0,10,16,3.64,a
362S162-97,50,20.0,10,16,5.63,a
362S162-97,50,20.0,10,16,0.75,c
362S162-33,33,20.0,10,16,1.7,b
362S200-54,33,20.0,10,16,3.36,a
600S162-68,50,20.0,10,16,5.73,a
600S162-97,50,20.0,10,16,7.02,a
600S162-43,33,20.0,10,16,2.06,a
362S250-54,33,20.0,10,16,3.99,a
600S200-68,50,20.0,10,16,5.4,a
600S200-97,33,20.0,10,16,8.1,a
362S137-43,33,20.0,10,12,0.64,d
362S137-54,50,20.0,10,12,1.59,c
362S137-68,50,20.0,10,12,2.38,b
362S137-33,33,20.0,10,12,0.35,e
600S137-43,33,20.0,10,12,0.99,d
362S162-54,33,20.0,10,12,2.1,c
362S162-68,50,20.0,10,12,2.98,b
362S162-97,50,20.0,10,12,4.57,a
362S162-97,50,20.0,10,12,0.57,d
362S162-33,33,20.0,10,12,1.42,c
362S200-54,33,20.0,10,12,2.72,b
600S162-68,50,20.0,10,12,4.63,a
600S162-97,50,20.0,10,12,5.67,a
600S162-43,33,20.0,10,12,1.73,b
362S250-54,33,20.0,10,12,3.25,a
600S200-68,50,20.0,10,12,4.4,a
600S200-97,33,20.0,10,12,6.61,a
600S200-68,33,20.0,,12,9.42,a
800S137-97,50,20.0,,12,14.89,a
800S137-118,50,20.0,,12,19.18,a
800S137-43,33,20.0,,12,4.27,a
800S137-54,33,20.0,,12,7.24,a
600S250-68,33,20.0,,12,10.54,a
800S162-97,50,20.0,,12,17.49,a
800S162-118,50,20.0,,12,22.36,a
800S162-54,50,20.0,,12,7.55,a
600S300-68,50,20.0,,12,10.73,a
600S300-97,50,20.0,,12,18.8,a
600S300-118,33,20.0,,12,24.47,a
800S200-54,33,20.0,,12,9.83,a
600S350-68,33,20.0,,12,14.32,a
600S350-97,50,20.0,,12,23.41,a
600S350-118,50,20.0,,12,30.95,a
600S200-68,33,20.0,8,16,9.26,a
800S137-97,50,20.0,8,16,14.74,a
800S137-118,50,20.0,8,16,19.02,a
800S137-43,33,20.0,8,16,4.1,a
800S137-54,33,20.0,8,16,7.08,a
600S250-68,33,20.0,8,16,10.37,a
800S162-97,50,20.0,8,16,17.3,a
800S162-118,50,20.0,8,16,22.17,a
800S162-54,50,20.0,8,16,7.39,a
600S300-68,50,20.0,8,16,10.56,a
600S300-97,50,20.0,8,16,18.62,a
600S300-118,33,20.0,8,16,24.28,a
800S200-54,33,20.0,8,16,9.67,a
600S350-68,33,20.0,8,16,14.13,a
600S350-97,50,20.0,8,16,23.21,a
600S350-118,50,20.0,8,16,30.75,a
600S200-68,33,20.0,8,24,8.94,a
800S137-97,50,20.0,8,24,14.43,a
800S137-118,50,20.0,8,24,18.69,a
800S137-43,33,20.0,8,24,3.76,a
800S137-54,33,20.0,8,24,6.77,a
600S250-68,33,20.0,8,24,10.02,a
800S162-97,50,20.0,8,24,16.93,a
800S162-118,50,20.0,8,24,21.79,a
800S162-54,50,20.0,8,24,7.07,a
600S300-68,50,20.0,8,24,10.22,a
600S300-97,50,20.0,8,24,18.25,a
600S300-118,33,20.0,8,24,23.89,a
800S200-54,33,20.0,8,24,9.33,a
600S350-68,33,20.0,8,24,13.77,a
600S350-97,50,20.0,8,24,22.81,a
600S350-118,50,20.0,8,24,30.34,a
600S200-68,33,20.0,8,12,9.17,a
800S137-97,50,20.0,8,12,14.58,a
800S137-118,50,20.0,8,12,18.8,a
800S137-43,33,20.0,8,12,4.1,a
800S137-54,33,20.0,8,12,7.03,a
600S250-68,33,20.0,8,12,10.26,a
800S162-97,50,20.0,8,12,17.06,a
800S162-118,50,20.0,8,12,21.85,a
800S162-54,50,20.0,8,12,7.33,a
600S300-68,50,20.0,8,12,10.46,a
600S300-97,50,20.0,8,12,18.35,a
600S300-118,33,20.0,8,12,23.93,a
800S200-54,33,20.0,8,12,9.56,a
600S350-68,33,20.0,8,12,13.97,a
600S350-97,50,20.0,8,12,22.88,a
600S350-118,50,20.0,8,12,30.13,a
600S200-68,33,20.0,9,16,8.97,a
800S137-97,50,20.0,9,16,14.39,a
800S137-118,50,20.0,9,16,18.6,a
800S137-43,33,20.0,9,16,3.89,a
800S137-54,33,20.0,9,16,6.84,a
600S250-68,33,20.0,9,16,10.04,a
800S162-97,50,20.0,9,16,16.83,a
800S162-118,50,20.0,9,16,21.61,a
800S162-54,50,20.0,9,16,7.13,a
600S300-68,50,20.0,9,16,10.25,a
600S300-97,50,20.0,9,16,18.12,a
600S300-118,33,20.0,9,16,23.69,a
800S200-54,33,20.0,9,16,9.35,a
600S350-68,33,20.0,9,16,13.74,a
600S350-97,50,20.0,9,16,22.63,a
600S350-118,50,20.0,9,16,29.88,a
600S200-68,33,20.0,9,24,8.58,a
800S137-97,50,20.0,9,24,14.01,a
800S137-118,50,20.0,9,24,18.2,a
800S137-43,33,20.0,9,24,3.46,a
800S137-54,33,20.0,9,24,6.45,a
600S250-68,33,20.0,9,24,9.61,a
800S162-97,50,20.0,9,24,16.36,a
800S162-118,50,20.0,9,24,21.13,a
800S162-54,50,20.0,9,24,6.74,a
600S300-68,50,20.0,9,24,9.82,a
600S300-97,50,20.0,9,24,17.66,a
600S300-118,33,20.0,9,24,23.21,a
800S200-54,33,20.0,9,24,8.93,a
600S350-68,33,20.0,9,24,13.29,a
600S350-97,50,20.0,9,24,22.14,a
600S350-118,50,20.0,9,24,29.37,a
600S200-68,33,20.0,9,12,8.89,a
800S137-97,50,20.0,9,12,14.21,a
800S137-118,50,20.0,9,12,18.35,a
800S137-43,33,20.0,9,12,3.91,a
800S137-54,33,20.0,9,12,6.8,a
600S250-68,33,20.0,9,12,9.94,a
800S162-97,50,20.0,9,12,16.56,a
800S162-118,50,20.0,9,12,21.24,a
800S162-54,50,20.0,9,12,7.09,a
600S300-68,50,20.0,9,12,10.15,a
600S300-97,50,20.0,9,12,17.82,a
600S300-118,33,20.0,9,12,23.31,a
800S200-54,33,20.0,9,12,9.25,a
600S350-68,33,20.0,9,12,13.57,a
600S350-97,50,20.0,9,12,22.3,a
600S350-118,50,20.0,9,12,29.21,a
600S200-68,33,20.0,10,16,8.64,a
800S137-97,50,20.0,10,16,13.98,a
800S137-118,50,20.0,10,16,18.1,a
800S137-43,33,20.0,10,16,3.65,a
800S137-54,33,20.0,10,16,6.56,a
600S250-68,33,20.0,10,16,9.68,a
800S162-97,50,20.0,10,16,16.28,a
800S162-118,50,20.0,10,16,20.95,a
800S162-54,50,20.0,10,16,6.85,a
600S300-68,50,20.0,10,16,9.89,a
600S300-97,50,20.0,10,16,17.54,a
600S300-118,33,20.0,10,16,23.03,a
800S200-54,33,20.0,10,16,8.99,a
600S350-68,33,20.0,10,16,13.3,a
600S350-97,50,20.0,10,16,22.0,a
600S350-118,50,20.0,10,16,28.9,a
600S200-68,33,20.0,10,24,8.16,a
800S137-97,50,20.0,10,24,13.51,a
800S137-118,50,20.0,10,24,17.61,a
800S137-43,33,20.0,10,24,3.13,a
800S137-54,33,20.0,10,24,6.08,a
600S250-68,33,20.0,10,24,9.16,a
800S162-97,50,20.0,10,24,15.72,a
800S162-118,50,20.0,10,24,20.38,a
800S162-54,50,20.0,10,24,6.37,a
600S300-68,50,20.0,10,24,9.38,a
600S300-97,50,20.0,10,24,16.99,a
600S300-118,33,20.0,10,24,22.45,a
800S200-54,33,20.0,10,24,8.48,a
600S350-68,33,20.0,10,24,12.75,a
600S350-97,50,20.0,10,24,21.4,a
600S350-118,50,20.0,10,24,28.29,a
600S200-68,33,20.0,10,12,8.19,a
800S137-97,50,20.0,10,12,13.29,a
800S137-118,50,20.0,10,12,17.2,a
800S137-43,33,20.0,10,12,3.48,a
800S137-54,33,20.0,10,12,6.24,a
600S250-68,33,20.0,10,12,9.2,a
800S162-97,50,20.0,10,12,15.37,a
800S162-118,50,20.0,10,12,19.78,a
800S162-54,50,20.0,10,12,6.52,a
600S300-68,50,20.0,10,12,9.47,a
600S300-97,50,20.0,10,12,16.6,a
600S300-118,33,20.0,10,12,21.89,a
800S200-54,33,20.0,10,12,8.54,a
600S350-68,33,20.0,10,12,12.67,a
600S350-97,50,20.0,10,12,20.99,a
600S350-118,50,20.0,10,12,27.08,a
600S200-68,33,20.0,12,16,7.86,a
800S137-97,50,20.0,12,16,12.97,a
800S137-118,50,20.0,12,16,16.86,a
800S137-43,33,20.0,12,16,3.12,a
800S137-54,33,20.0,12,16,5.91,a
600S250-68,33,20.0,12,16,8.84,a
800S162-97,50,20.0,12,16,14.98,a
800S162-118,50,20.0,12,16,19.38,a
800S162-54,50,20.0,12,16,6.19,a
600S300-68,50,20.0,12,16,9.12,a
600S300-97,50,20.0,12,16,16.21,a
600S300-118,33,20.0,12,16,21.49,a
800S200-54,33,20.0,12,16,8.19,a
600S350-68,33,20.0,12,16,12.29,a
600S350-97,50,20.0,12,16,20.57,a
600S350-118,50,20.0,12,16,26.66,a
600S200-68,33,20.0,12,24,7.2,a
800S137-97,50,20.0,12,24,12.33,a
800S137-118,50,20.0,12,24,16.19,a
800S137-43,33,20.0,12,24,2.38,a
800S137-54,33,20.0,12,24,5.25,a
600S250-68,33,20.0,12,24,8.12,a
800S162-97,50,20.0,12,24,14.22,a
800S162-118,50,20.0,12,24,18.59,a
800S162-54,50,20.0,12,24,5.52,a
600S300-68,50,20.0,12,24,8.41,a
600S300-97,50,20.0,12,24,15.45,a
600S300-118,33,20.0,12,24,20.7,a
800S200-54,33,20.0,12,24,7.49,a
600S350-68,33,20.0,12,24,11.53,a
600S350-97,50,20.0,12,24,19.75,a
600S350-118,50,20.0,12,24,25.84,a
600S200-68,33,20.0,12,12,7.35,a
800S137-97,50,20.0,12,12,12.12,a
800S137-118,50,20.0,12,12,15.73,a
800S137-43,33,20.0,12,12,2.99,a
800S137-54,33,20.0,12,12,5.63,a
600S250-68,33,20.0,12,12,8.34,a
800S162-97,50,20.0,12,12,13.94,a
800S162-118,50,20.0,12,12,18.01,a
800S162-54,50,20.0,12,12,5.86,a
600S300-68,50,20.0,12,12,8.7,a
600S300-97,50,20.0,12,12,15.19,a
600S300-118,33,20.0,12,12,20.32,a
800S200-54,33,20.0,12,12,7.73,a
600S350-68,33,20.0,12,12,11.63,a
600S350-97,50,20.0,12,12,19.32,a
600S350-118,50,20.0,12,12,24.66,a
600S200-68,33,20.0,14,16,6.92,a
800S137-97,50,20.0,14,16,11.72,a
800S137-118,50,20.0,14,16,15.31,a
800S137-43,33,20.0,14,16,2.5,a
800S137-54,33,20.0,14,16,5.2,a
600S250-68,33,20.0,14,16,7.87,a
800S162-97,50,20.0,14,16,13.46,a
800S162-118,50,20.0,14,16,17.51,a
800S162-54,50,20.0,14,16,5.43,a
600S300-68,50,20.0,14,16,8.24,a
600S300-97,50,20.0,14,16,14.7,a
600S300-118,33,20.0,14,16,19.81,a
800S200-54,33,20.0,14,16,7.28,a
600S350-68,33,20.0,14,16,11.14,a
600S350-97,50,20.0,14,16,18.79,a
600S350-118,50,20.0,14,16,24.14,a
600S200-68,33,20.0,14,24,6.08,a
800S137-97,50,20.0,14,24,10.9,a
800S137-118,50,20.0,14,24,14.45,a
800S137-43,33,20.0,14,24,1.53,b
800S137-54,33,20.0,14,24,4.34,a
600S250-68,33,20.0,14,24,6.95,a
800S162-97,50,20.0,14,24,12.48,a
800S162-118,50,20.0,14,24,16.51,a
800S162-54,50,20.0,14,24,4.57,a
600S300-68,50,20.0,14,24,7.31,a
600S300-97,50,20.0,14,24,13.72,a
600S300-118,33,20.0,14,24,18.78,a
800S200-54,33,20.0,14,24,6.37,a
600S350-68,33,20.0,14,24,10.16,a
600S350-97,50,20.0,14,24,17.74,a
600S350-118,50,20.0,14,24,23.1,a
600S200-68,33,20.0,14,12,6.4,a
800S137-97,50,20.0,14,12,10.79,a
800S137-118,50,20.0,14,12,14.04,a
800S137-43,33,20.0,14,12,2.44,a
800S137-54,33,20.0,14,12,5.0,a
600S250-68,33,20.0,14,12,7.42,a
800S162-97,50,20.0,14,12,12.37,a
800S162-118,50,20.0,14,12,16.05,a
800S162-54,50,20.0,14,12,5.15,a
600S300-68,50,20.0,14,12,7.85,a
600S300-97,50,20.0,14,12,13.68,a
600S300-118,33,20.0,14,12,18.21,a
800S200-54,33,20.0,14,12,6.86,a
600S350-68,33,20.0,14,12,10.49,a
600S350-97,50,20.0,14,12,17.22,a
600S350-118,50,20.0,14,12,22.07,a
600S200-68,33,20.0,16,16,5.89,a
800S137-97,50,20.0,16,16,10.3,a
800S137-118,50,20.0,16,16,13.53,a
800S137-43,33,20.0,16,16,1.83,b
800S137-54,33,20.0,16,16,4.47,a
600S250-68,33,20.0,16,16,6.86,a
800S162-97,50,20.0,16,16,11.79,a
800S162-118,50,20.0,16,16,15.45,a
800S162-54,50,20.0,16,16,4.62,a
600S300-68,50,20.0,16,16,7.27,a
600S300-97,50,20.0,16,16,13.09,a
600S300-118,33,20.0,16,16,17.59,a
800S200-54,33,20.0,16,16,6.3,a
600S350-68,33,20.0,16,16,9.89,a
600S350-97,50,20.0,16,16,16.59,a
600S350-118,50,20.0,16,16,21.45,a
600S200-68,33,20.0,16,24,4.87,c
800S137-97,50,20.0,16,24,9.32,a
800S137-118,50,20.0,16,24,12.51,a
800S137-43,33,20.0,16,24,0.62,d
800S137-54,33,20.0,16,24,3.39,c
600S250-68,33,20.0,16,24,5.72,b
800S162-97,50,20.0,16,24,10.62,a
800S162-118,50,20.0,16,24,14.26,a
800S162-54,50,20.0,16,24,3.56,c
600S300-68,50,20.0,16,24,6.12,b
600S300-97,50,20.0,16,24,11.91,a
600S300-118,33,20.0,16,24,16.36,a
800S200-54,33,20.0,16,24,5.2,b
600S350-68,33,20.0,16,24,8.7,a
600S350-97,50,20.0,16,24,15.32,a
600S350-118,50,20.0,16,24,20.21,a
600S200-68,33,20.0,16,12,2.22,a
800S137-97,50,20.0,16,12,3.39,a
800S137-118,50,20.0,16,12,4.57,a
800S137-43,33,20.0,16,12,7.09,a
800S137-54,33,20.0,16,12,2.07,a
600S250-68,33,20.0,16,12,3.1,a
800S162-97,50,20.0,16,12,5.2,a
800S162-118,50,20.0,16,12,7.02,a
800S162-54,50,20.0,16,12,11.05,a
600S300-68,50,20.0,16,12,14.11,a
600S300-97,50,20.0,16,12,2.62,a
600S300-118,33,20.0,16,12,4.23,a
800S200-54,33,20.0,16,12,7.49,a
600S350-68,33,20.0,16,12,10.02,a
600S350-97,50,20.0,16,12,15.72,a
600S350-118,50,20.0,16,12,20.18,a
600S200-68,33,20.0,8,16,2.13,a
800S137-97,50,20.0,8,16,3.32,a
800S137-118,50,20.0,8,16,4.5,a
800S137-43,33,20.0,8,16,7.02,a
800S137-54,33,20.0,8,16,1.93,a
600S250-68,33,20.0,8,16,2.99,a
800S162-97,50,20.0,8,16,5.11,a
800S162-118,50,20.0,8,16,6.92,a
800S162-54,50,20.0,8,16,10.96,a
600S300-68,50,20.0,8,16,14.02,a
600S300-97,50,20.0,8,16,2.47,a
600S300-118,33,20.0,8,16,4.11,a
800S200-54,33,20.0,8,16,7.38,a
600S350-68,33,20.0,8,16,9.91,a
600S350-97,50,20.0,8,16,15.61,a
600S350-118,50,20.0,8,16,20.07,a
600S200-68,33,20.0,8,24,1.94,a
800S137-97,50,20.0,8,24,3.17,a
800S137-118,50,20.0,8,24,4.36,a
800S137-43,33,20.0,8,24,6.9,a
800S137-54,33,20.0,8,24,1.65,a
600S250-68,33,20.0,8,24,2.77,a
800S162-97,50,20.0,8,24,4.91,a
800S162-118,50,20.0,8,24,6.73,a
800S162-54,50,20.0,8,24,10.79,a
600S300-68,50,20.0,8,24,13.85,a
600S300-97,50,20.0,8,24,2.16,a
600S300-118,33,20.0,8,24,3.88,a
800S200-54,33,20.0,8,24,7.15,a
600S350-68,33,20.0,8,24,9.69,a
600S350-97,50,20.0,8,24,15.4,a
600S350-118,50,20.0,8,24,19.85,a
600S200-68,33,20.0,8,12,2.15,a
800S137-97,50,20.0,8,12,3.34,a
800S137-118,50,20.0,8,12,4.52,a
800S137-43,33,20.0,8,12,7.04,a
800S137-54,33,20.0,8,12,1.96,a
600S250-68,33,20.0,8,12,3.01,a
800S162-97,50,20.0,8,12,5.13,a
800S162-118,50,20.0,8,12,6.94,a
800S162-54,50,20.0,8,12,10.98,a
600S300-68,50,20.0,8,12,14.04,a
600S300-97,50,20.0,8,12,2.5,a
600S300-118,33,20.0,8,12,4.14,a
800S200-54,33,20.0,8,12,7.4,a
600S350-68,33,20.0,8,12,9.93,a
600S350-97,50,20.0,8,12,15.63,a
600S350-118,50,20.0,8,12,20.09,a
600S200-68,33,20.0,9,16,2.03,a
800S137-97,50,20.0,9,16,3.24,a
800S137-118,50,20.0,9,16,4.43,a
800S137-43,33,20.0,9,16,6.96,a
800S137-54,33,20.0,9,16,1.78,a
600S250-68,33,20.0,9,16,2.87,a
800S162-97,50,20.0,9,16,5.0,a
800S162-118,50,20.0,9,16,6.82,a
800S162-54,50,20.0,9,16,10.87,a
600S300-68,50,20.0,9,16,13.93,a
600S300-97,50,20.0,9,16,2.31,a
600S300-118,33,20.0,9,16,3.99,a
800S200-54,33,20.0,9,16,7.26,a
600S350-68,33,20.0,9,16,9.79,a
600S350-97,50,20.0,9,16,15.5,a
600S350-118,50,20.0,9,16,19.95,a
600S200-68,33,20.0,9,24,1.8,a
800S137-97,50,20.0,9,24,3.06,a
800S137-118,50,20.0,9,24,4.25,a
800S137-43,33,20.0,9,24,6.79,a
800S137-54,33,20.0,9,24,1.43,a
600S250-68,33,20.0,9,24,2.59,a
800S162-97,50,20.0,9,24,4.76,a
800S162-118,50,20.0,9,24,6.58,a
800S162-54,50,20.0,9,24,10.65,a
600S300-68,50,20.0,9,24,13.71,a
600S300-97,50,20.0,9,24,1.93,a
600S300-118,33,20.0,9,24,3.7,a
800S200-54,33,20.0,9,24,6.97,a
600S350-68,33,20.0,9,24,9.51,a
600S350-97,50,20.0,9,24,15.23,a
600S350-118,50,20.0,9,24,19.67,a
600S200-68,33,20.0,9,12,2.06,a
800S137-97,50,20.0,9,12,3.27,a
800S137-118,50,20.0,9,12,4.46,a
800S137-43,33,20.0,9,12,6.98,a
800S137-54,33,20.0,9,12,1.83,a
600S250-68,33,20.0,9,12,2.92,a
800S162-97,50,20.0,9,12,5.04,a
800S162-118,50,20.0,9,12,6.86,a
800S162-54,50,20.0,9,12,10.9,a
600S300-68,50,20.0,9,12,13.96,a
600S300-97,50,20.0,9,12,2.36,a
600S300-118,33,20.0,9,12,4.03,a
800S200-54,33,20.0,9,12,7.3,a
600S350-68,33,20.0,9,12,9.83,a
600S350-97,50,20.0,9,12,15.54,a
600S350-118,50,20.0,9,12,20.0,a
600S200-68,33,20.0,10,16,1.92,a
800S137-97,50,20.0,10,16,3.16,a
800S137-118,50,20.0,10,16,4.35,a
800S137-43,33,20.0,10,16,6.88,a
800S137-54,33,20.0,10,16,1.62,a
600S250-68,33,20.0,10,16,2.74,a
800S162-97,50,20.0,10,16,4.89,a
800S162-118,50,20.0,10,16,6.71,a
800S162-54,50,20.0,10,16,10.77,a
600S300-68,50,20.0,10,16,13.83,a
600S300-97,50,20.0,10,16,2.13,a
600S300-118,33,20.0,10,16,3.85,a
800S200-54,33,20.0,10,16,7.12,a
600S350-68,33,20.0,10,16,9.66,a
600S350-97,50,20.0,10,16,15.37,a
600S350-118,50,20.0,10,16,19.82,a
600S200-68,33,20.0,10,24,1.63,a
800S137-97,50,20.0,10,24,2.93,a
800S137-118,50,20.0,10,24,4.12,a
800S137-43,33,20.0,10,24,6.68,a
800S137-54,33,20.0,10,24,1.18,a
600S250-68,33,20.0,10,24,2.39,a
800S162-97,50,20.0,10,24,4.58,a
800S162-118,50,20.0,10,24,6.41,a
800S162-54,50,20.0,10,24,10.49,a
600S300-68,50,20.0,10,24,13.55,a
600S300-97,50,20.0,10,24,1.66,a
600S300-118,33,20.0,10,24,3.49,a
800S200-54,33,20.0,10,24,6.77,a
600S350-68,33,20.0,10,24,9.31,a
600S350-97,50,20.0,10,24,15.04,a
600S350-118,50,20.0,10,24,19.47,a
600S200-68,33,20.0,10,12,1.87,a
800S137-97,50,20.0,10,12,3.12,a
800S137-118,50,20.0,10,12,4.31,a
800S137-43,33,20.0,10,12,6.85,a
800S137-54,33,20.0,10,12,1.55,a
600S250-68,33,20.0,10,12,2.69,a
800S162-97,50,20.0,10,12,4.84,a
800S162-118,50,20.0,10,12,6.66,a
800S162-54,50,20.0,10,12,10.72,a
600S300-68,50,20.0,10,12,13.78,a
600S300-97,50,20.0,10,12,2.05,a
600S300-118,33,20.0,10,12,3.79,a
800S200-54,33,20.0,10,12,7.06,a
600S350-68,33,20.0,10,12,9.6,a
600S350-97,50,20.0,10,12,15.32,a
600S350-118,50,20.0,10,12,19.76,a
600S200-68,33,20.0,12,16,1.67,a
800S137-97,50,20.0,12,16,2.96,a
800S137-118,50,20.0,12,16,4.15,a
800S137-43,33,20.0,12,16,6.7,a
800S137-54,33,20.0,12,16,1.23,a
600S250-68,33,20.0,12,16,2.44,a
800S162-97,50,20.0,12,16,4.62,a
800S162-118,50,20.0,12,16,6.45,a
800S162-54,50,20.0,12,16,10.53,a
600S300-68,50,20.0,12,16,13.59,a
600S300-97,50,20.0,12,16,1.71,a
600S300-118,33,20.0,12,16,3.53,a
800S200-54,33,20.0,12,16,6.81,a
600S350-68,33,20.0,12,16,9.35,a
600S350-97,50,20.0,12,16,15.08,a
600S350-118,50,20.0,12,16,19.51,a
600S200-68,33,20.0,12,24,1.25,a
800S137-97,50,20.0,12,24,2.63,a
800S137-118,50,20.0,12,24,3.83,a
800S137-43,33,20.0,12,24,6.42,a
800S137-54,33,20.0,12,24,0.61,a
600S250-68,33,20.0,12,24,1.94,a
800S162-97,50,20.0,12,24,4.18,a
800S162-118,50,20.0,12,24,6.02,a
800S162-54,50,20.0,12,24,10.13,a
600S300-68,50,20.0,12,24,13.19,a
600S300-97,50,20.0,12,24,1.03,a
600S300-118,33,20.0,12,24,3.01,a
800S200-54,33,20.0,12,24,6.3,a
600S350-68,33,20.0,12,24,8.85,a
600S350-97,50,20.0,12,24,14.6,a
600S350-118,50,20.0,12,24,19.01,a
600S200-68,33,20.0,12,12,1.65,a
800S137-97,50,20.0,12,12,2.94,a
800S137-118,50,20.0,12,12,4.14,a
800S137-43,33,20.0,12,12,6.69,a
800S137-54,33,20.0,12,12,1.21,a
600S250-68,33,20.0,12,12,2.42,a
800S162-97,50,20.0,12,12,4.6,a
800S162-118,50,20.0,12,12,6.43,a
800S162-54,50,20.0,12,12,10.51,a
600S300-68,50,20.0,12,12,13.57,a
600S300-97,50,20.0,12,12,1.66,a
600S300-118,33,20.0,12,12,3.45,a
800S200-54,33,20.0,12,12,6.63,a
600S350-68,33,20.0,12,12,9.16,a
600S350-97,50,20.0,12,12,14.97,a
600S350-118,50,20.0,12,12,19.49,a
600S200-68,33,20.0,14,16,1.37,a
800S137-97,50,20.0,14,16,2.72,a
800S137-118,50,20.0,14,16,3.92,a
800S137-43,33,20.0,14,16,6.5,a
800S137-54,33,20.0,14,16,0.78,a
600S250-68,33,20.0,14,16,2.07,a
800S162-97,50,20.0,14,16,4.3,a
800S162-118,50,20.0,14,16,6.14,a
800S162-54,50,20.0,14,16,10.24,a
600S300-68,50,20.0,14,16,13.3,a
600S300-97,50,20.0,14,16,1.21,a
600S300-118,33,20.0,14,16,3.11,a
800S200-54,33,20.0,14,16,6.29,a
600S350-68,33,20.0,14,16,8.82,a
600S350-97,50,20.0,14,16,14.65,a
600S350-118,50,20.0,14,16,19.15,a
600S200-68,33,20.0,14,12,1.39,a
800S137-97,50,20.0,14,12,2.74,a
800S137-118,50,20.0,14,12,3.94,a
800S137-43,33,20.0,14,12,6.51,a
800S137-54,33,20.0,14,12,0.82,a
600S250-68,33,20.0,14,12,2.1,a
800S162-97,50,20.0,14,12,4.33,a
800S162-118,50,20.0,14,12,6.17,a
800S162-54,50,20.0,14,12,10.26,a
600S300-68,50,20.0,14,12,13.32,a
600S300-97,50,20.0,14,12,1.22,a
600S300-118,33,20.0,14,12,3.06,a
800S200-54,33,20.0,14,12,6.1,a
600S350-68,33,20.0,14,12,8.54,a
600S350-97,50,20.0,14,12,14.17,a
600S350-118,50,20.0,14,12,18.63,a
800S250-68,33,20.0,,12,11.46,a
800S250-97,50,20.0,,12,19.24,a
800S250-118,50,20.0,,12,25.11,a
800S250-54,50,20.0,,12,8.2,a
800S300-68,50,20.0,,12,11.73,a
800S300-97,50,20.0,,12,21.01,a
800S300-118,50,20.0,,12,27.47,a
800S300-54,50,20.0,,12,10.64,a
800S350-68,50,20.0,,12,15.44,a
800S350-97,50,20.0,,12,25.53,a
800S350-118,50,20.0,,12,33.97,a
800S250-68,33,20.0,8,16,11.33,a
800S250-97,50,20.0,8,16,19.11,a
800S250-118,50,20.0,8,16,24.97,a
800S250-54,50,20.0,8,16,8.08,a
800S300-68,50,20.0,8,16,11.61,a
800S300-97,50,20.0,8,16,20.87,a
800S300-118,50,20.0,8,16,27.33,a
800S300-54,50,20.0,8,16,10.51,a
800S350-68,50,20.0,8,16,15.31,a
800S350-97,50,20.0,8,16,25.38,a
800S350-118,50,20.0,8,16,33.82,a
800S250-68,33,20.0,8,24,11.09,a
800S250-97,50,20.0,8,24,18.83,a
800S250-118,50,20.0,8,24,24.68,a
800S250-54,50,20.0,8,24,7.83,a
800S300-68,50,20.0,8,24,11.37,a
800S300-97,50,20.0,8,24,20.59,a
800S300-118,50,20.0,8,24,27.03,a
800S300-54,50,20.0,8,24,10.26,a
800S350-68,50,20.0,8,24,15.05,a
800S350-97,50,20.0,8,24,25.09,a
800S350-118,50,20.0,8,24,33.51,a
800S250-68,33,20.0,8,12,11.32,a
800S250-97,50,20.0,8,12,19.06,a
800S250-118,50,20.0,8,12,24.86,a
800S250-54,50,20.0,8,12,8.06,a
800S300-68,50,20.0,8,12,11.57,a
800S300-97,50,20.0,8,12,20.75,a
800S300-118,50,20.0,8,12,27.17,a
800S300-54,50,20.0,8,12,10.47,a
800S350-68,50,20.0,8,12,15.24,a
800S350-97,50,20.0,8,12,25.28,a
800S350-118,50,20.0,8,12,33.62,a
800S250-68,33,20.0,9,16,11.16,a
800S250-97,50,20.0,9,16,18.89,a
800S250-118,50,20.0,9,16,24.67,a
800S250-54,50,20.0,9,16,7.91,a
800S300-68,50,20.0,9,16,11.42,a
800S300-97,50,20.0,9,16,20.58,a
800S300-118,50,20.0,9,16,26.99,a
800S300-54,50,20.0,9,16,10.3,a
800S350-68,50,20.0,9,16,15.07,a
800S350-97,50,20.0,9,16,25.1,a
800S350-118,50,20.0,9,16,33.43,a
800S250-68,33,20.0,9,24,10.85,a
800S250-97,50,20.0,9,24,18.54,a
800S250-118,50,20.0,9,24,24.31,a
800S250-54,50,20.0,9,24,7.6,a
800S300-68,50,20.0,9,24,11.11,a
800S300-97,50,20.0,9,24,20.23,a
800S300-118,50,20.0,9,24,26.62,a
800S300-54,50,20.0,9,24,9.98,a
800S350-68,50,20.0,9,24,14.74,a
800S350-97,50,20.0,9,24,24.73,a
800S350-118,50,20.0,9,24,33.04,a
800S250-68,33,20.0,9,12,11.16,a
800S250-97,50,20.0,9,12,18.84,a
800S250-118,50,20.0,9,12,24.55,a
800S250-54,50,20.0,9,12,7.9,a
800S300-68,50,20.0,9,12,11.39,a
800S300-97,50,20.0,9,12,20.45,a
800S300-118,50,20.0,9,12,26.82,a
800S300-54,50,20.0,9,12,10.26,a
800S350-68,50,20.0,9,12,15.0,a
800S350-97,50,20.0,9,12,24.95,a
800S350-118,50,20.0,9,12,33.21,a
800S250-68,33,20.0,10,16,10.97,a
800S250-97,50,20.0,10,16,18.63,a
800S250-118,50,20.0,10,16,24.33,a
800S250-54,50,20.0,10,16,7.71,a
800S300-68,50,20.0,10,16,11.2,a
800S300-97,50,20.0,10,16,20.23,a
800S300-118,50,20.0,10,16,26.6,a
800S300-54,50,20.0,10,16,10.07,a
800S350-68,50,20.0,10,16,14.8,a
800S350-97,50,20.0,10,16,24.72,a
800S350-118,50,20.0,10,16,32.98,a
800S250-68,33,20.0,10,24,10.59,a
800S250-97,50,20.0,10,24,18.21,a
800S250-118,50,20.0,10,24,23.88,a
800S250-54,50,20.0,10,24,7.33,a
800S300-68,50,20.0,10,24,10.82,a
800S300-97,50,20.0,10,24,19.81,a
800S300-118,50,20.0,10,24,26.15,a
800S300-54,50,20.0,10,24,9.67,a
800S350-68,50,20.0,10,24,14.4,a
800S350-97,50,20.0,10,24,24.27,a
800S350-118,50,20.0,10,24,32.5,a
800S250-68,33,20.0,10,12,10.77,a
800S250-97,50,20.0,10,12,18.31,a
800S250-118,50,20.0,10,12,23.77,a
800S250-54,50,20.0,10,12,7.52,a
800S300-68,50,20.0,10,12,10.94,a
800S300-97,50,20.0,10,12,19.69,a
800S300-118,50,20.0,10,12,25.93,a
800S300-54,50,20.0,10,12,9.78,a
800S350-68,50,20.0,10,12,14.45,a
800S350-97,50,20.0,10,12,24.06,a
800S350-118,50,20.0,10,12,32.24,a
800S250-68,33,20.0,12,16,10.5,a
800S250-97,50,20.0,12,16,18.01,a
800S250-118,50,20.0,12,16,23.45,a
800S250-54,50,20.0,12,16,7.25,a
800S300-68,50,20.0,12,16,10.67,a
800S300-97,50,20.0,12,16,19.39,a
800S300-118,50,20.0,12,16,25.62,a
800S300-54,50,20.0,12,16,9.51,a
800S350-68,50,20.0,12,16,14.16,a
800S350-97,50,20.0,12,16,23.74,a
800S350-118,50,20.0,12,16,31.91,a
800S250-68,33,20.0,12,24,9.96,a
800S250-97,50,20.0,12,24,17.41,a
800S250-118,50,20.0,12,24,22.82,a
800S250-54,50,20.0,12,24,6.71,a
800S300-68,50,20.0,12,24,10.14,a
800S300-97,50,20.0,12,24,18.79,a
800S300-118,50,20.0,12,24,24.99,a
800S300-54,50,20.0,12,24,8.95,a
800S350-68,50,20.0,12,24,13.59,a
800S350-97,50,20.0,12,24,23.11,a
800S350-118,50,20.0,12,24,31.24,a
800S250-68,33,20.0,12,12,10.2,a
800S250-97,50,20.0,12,12,17.45,a
800S250-118,50,20.0,12,12,22.71,a
800S250-54,50,20.0,12,12,7.05,a
800S300-68,50,20.0,12,12,10.38,a
800S300-97,50,20.0,12,12,18.74,a
800S300-118,50,20.0,12,12,24.8,a
800S300-54,50,20.0,12,12,9.21,a
800S350-68,50,20.0,12,12,13.75,a
800S350-97,50,20.0,12,12,23.0,a
800S350-118,50,20.0,12,12,30.78,a
800S250-68,33,20.0,14,16,9.84,a
800S250-97,50,20.0,14,16,17.05,a
800S250-118,50,20.0,14,16,22.3,a
800S250-54,50,20.0,14,16,6.69,a
800S300-68,50,20.0,14,16,10.02,a
800S300-97,50,20.0,14,16,18.34,a
800S300-118,50,20.0,14,16,24.38,a
800S300-54,50,20.0,14,16,8.84,a
800S350-68,50,20.0,14,16,13.38,a
800S350-97,50,20.0,14,16,22.58,a
800S350-118,50,20.0,14,16,30.34,a
800S250-68,33,20.0,14,24,9.12,a
800S250-97,50,20.0,14,24,16.25,a
800S250-118,50,20.0,14,24,21.47,a
800S250-54,50,20.0,14,24,5.98,a
800S300-68,50,20.0,14,24,9.32,a
800S300-97,50,20.0,14,24,17.55,a
800S300-118,50,20.0,14,24,23.55,a
800S300-54,50,20.0,14,24,8.1,a
800S350-68,50,20.0,14,24,12.62,a
800S350-97,50,20.0,14,24,21.74,a
800S350-118,50,20.0,14,24,29.47,a
800S250-68,33,20.0,14,12,9.52,a
800S250-97,50,20.0,14,12,16.36,a
800S250-118,50,20.0,14,12,21.39,a
800S250-54,50,20.0,14,12,6.51,a
800S300-68,50,20.0,14,12,9.72,a
800S300-97,50,20.0,14,12,17.61,a
800S300-118,50,20.0,14,12,23.47,a
800S300-54,50,20.0,14,12,8.57,a
800S350-68,50,20.0,14,12,12.95,a
800S350-97,50,20.0,14,12,21.82,a
800S350-118,50,20.0,14,12,28.91,a
800S250-68,33,20.0,16,16,9.06,a
800S250-97,50,20.0,16,16,15.87,a
800S250-118,50,20.0,16,16,20.87,a
800S250-54,50,20.0,16,16,6.06,a
800S300-68,50,20.0,16,16,9.27,a
800S300-97,50,20.0,16,16,17.11,a
800S300-118,50,20.0,16,16,22.94,a
800S300-54,50,20.0,16,16,8.1,a
800S350-68,50,20.0,16,16,12.48,a
800S350-97,50,20.0,16,16,21.29,a
800S350-118,50,20.0,16,16,28.37,a
800S250-68,33,20.0,16,24,8.15,a
800S250-97,50,20.0,16,24,14.87,a
800S250-118,50,20.0,16,24,19.84,a
800S250-54,50,20.0,16,24,5.15,a
800S300-68,50,20.0,16,24,8.38,a
800S300-97,50,20.0,16,24,16.12,a
800S300-118,50,20.0,16,24,21.9,a
800S300-54,50,20.0,16,24,7.17,a
800S350-68,50,20.0,16,24,11.52,a
800S350-97,50,20.0,16,24,20.23,a
800S350-118,50,20.0,16,24,27.28,a
362S137-43,33,25.0,,12,1.41,a
362S137-54,50,25.0,,12,2.58,a
362S137-68,50,25.0,,12,3.58,a
362S137-33,33,25.0,,12,1.14,a
600S137-43,33,25.0,,12,1.83,a
362S162-54,33,25.0,,12,3.4,a
362S162-68,50,25.0,,12,4.58,a
362S162-97,50,25.0,,12,6.95,a
362S162-97,50,25.0,,12,1.47,a
362S162-33,33,25.0,,12,2.49,a
362S200-54,33,25.0,,12,4.38,a
600S162-68,50,25.0,,12,7.21,a
600S162-97,50,25.0,,12,8.64,a
600S162-43,33,25.0,,12,2.89,a
362S250-54,33,25.0,,12,5.01,a
600S200-68,50,25.0,,12,6.81,a
600S200-97,33,25.0,,12,9.92,a
362S137-43,33,25.0,8,16,1.14,a
362S137-54,50,25.0,8,16,2.36,a
362S137-68,50,25.0,8,16,3.39,a
362S137-33,33,25.0,8,16,0.84,a
600S137-43,33,25.0,8,16,1.54,a
362S162-54,33,25.0,8,16,3.16,a
362S162-68,50,25.0,8,16,4.37,a
362S162-97,50,25.0,8,16,6.73,a
362S162-97,50,25.0,8,16,1.14,a
362S162-33,33,25.0,8,16,2.17,a
362S200-54,33,25.0,8,16,4.11,a
600S162-68,50,25.0,8,16,6.88,a
600S162-97,50,25.0,8,16,8.41,a
600S162-43,33,25.0,8,16,2.54,a
362S250-54,33,25.0,8,16,4.71,a
600S200-68,50,25.0,8,16,6.52,a
600S200-97,33,25.0,8,16,9.65,a
362S137-43,33,25.0,8,12,1.16,a
362S137-54,50,25.0,8,12,2.29,a
362S137-68,50,25.0,8,12,3.26,a
362S137-33,33,25.0,8,12,0.87,b
600S137-43,33,25.0,8,12,1.54,a
362S162-54,33,25.0,8,12,3.04,a
362S162-68,50,25.0,8,12,4.16,a
362S162-97,50,25.0,8,12,6.34,a
362S162-97,50,25.0,8,12,1.17,a
362S162-33,33,25.0,8,12,2.15,a
362S200-54,33,25.0,8,12,3.92,a
600S162-68,50,25.0,8,12,6.55,a
600S162-97,50,25.0,8,12,7.88,a
600S162-43,33,25.0,8,12,2.54,a
362S250-54,33,25.0,8,12,4.56,a
600S200-68,50,25.0,8,12,6.16,a
600S200-97,33,25.0,8,12,9.06,a
362S137-43,33,25.0,9,16,0.82,c
362S137-54,50,25.0,9,16,2.02,b
362S137-68,50,25.0,9,16,3.03,a
362S137-33,33,25.0,9,16,0.5,c
600S137-43,33,25.0,9,16,1.19,b
362S162-54,33,25.0,9,16,2.75,a
362S162-68,50,25.0,9,16,3.89,a
362S162-97,50,25.0,9,16,6.08,a
362S162-97,50,25.0,9,16,0.76,c
362S162-33,33,25.0,9,16,1.76,a
362S200-54,33,25.0,9,16,3.59,a
600S162-68,50,25.0,9,16,6.16,a
600S162-97,50,25.0,9,16,7.61,a
600S162-43,33,25.0,9,16,2.11,a
362S250-54,33,25.0,9,16,4.2,a
600S200-68,50,25.0,9,16,5.81,a
600S200-97,33,25.0,9,16,8.74,a
362S137-43,33,25.0,9,12,0.89,c
362S137-54,50,25.0,9,12,1.98,b
362S137-68,50,25.0,9,12,2.9,a
362S137-33,33,25.0,9,12,0.59,c
600S137-43,33,25.0,9,12,1.16,b
362S162-54,33,25.0,9,12,2.66,a
362S162-68,50,25.0,9,12,3.7,a
362S162-97,50,25.0,9,12,5.69,a
362S162-97,50,25.0,9,12,0.85,c
362S162-33,33,25.0,9,12,1.79,a
362S200-54,33,25.0,9,12,3.44,a
600S162-68,50,25.0,9,12,5.82,a
600S162-97,50,25.0,9,12,7.08,a
600S162-43,33,25.0,9,12,2.16,a
362S250-54,33,25.0,9,12,4.08,a
600S200-68,50,25.0,9,12,5.48,a
600S200-97,33,25.0,9,12,8.17,a
600S200-68,33,25.0,,12,9.3,a
800S137-97,50,25.0,,12,14.78,a
800S137-118,50,25.0,,12,19.06,a
800S137-43,33,25.0,,12,4.14,a
800S137-54,33,25.0,,12,7.12,a
600S250-68,33,25.0,,12,10.41,a
800S162-97,50,25.0,,12,17.35,a
800S162-118,50,25.0,,12,22.22,a
800S162-54,50,25.0,,12,7.43,a
600S300-68,50,25.0,,12,10.6,a
600S300-97,50,25.0,,12,18.67,a
600S300-118,33,25.0,,12,24.32,a
800S200-54,33,25.0,,12,9.71,a
600S350-68,33,25.0,,12,14.18,a
600S350-97,50,25.0,,12,23.26,a
600S350-118,50,25.0,,12,30.8,a
600S200-68,33,25.0,8,16,9.1,a
800S137-97,50,25.0,8,16,14.59,a
800S137-118,50,25.0,8,16,18.86,a
800S137-43,33,25.0,8,16,3.93,a
800S137-54,33,25.0,8,16,6.93,a
600S250-68,33,25.0,8,16,10.19,a
800S162-97,50,25.0,8,16,17.11,a
800S162-118,50,25.0,8,16,21.98,a
800S162-54,50,25.0,8,16,7.23,a
600S300-68,50,25.0,8,16,10.39,a
600S300-97,50,25.0,8,16,18.43,a
600S300-118,33,25.0,8,16,24.08,a
800S200-54,33,25.0,8,16,9.5,a
600S350-68,33,25.0,8,16,13.95,a
600S350-97,50,25.0,8,16,23.01,a
600S350-118,50,25.0,8,16,30.54,a
600S200-68,33,25.0,8,24,8.7,a
800S137-97,50,25.0,8,24,14.2,a
800S137-118,50,25.0,8,24,18.45,a
800S137-43,33,25.0,8,24,3.5,a
800S137-54,33,25.0,8,24,6.54,a
600S250-68,33,25.0,8,24,9.76,a
800S162-97,50,25.0,8,24,16.65,a
800S162-118,50,25.0,8,24,21.5,a
800S162-54,50,25.0,8,24,6.84,a
600S300-68,50,25.0,8,24,9.97,a
600S300-97,50,25.0,8,24,17.97,a
600S300-118,33,25.0,8,24,23.6,a
800S200-54,33,25.0,8,24,9.08,a
600S350-68,33,25.0,8,24,13.5,a
600S350-97,50,25.0,8,24,22.51,a
600S350-118,50,25.0,8,24,30.03,a
600S200-68,33,25.0,8,12,9.02,a
800S137-97,50,25.0,8,12,14.44,a
800S137-118,50,25.0,8,12,18.65,a
800S137-43,33,25.0,8,12,3.94,a
800S137-54,33,25.0,8,12,6.89,a
600S250-68,33,25.0,8,12,10.1,a
800S162-97,50,25.0,8,12,16.89,a
800S162-118,50,25.0,8,12,21.67,a
800S162-54,50,25.0,8,12,7.18,a
600S300-68,50,25.0,8,12,10.3,a
600S300-97,50,25.0,8,12,18.17,a
600S300-118,33,25.0,8,12,23.75,a
800S200-54,33,25.0,8,12,9.4,a
600S350-68,33,25.0,8,12,13.8,a
600S350-97,50,25.0,8,12,22.7,a
600S350-118,50,25.0,8,12,29.94,a
600S200-68,33,25.0,9,16,8.77,a
800S137-97,50,25.0,9,16,14.2,a
800S137-118,50,25.0,9,16,18.4,a
800S137-43,33,25.0,9,16,3.67,a
800S137-54,33,25.0,9,16,6.64,a
600S250-68,33,25.0,9,16,9.83,a
800S162-97,50,25.0,9,16,16.59,a
800S162-118,50,25.0,9,16,21.37,a
800S162-54,50,25.0,9,16,6.94,a
600S300-68,50,25.0,9,16,10.04,a
600S300-97,50,25.0,9,16,17.89,a
600S300-118,33,25.0,9,16,23.45,a
800S200-54,33,25.0,9,16,9.14,a
600S350-68,33,25.0,9,16,13.52,a
600S350-97,50,25.0,9,16,22.39,a
600S350-118,50,25.0,9,16,29.63,a
600S200-68,33,25.0,9,24,8.28,a
800S137-97,50,25.0,9,24,13.72,a
800S137-118,50,25.0,9,24,17.89,a
800S137-43,33,25.0,9,24,3.14,a
800S137-54,33,25.0,9,24,6.15,a
600S250-68,33,25.0,9,24,9.29,a
800S162-97,50,25.0,9,24,16.01,a
800S162-118,50,25.0,9,24,20.77,a
800S162-54,50,25.0,9,24,6.44,a
600S300-68,50,25.0,9,24,9.51,a
600S300-97,50,25.0,9,24,17.31,a
600S300-118,33,25.0,9,24,22.85,a
800S200-54,33,25.0,9,24,8.62,a
600S350-68,33,25.0,9,24,12.95,a
600S350-97,50,25.0,9,24,21.77,a
600S350-118,50,25.0,9,24,28.99,a
600S200-68,33,25.0,9,12,8.7,a
800S137-97,50,25.0,9,12,14.04,a
800S137-118,50,25.0,9,12,18.16,a
800S137-43,33,25.0,9,12,3.72,a
800S137-54,33,25.0,9,12,6.62,a
600S250-68,33,25.0,9,12,9.75,a
800S162-97,50,25.0,9,12,16.35,a
800S162-118,50,25.0,9,12,21.03,a
800S162-54,50,25.0,9,12,6.91,a
600S300-68,50,25.0,9,12,9.96,a
600S300-97,50,25.0,9,12,17.61,a
600S300-118,33,25.0,9,12,23.1,a
800S200-54,33,25.0,9,12,9.06,a
600S350-68,33,25.0,9,12,13.37,a
600S350-97,50,25.0,9,12,22.07,a
600S350-118,50,25.0,9,12,28.98,a
600S200-68,33,25.0,10,16,8.4,a
800S137-97,50,25.0,10,16,13.75,a
800S137-118,50,25.0,10,16,17.86,a
800S137-43,33,25.0,10,16,3.39,a
800S137-54,33,25.0,10,16,6.32,a
600S250-68,33,25.0,10,16,9.42,a
800S162-97,50,25.0,10,16,16.0,a
800S162-118,50,25.0,10,16,20.67,a
800S162-54,50,25.0,10,16,6.61,a
600S300-68,50,25.0,10,16,9.64,a
600S300-97,50,25.0,10,16,17.27,a
600S300-118,33,25.0,10,16,22.74,a
800S200-54,33,25.0,10,16,8.74,a
600S350-68,33,25.0,10,16,13.03,a
600S350-97,50,25.0,10,16,21.7,a
600S350-118,50,25.0,10,16,28.6,a
600S200-68,33,25.0,10,24,7.8,a
800S137-97,50,25.0,10,24,13.17,a
800S137-118,50,25.0,10,24,17.25,a
800S137-43,33,25.0,10,24,2.74,a
800S137-54,33,25.0,10,24,5.73,a
600S250-68,33,25.0,10,24,8.77,a
800S162-97,50,25.0,10,24,15.3,a
800S162-118,50,25.0,10,24,19.94,a
800S162-54,50,25.0,10,24,6.01,a
600S300-68,50,25.0,10,24,9.0,a
600S300-97,50,25.0,10,24,16.57,a
600S300-118,33,25.0,10,24,22.01,a
800S200-54,33,25.0,10,24,8.1,a
600S350-68,33,25.0,10,24,12.34,a
600S350-97,50,25.0,10,24,20.95,a
600S350-118,50,25.0,10,24,27.83,a
600S200-68,33,25.0,10,12,7.94,a
800S137-97,50,25.0,10,12,13.05,a
800S137-118,50,25.0,10,12,16.94,a
800S137-43,33,25.0,10,12,3.21,a
800S137-54,33,25.0,10,12,5.99,a
600S250-68,33,25.0,10,12,8.93,a
800S162-97,50,25.0,10,12,15.08,a
800S162-118,50,25.0,10,12,19.48,a
800S162-54,50,25.0,10,12,6.27,a
600S300-68,50,25.0,10,12,9.21,a
600S300-97,50,25.0,10,12,16.31,a
600S300-118,33,25.0,10,12,21.59,a
800S200-54,33,25.0,10,12,8.27,a
600S350-68,33,25.0,10,12,12.38,a
600S350-97,50,25.0,10,12,20.68,a
600S350-118,50,25.0,10,12,26.77,a
600S200-68,33,25.0,12,16,7.53,a
800S137-97,50,25.0,12,16,12.65,a
800S137-118,50,25.0,12,16,16.52,a
800S137-43,33,25.0,12,16,2.75,a
800S137-54,33,25.0,12,16,5.58,a
600S250-68,33,25.0,12,16,8.48,a
800S162-97,50,25.0,12,16,14.6,a
800S162-118,50,25.0,12,16,18.99,a
800S162-54,50,25.0,12,16,5.85,a
600S300-68,50,25.0,12,16,8.76,a
600S300-97,50,25.0,12,16,15.83,a
600S300-118,33,25.0,12,16,21.1,a
800S200-54,33,25.0,12,16,7.84,a
600S350-68,33,25.0,12,16,11.91,a
600S350-97,50,25.0,12,16,20.16,a
600S350-118,50,25.0,12,16,26.25,a
600S200-68,33,25.0,12,24,6.7,a
800S137-97,50,25.0,12,24,11.85,a
800S137-118,50,25.0,12,24,15.69,a
800S137-43,33,25.0,12,24,1.83,a
800S137-54,33,25.0,12,24,4.76,a
600S250-68,33,25.0,12,24,7.58,a
800S162-97,50,25.0,12,24,13.64,a
800S162-118,50,25.0,12,24,18.0,a
800S162-54,50,25.0,12,24,5.02,a
600S300-68,50,25.0,12,24,7.87,a
600S300-97,50,25.0,12,24,14.88,a
600S300-118,33,25.0,12,24,20.1,a
800S200-54,33,25.0,12,24,6.96,a
600S350-68,33,25.0,12,24,10.96,a
600S350-97,50,25.0,12,24,19.13,a
600S350-118,50,25.0,12,24,25.22,a
600S200-68,33,25.0,12,12,7.03,a
800S137-97,50,25.0,12,12,11.82,a
800S137-118,50,25.0,12,12,15.41,a
800S137-43,33,25.0,12,12,2.62,a
800S137-54,33,25.0,12,12,5.31,a
600S250-68,33,25.0,12,12,7.99,a
800S162-97,50,25.0,12,12,13.58,a
800S162-118,50,25.0,12,12,17.64,a
800S162-54,50,25.0,12,12,5.54,a
600S300-68,50,25.0,12,12,8.35,a
600S300-97,50,25.0,12,12,14.82,a
600S300-118,33,25.0,12,12,19.94,a
800S200-54,33,25.0,12,12,7.39,a
600S350-68,33,25.0,12,12,11.26,a
600S350-97,50,25.0,12,12,18.93,a
600S350-118,50,25.0,12,12,24.27,a
600S200-68,33,25.0,14,16,6.5,a
800S137-97,50,25.0,14,16,11.31,a
800S137-118,50,25.0,14,16,14.88,a
800S137-43,33,25.0,14,16,2.02,a
800S137-54,33,25.0,14,16,4.77,a
600S250-68,33,25.0,14,16,7.41,a
800S162-97,50,25.0,14,16,12.97,a
800S162-118,50,25.0,14,16,17.01,a
800S162-54,50,25.0,14,16,5.0,a
600S300-68,50,25.0,14,16,7.77,a
600S300-97,50,25.0,14,16,14.21,a
600S300-118,33,25.0,14,16,19.3,a
800S200-54,33,25.0,14,16,6.83,a
600S350-68,33,25.0,14,16,10.65,a
600S350-97,50,25.0,14,16,18.27,a
600S350-118,50,25.0,14,16,23.62,a
600S200-68,33,25.0,14,24,5.44,b
800S137-97,50,25.0,14,24,10.29,a
800S137-118,50,25.0,14,24,13.81,a
800S137-43,33,25.0,14,24,0.81,c
800S137-54,33,25.0,14,24,3.7,b
600S250-68,33,25.0,14,24,6.25,a
800S162-97,50,25.0,14,24,11.75,a
800S162-118,50,25.0,14,24,15.76,a
800S162-54,50,25.0,14,24,3.92,b
600S300-68,50,25.0,14,24,6.61,a
600S300-97,50,25.0,14,24,12.99,a
600S300-118,33,25.0,14,24,18.01,a
800S200-54,33,25.0,14,24,5.7,a
600S350-68,33,25.0,14,24,9.43,a
600S350-97,50,25.0,14,24,16.94,a
600S350-118,50,25.0,14,24,22.32,a
600S200-68,33,25.0,14,12,6.02,a
800S137-97,50,25.0,14,12,10.42,a
800S137-118,50,25.0,14,12,13.66,a
800S137-43,33,25.0,14,12,1.98,b
800S137-54,33,25.0,14,12,4.6,a
600S250-68,33,25.0,14,12,7.0,a
800S162-97,50,25.0,14,12,11.93,a
800S162-118,50,25.0,14,12,15.6,a
800S162-54,50,25.0,14,12,4.75,a
600S300-68,50,25.0,14,12,7.42,a
600S300-97,50,25.0,14,12,13.24,a
600S300-118,33,25.0,14,12,17.75,a
800S200-54,33,25.0,14,12,6.44,a
600S350-68,33,25.0,14,12,10.04,a
600S350-97,50,25.0,14,12,16.74,a
600S350-118,50,25.0,14,12,21.6,a
600S200-68,33,25.0,16,16,5.38,b
800S137-97,50,25.0,16,16,9.81,a
800S137-118,50,25.0,16,16,13.02,a
800S137-43,33,25.0,16,16,1.22,c
800S137-54,33,25.0,16,16,3.93,b
600S250-68,33,25.0,16,16,6.29,a
800S162-97,50,25.0,16,16,11.2,a
800S162-118,50,25.0,16,16,14.86,a
800S162-54,50,25.0,16,16,4.09,b
600S300-68,50,25.0,16,16,6.7,a
600S300-97,50,25.0,16,16,12.5,a
600S300-118,33,25.0,16,16,16.98,a
800S200-54,33,25.0,16,16,5.75,a
600S350-68,33,25.0,16,16,9.29,a
600S350-97,50,25.0,16,16,15.95,a
600S350-118,50,25.0,16,16,20.83,a
600S200-68,33,25.0,16,12,2.15,a
800S137-97,50,25.0,16,12,3.34,a
800S137-118,50,25.0,16,12,4.52,a
800S137-43,33,25.0,16,12,7.04,a
800S137-54,33,25.0,16,12,1.96,a
600S250-68,33,25.0,16,12,3.02,a
800S162-97,50,25.0,16,12,5.13,a
800S162-118,50,25.0,16,12,6.95,a
800S162-54,50,25.0,16,12,10.98,a
600S300-68,50,25.0,16,12,14.05,a
600S300-97,50,25.0,16,12,2.5,a
600S300-118,33,25.0,16,12,4.14,a
800S200-54,33,25.0,16,12,7.41,a
600S350-68,33,25.0,16,12,9.94,a
600S350-97,50,25.0,16,12,15.64,a
600S350-118,50,25.0,16,12,20.1,a
600S200-68,33,25.0,8,16,2.03,a
800S137-97,50,25.0,8,16,3.25,a
800S137-118,50,25.0,8,16,4.43,a
800S137-43,33,25.0,8,16,6.96,a
800S137-54,33,25.0,8,16,1.79,a
600S250-68,33,25.0,8,16,2.88,a
800S162-97,50,25.0,8,16,5.01,a
800S162-118,50,25.0,8,16,6.83,a
800S162-54,50,25.0,8,16,10.88,a
600S300-68,50,25.0,8,16,13.94,a
600S300-97,50,25.0,8,16,2.32,a
600S300-118,33,25.0,8,16,4.0,a
800S200-54,33,25.0,8,16,7.26,a
600S350-68,33,25.0,8,16,9.8,a
600S350-97,50,25.0,8,16,15.5,a
600S350-118,50,25.0,8,16,19.96,a
600S200-68,33,25.0,8,24,1.8,a
800S137-97,50,25.0,8,24,3.06,a
800S137-118,50,25.0,8,24,4.26,a
800S137-43,33,25.0,8,24,6.8,a
800S137-54,33,25.0,8,24,1.44,a
600S250-68,33,25.0,8,24,2.6,a
800S162-97,50,25.0,8,24,4.76,a
800S162-118,50,25.0,8,24,6.59,a
800S162-54,50,25.0,8,24,10.66,a
600S300-68,50,25.0,8,24,13.72,a
600S300-97,50,25.0,8,24,1.94,a
600S300-118,33,25.0,8,24,3.71,a
800S200-54,33,25.0,8,24,6.98,a
600S350-68,33,25.0,8,24,9.52,a
600S350-97,50,25.0,8,24,15.24,a
600S350-118,50,25.0,8,24,19.68,a
600S200-68,33,25.0,8,12,2.06,a
800S137-97,50,25.0,8,12,3.27,a
800S137-118,50,25.0,8,12,4.45,a
800S137-43,33,25.0,8,12,6.98,a
800S137-54,33,25.0,8,12,1.83,a
600S250-68,33,25.0,8,12,2.91,a
800S162-97,50,25.0,8,12,5.03,a
800S162-118,50,25.0,8,12,6.85,a
800S162-54,50,25.0,8,12,10.9,a
600S300-68,50,25.0,8,12,13.96,a
600S300-97,50,25.0,8,12,2.35,a
600S300-118,33,25.0,8,12,4.03,a
800S200-54,33,25.0,8,12,7.29,a
600S350-68,33,25.0,8,12,9.83,a
600S350-97,50,25.0,8,12,15.53,a
600S350-118,50,25.0,8,12,19.99,a
600S200-68,33,25.0,9,16,1.91,a
800S137-97,50,25.0,9,16,3.15,a
800S137-118,50,25.0,9,16,4.34,a
800S137-43,33,25.0,9,16,6.87,a
800S137-54,33,25.0,9,16,1.61,a
600S250-68,33,25.0,9,16,2.73,a
800S162-97,50,25.0,9,16,4.88,a
800S162-118,50,25.0,9,16,6.7,a
800S162-54,50,25.0,9,16,10.76,a
600S300-68,50,25.0,9,16,13.82,a
600S300-97,50,25.0,9,16,2.12,a
600S300-118,33,25.0,9,16,3.85,a
800S200-54,33,25.0,9,16,7.12,a
600S350-68,33,25.0,9,16,9.65,a
600S350-97,50,25.0,9,16,15.36,a
600S350-118,50,25.0,9,16,19.81,a
600S200-68,33,25.0,9,24,1.62,a
800S137-97,50,25.0,9,24,2.92,a
800S137-118,50,25.0,9,24,4.12,a
800S137-43,33,25.0,9,24,6.67,a
800S137-54,33,25.0,9,24,1.17,a
600S250-68,33,25.0,9,24,2.38,a
800S162-97,50,25.0,9,24,4.57,a
800S162-118,50,25.0,9,24,6.4,a
800S162-54,50,25.0,9,24,10.48,a
600S300-68,50,25.0,9,24,13.54,a
600S300-97,50,25.0,9,24,1.64,a
600S300-118,33,25.0,9,24,3.48,a
800S200-54,33,25.0,9,24,6.76,a
600S350-68,33,25.0,9,24,9.3,a
600S350-97,50,25.0,9,24,15.02,a
600S350-118,50,25.0,9,24,19.46,a
600S200-68,33,25.0,9,12,1.96,a
800S137-97,50,25.0,9,12,3.18,a
800S137-118,50,25.0,9,12,4.37,a
800S137-43,33,25.0,9,12,6.9,a
800S137-54,33,25.0,9,12,1.67,a
600S250-68,33,25.0,9,12,2.79,a
800S162-97,50,25.0,9,12,4.92,a
800S162-118,50,25.0,9,12,6.75,a
800S162-54,50,25.0,9,12,10.8,a
600S300-68,50,25.0,9,12,13.86,a
600S300-97,50,25.0,9,12,2.19,a
600S300-118,33,25.0,9,12,3.9,a
800S200-54,33,25.0,9,12,7.17,a
600S350-68,33,25.0,9,12,9.7,a
600S350-97,50,25.0,9,12,15.41,a
600S350-118,50,25.0,9,12,19.86,a
600S200-68,33,25.0,10,16,1.78,a
800S137-97,50,25.0,10,16,3.04,a
800S137-118,50,25.0,10,16,4.23,a
800S137-43,33,25.0,10,16,6.78,a
800S137-54,33,25.0,10,16,1.4,a
600S250-68,33,25.0,10,16,2.57,a
800S162-97,50,25.0,10,16,4.73,a
800S162-118,50,25.0,10,16,6.56,a
800S162-54,50,25.0,10,16,10.63,a
600S300-68,50,25.0,10,16,13.69,a
600S300-97,50,25.0,10,16,1.89,a
600S300-118,33,25.0,10,16,3.67,a
800S200-54,33,25.0,10,16,6.95,a
600S350-68,33,25.0,10,16,9.48,a
600S350-97,50,25.0,10,16,15.2,a
600S350-118,50,25.0,10,16,19.65,a
600S200-68,33,25.0,10,24,1.41,a
800S137-97,50,25.0,10,24,2.76,a
800S137-118,50,25.0,10,24,3.96,a
800S137-43,33,25.0,10,24,6.53,a
800S137-54,33,25.0,10,24,0.86,a
600S250-68,33,25.0,10,24,2.13,a
800S162-97,50,25.0,10,24,4.35,a
800S162-118,50,25.0,10,24,6.19,a
800S162-54,50,25.0,10,24,10.29,a
600S300-68,50,25.0,10,24,13.35,a
600S300-97,50,25.0,10,24,1.31,a
600S300-118,33,25.0,10,24,3.23,a
800S200-54,33,25.0,10,24,6.51,a
600S350-68,33,25.0,10,24,9.05,a
600S350-97,50,25.0,10,24,14.79,a
600S350-118,50,25.0,10,24,19.21,a
600S200-68,33,25.0,10,12,1.72,a
800S137-97,50,25.0,10,12,3.0,a
800S137-118,50,25.0,10,12,4.19,a
800S137-43,33,25.0,10,12,6.74,a
800S137-54,33,25.0,10,12,1.31,a
600S250-68,33,25.0,10,12,2.5,a
800S162-97,50,25.0,10,12,4.67,a
800S162-118,50,25.0,10,12,6.5,a
800S162-54,50,25.0,10,12,10.57,a
600S300-68,50,25.0,10,12,13.64,a
600S300-97,50,25.0,10,12,1.79,a
600S300-118,33,25.0,10,12,3.59,a
800S200-54,33,25.0,10,12,6.87,a
600S350-68,33,25.0,10,12,9.41,a
600S350-97,50,25.0,10,12,15.14,a
600S350-118,50,25.0,10,12,19.58,a
600S200-68,33,25.0,12,16,1.46,a
800S137-97,50,25.0,12,16,2.79,a
800S137-118,50,25.0,12,16,3.99,a
800S137-43,33,25.0,12,16,6.56,a
800S137-54,33,25.0,12,16,0.92,a
600S250-68,33,25.0,12,16,2.19,a
800S162-97,50,25.0,12,16,4.4,a
800S162-118,50,25.0,12,16,6.24,a
800S162-54,50,25.0,12,16,10.33,a
600S300-68,50,25.0,12,16,13.39,a
600S300-97,50,25.0,12,16,1.37,a
600S300-118,33,25.0,12,16,3.27,a
800S200-54,33,25.0,12,16,6.55,a
600S350-68,33,25.0,12,16,9.1,a
600S350-97,50,25.0,12,16,14.84,a
600S350-118,50,25.0,12,16,19.26,a
600S200-68,33,25.0,12,12,1.44,a
800S137-97,50,25.0,12,12,2.77,a
800S137-118,50,25.0,12,12,3.98,a
800S137-43,33,25.0,12,12,6.55,a
800S137-54,33,25.0,12,12,0.89,a
600S250-68,33,25.0,12,12,2.16,a
800S162-97,50,25.0,12,12,4.38,a
800S162-118,50,25.0,12,12,6.21,a
800S162-54,50,25.0,12,12,10.31,a
600S300-68,50,25.0,12,12,13.37,a
600S300-97,50,25.0,12,12,1.32,a
600S300-118,33,25.0,12,12,3.19,a
800S200-54,33,25.0,12,12,6.38,a
600S350-68,33,25.0,12,12,8.91,a
600S350-97,50,25.0,12,12,14.73,a
600S350-118,50,25.0,12,12,19.24,a
600S200-68,33,25.0,14,16,1.08,a
800S137-97,50,25.0,14,16,2.49,a
800S137-118,50,25.0,14,16,3.71,a
800S137-43,33,25.0,14,16,6.3,a
800S137-54,33,25.0,14,16,0.36,a
600S250-68,33,25.0,14,16,1.73,a
800S162-97,50,25.0,14,16,4.0,a
800S162-118,50,25.0,14,16,5.85,a
800S162-54,50,25.0,14,16,9.97,a
600S300-68,50,25.0,14,16,13.03,a
600S300-97,50,25.0,14,16,0.75,a
600S300-118,33,25.0,14,16,2.76,a
800S200-54,33,25.0,14,16,5.96,a
600S350-68,33,25.0,14,16,8.49,a
600S350-97,50,25.0,14,16,14.32,a
600S350-118,50,25.0,14,16,18.81,a
600S200-68,33,25.0,14,12,1.11,a
800S137-97,50,25.0,14,12,2.52,a
800S137-118,50,25.0,14,12,3.73,a
800S137-43,33,25.0,14,12,6.32,a
800S137-54,33,25.0,14,12,0.4,a
600S250-68,33,25.0,14,12,1.77,a
800S162-97,50,25.0,14,12,4.03,a
800S162-118,50,25.0,14,12,5.88,a
800S162-54,50,25.0,14,12,10.0,a
600S300-68,50,25.0,14,12,13.06,a
600S300-97,50,25.0,14,12,0.79,a
600S300-118,33,25.0,14,12,2.73,a
800S200-54,33,25.0,14,12,5.78,a
600S350-68,33,25.0,14,12,8.23,a
600S350-97,50,25.0,14,12,13.86,a
600S350-118,50,25.0,14,12,18.3,a
800S250-68,33,25.0,,12,11.36,a
800S250-97,50,25.0,,12,19.14,a
800S250-118,50,25.0,,12,25.0,a
800S250-54,50,25.0,,12,8.11,a
800S300-68,50,25.0,,12,11.64,a
800S300-97,50,25.0,,12,20.9,a
800S300-118,50,25.0,,12,27.36,a
800S300-54,50,25.0,,12,10.55,a
800S350-68,50,25.0,,12,15.34,a
800S350-97,50,25.0,,12,25.42,a
800S350-118,50,25.0,,12,33.86,a
800S250-68,33,25.0,8,16,11.21,a
800S250-97,50,25.0,8,16,18.97,a
800S250-118,50,25.0,8,16,24.82,a
800S250-54,50,25.0,8,16,7.96,a
800S300-68,50,25.0,8,16,11.49,a
800S300-97,50,25.0,8,16,20.73,a
800S300-118,50,25.0,8,16,27.18,a
800S300-54,50,25.0,8,16,10.39,a
800S350-68,50,25.0,8,16,15.18,a
800S350-97,50,25.0,8,16,25.24,a
800S350-118,50,25.0,8,16,33.67,a
800S250-68,33,25.0,8,24,10.9,a
800S250-97,50,25.0,8,24,18.63,a
800S250-118,50,25.0,8,24,24.46,a
800S250-54,50,25.0,8,24,7.65,a
800S300-68,50,25.0,8,24,11.18,a
800S300-97,50,25.0,8,24,20.38,a
800S300-118,50,25.0,8,24,26.82,a
800S300-54,50,25.0,8,24,10.06,a
800S350-68,50,25.0,8,24,14.85,a
800S350-97,50,25.0,8,24,24.87,a
800S350-118,50,25.0,8,24,33.28,a
800S250-68,33,25.0,8,12,11.2,a
800S250-97,50,25.0,8,12,18.93,a
800S250-118,50,25.0,8,12,24.72,a
800S250-54,50,25.0,8,12,7.95,a
800S300-68,50,25.0,8,12,11.46,a
800S300-97,50,25.0,8,12,20.62,a
800S300-118,50,25.0,8,12,27.04,a
800S300-54,50,25.0,8,12,10.34,a
800S350-68,50,25.0,8,12,15.11,a
800S350-97,50,25.0,8,12,25.14,a
800S350-118,50,25.0,8,12,33.48,a
800S250-68,33,25.0,9,16,11.01,a
800S250-97,50,25.0,9,16,18.71,a
800S250-118,50,25.0,9,16,24.49,a
800S250-54,50,25.0,9,16,7.75,a
800S300-68,50,25.0,9,16,11.26,a
800S300-97,50,25.0,9,16,20.4,a
800S300-118,50,25.0,9,16,26.81,a
800S300-54,50,25.0,9,16,10.14,a
800S350-68,50,25.0,9,16,14.91,a
800S350-97,50,25.0,9,16,24.91,a
800S350-118,50,25.0,9,16,33.23,a
800S250-68,33,25.0,9,24,10.62,a
800S250-97,50,25.0,9,24,18.28,a
800S250-118,50,25.0,9,24,24.04,a
800S250-54,50,25.0,9,24,7.36,a
800S300-68,50,25.0,9,24,10.88,a
800S300-97,50,25.0,9,24,19.96,a
800S300-118,50,25.0,9,24,26.35,a
800S300-54,50,25.0,9,24,9.74,a
800S350-68,50,25.0,9,24,14.49,a
800S350-97,50,25.0,9,24,24.45,a
800S350-118,50,25.0,9,24,32.75,a
800S250-68,33,25.0,9,12,11.02,a
800S250-97,50,25.0,9,12,18.69,a
800S250-118,50,25.0,9,12,24.38,a
800S250-54,50,25.0,9,12,7.76,a
800S300-68,50,25.0,9,12,11.25,a
800S300-97,50,25.0,9,12,20.29,a
800S300-118,50,25.0,9,12,26.65,a
800S300-54,50,25.0,9,12,10.12,a
800S350-68,50,25.0,9,12,14.85,a
800S350-97,50,25.0,9,12,24.78,a
800S350-118,50,25.0,9,12,33.03,a
800S250-68,33,25.0,10,16,10.78,a
800S250-97,50,25.0,10,16,18.42,a
800S250-118,50,25.0,10,16,24.11,a
800S250-54,50,25.0,10,16,7.52,a
800S300-68,50,25.0,10,16,11.01,a
800S300-97,50,25.0,10,16,20.02,a
800S300-118,50,25.0,10,16,26.37,a
800S300-54,50,25.0,10,16,9.87,a
800S350-68,50,25.0,10,16,14.6,a
800S350-97,50,25.0,10,16,24.5,a
800S350-118,50,25.0,10,16,32.74,a
800S250-68,33,25.0,10,24,10.3,a
800S250-97,50,25.0,10,24,17.89,a
800S250-118,50,25.0,10,24,23.55,a
800S250-54,50,25.0,10,24,7.05,a
800S300-68,50,25.0,10,24,10.54,a
800S300-97,50,25.0,10,24,19.49,a
800S300-118,50,25.0,10,24,25.81,a
800S300-54,50,25.0,10,24,9.37,a
800S350-68,50,25.0,10,24,14.1,a
800S350-97,50,25.0,10,24,23.93,a
800S350-118,50,25.0,10,24,32.15,a
800S250-68,33,25.0,10,12,10.57,a
800S250-97,50,25.0,10,12,18.09,a
800S250-118,50,25.0,10,12,23.53,a
800S250-54,50,25.0,10,12,7.32,a
800S300-68,50,25.0,10,12,10.74,a
800S300-97,50,25.0,10,12,19.47,a
800S300-118,50,25.0,10,12,25.69,a
800S300-54,50,25.0,10,12,9.57,a
800S350-68,50,25.0,10,12,14.23,a
800S350-97,50,25.0,10,12,23.82,a
800S350-118,50,25.0,10,12,31.99,a
800S250-68,33,25.0,12,16,10.23,a
800S250-97,50,25.0,12,16,17.71,a
800S250-118,50,25.0,12,16,23.14,a
800S250-54,50,25.0,12,16,6.98,a
800S300-68,50,25.0,12,16,10.4,a
800S300-97,50,25.0,12,16,19.09,a
800S300-118,50,25.0,12,16,25.3,a
800S300-54,50,25.0,12,16,9.23,a
800S350-68,50,25.0,12,16,13.87,a
800S350-97,50,25.0,12,16,23.43,a
800S350-118,50,25.0,12,16,31.58,a
800S250-68,33,25.0,12,24,9.55,a
800S250-97,50,25.0,12,24,16.96,a
800S250-118,50,25.0,12,24,22.35,a
800S250-54,50,25.0,12,24,6.31,a
800S300-68,50,25.0,12,24,9.74,a
800S300-97,50,25.0,12,24,18.34,a
800S300-118,50,25.0,12,24,24.51,a
800S300-54,50,25.0,12,24,8.53,a
800S350-68,50,25.0,12,24,13.16,a
800S350-97,50,25.0,12,24,22.63,a
800S350-118,50,25.0,12,24,30.74,a
800S250-68,33,25.0,12,12,9.93,a
800S250-97,50,25.0,12,12,17.15,a
800S250-118,50,25.0,12,12,22.4,a
800S250-54,50,25.0,12,12,6.78,a
800S300-68,50,25.0,12,12,10.11,a
800S300-97,50,25.0,12,12,18.44,a
800S300-118,50,25.0,12,12,24.49,a
800S300-54,50,25.0,12,12,8.94,a
800S350-68,50,25.0,12,12,13.47,a
800S350-97,50,25.0,12,12,22.69,a
800S350-118,50,25.0,12,12,30.45,a
800S250-68,33,25.0,14,16,9.48,a
800S250-97,50,25.0,14,16,16.65,a
800S250-118,50,25.0,14,16,21.88,a
800S250-54,50,25.0,14,16,6.34,a
800S300-68,50,25.0,14,16,9.67,a
800S300-97,50,25.0,14,16,17.95,a
800S300-118,50,25.0,14,16,23.97,a
800S300-54,50,25.0,14,16,8.47,a
800S350-68,50,25.0,14,16,13.0,a
800S350-97,50,25.0,14,16,22.16,a
800S350-118,50,25.0,14,16,29.91,a
800S250-68,33,25.0,14,24,8.58,a
800S250-97,50,25.0,14,24,15.66,a
800S250-118,50,25.0,14,24,20.85,a
800S250-54,50,25.0,14,24,5.44,a
800S300-68,50,25.0,14,24,8.79,a
800S300-97,50,25.0,14,24,16.96,a
800S300-118,50,25.0,14,24,22.93,a
800S300-54,50,25.0,14,24,7.55,a
800S350-68,50,25.0,14,24,12.05,a
800S350-97,50,25.0,14,24,21.11,a
800S350-118,50,25.0,14,24,28.81,a
800S250-68,33,25.0,14,12,9.18,a
800S250-97,50,25.0,14,12,15.99,a
800S250-118,50,25.0,14,12,21.0,a
800S250-54,50,25.0,14,12,6.17,a
800S300-68,50,25.0,14,12,9.39,a
800S300-97,50,25.0,14,12,17.24,a
800S300-118,50,25.0,14,12,23.07,a
800S300-54,50,25.0,14,12,8.22,a
800S350-68,50,25.0,14,12,12.6,a
800S350-97,50,25.0,14,12,21.42,a
800S350-118,50,25.0,14,12,28.5,a
800S250-68,33,25.0,16,16,8.61,a
800S250-97,50,25.0,16,16,15.37,a
800S250-118,50,25.0,16,16,20.35,a
800S250-54,50,25.0,16,16,5.61,a
800S300-68,50,25.0,16,16,8.83,a
800S300-97,50,25.0,16,16,16.62,a
800S300-118,50,25.0,16,16,22.42,a
800S300-54,50,25.0,16,16,7.63,a
800S350-68,50,25.0,16,16,12.0,a
800S350-97,50,25.0,16,16,20.76,a
800S350-118,50,25.0,16,16,27.82,a
800S250-68,33,25.0,16,24,7.47,a
800S250-97,50,25.0,16,24,14.12,a
800S250-118,50,25.0,16,24,19.06,a
800S250-54,50,25.0,16,24,4.47,a
800S300-68,50,25.0,16,24,7.72,a
800S300-97,50,25.0,16,24,15.38,a
800S300-118,50,25.0,16,24,21.12,a
800S300-54,50,25.0,16,24,6.47,a
800S350-68,50,25.0,16,24,10.81,a
800S350-97,50,25.0,16,24,19.43,a
800S350-118,50,25.0,16,24,26.47,a
362S137-43,33,30.0,,12,1.25,a
362S137-54,50,30.0,,12,2.45,a
362S137-68,50,30.0,,12,3.47,a
362S137-33,33,30.0,,12,0.96,a
600S137-43,33,30.0,,12,1.66,a
362S162-54,33,30.0,,12,3.25,a
362S162-68,50,30.0,,12,4.45,a
362S162-97,50,30.0,,12,6.82,a
362S162-97,50,30.0,,12,1.27,a
362S162-33,33,30.0,,12,2.3,a
362S200-54,33,30.0,,12,4.22,a
600S162-68,50,30.0,,12,7.01,a
600S162-97,50,30.0,,12,8.5,a
600S162-43,33,30.0,,12,2.68,a
362S250-54,33,30.0,,12,4.83,a
600S200-68,50,30.0,,12,6.64,a
600S200-97,33,30.0,,12,9.76,a
362S137-43,33,30.0,8,16,0.92,b
362S137-54,50,30.0,8,16,2.18,a
362S137-68,50,30.0,8,16,3.24,a
362S137-33,33,30.0,8,16,0.6,b
600S137-43,33,30.0,8,16,1.31,a
362S162-54,33,30.0,8,16,2.96,a
362S162-68,50,30.0,8,16,4.19,a
362S162-97,50,30.0,8,16,6.55,a
362S162-97,50,30.0,8,16,0.87,b
362S162-33,33,30.0,8,16,1.92,a
362S200-54,33,30.0,8,16,3.88,a
600S162-68,50,30.0,8,16,6.62,a
600S162-97,50,30.0,8,16,8.22,a
600S162-43,33,30.0,8,16,2.26,a
362S250-54,33,30.0,8,16,4.47,a
600S200-68,50,30.0,8,16,6.29,a
600S200-97,33,30.0,8,16,9.43,a
362S137-43,33,30.0,8,12,0.96,b
362S137-54,50,30.0,8,12,2.13,a
362S137-68,50,30.0,8,12,3.12,a
362S137-33,33,30.0,8,12,0.65,c
600S137-43,33,30.0,8,12,1.33,a
362S162-54,33,30.0,8,12,2.86,a
362S162-68,50,30.0,8,12,4.0,a
362S162-97,50,30.0,8,12,6.19,a
362S162-97,50,30.0,8,12,0.93,b
362S162-33,33,30.0,8,12,1.92,a
362S200-54,33,30.0,8,12,3.72,a
600S162-68,50,30.0,8,12,6.32,a
600S162-97,50,30.0,8,12,7.72,a
600S162-43,33,30.0,8,12,2.28,a
362S250-54,33,30.0,8,12,4.35,a
600S200-68,50,30.0,8,12,5.95,a
600S200-97,33,30.0,8,12,8.87,a
362S137-43,33,30.0,8,12,0.65,d
362S137-54,50,30.0,8,12,1.79,c
362S137-68,50,30.0,8,12,2.74,b
362S137-33,33,30.0,8,12,0.33,d
600S137-43,33,30.0,8,12,0.93,c
362S162-54,33,30.0,8,12,2.45,b
362S162-68,50,30.0,8,12,3.52,a
362S162-97,50,30.0,8,12,5.51,a
362S162-97,50,30.0,8,12,0.56,c
362S162-33,33,30.0,8,12,1.52,b
362S200-54,33,30.0,8,12,3.21,a
600S162-68,50,30.0,8,12,5.55,a
600S162-97,50,30.0,8,12,6.89,a
600S162-43,33,30.0,8,12,1.86,a
362S250-54,33,30.0,8,12,3.82,a
600S200-68,50,30.0,8,12,5.24,a
600S200-97,33,30.0,8,12,7.95,a
600S200-68,33,30.0,,12,9.18,a
800S137-97,50,30.0,,12,14.66,a
800S137-118,50,30.0,,12,18.94,a
800S137-43,33,30.0,,12,4.01,a
800S137-54,33,30.0,,12,7.01,a
600S250-68,33,30.0,,12,10.28,a
800S162-97,50,30.0,,12,17.21,a
800S162-118,50,30.0,,12,22.07,a
800S162-54,50,30.0,,12,7.31,a
600S300-68,50,30.0,,12,10.48,a
600S300-97,50,30.0,,12,18.53,a
600S300-118,33,30.0,,12,24.18,a
800S200-54,33,30.0,,12,9.58,a
600S350-68,33,30.0,,12,14.04,a
600S350-97,50,30.0,,12,23.11,a
600S350-118,50,30.0,,12,30.65,a
600S200-68,33,30.0,8,16,8.94,a
800S137-97,50,30.0,8,16,14.43,a
800S137-118,50,30.0,8,16,18.69,a
800S137-43,33,30.0,8,16,3.76,a
800S137-54,33,30.0,8,16,6.77,a
600S250-68,33,30.0,8,16,10.02,a
800S162-97,50,30.0,8,16,16.93,a
800S162-118,50,30.0,8,16,21.79,a
800S162-54,50,30.0,8,16,7.07,a
600S300-68,50,30.0,8,16,10.22,a
600S300-97,50,30.0,8,16,18.25,a
600S300-118,33,30.0,8,16,23.89,a
800S200-54,33,30.0,8,16,9.33,a
600S350-68,33,30.0,8,16,13.77,a
600S350-97,50,30.0,8,16,22.81,a
600S350-118,50,30.0,8,16,30.34,a
600S200-68,33,30.0,8,24,8.46,a
800S137-97,50,30.0,8,24,13.97,a
800S137-118,50,30.0,8,24,18.21,a
800S137-43,33,30.0,8,24,3.25,a
800S137-54,33,30.0,8,24,6.3,a
600S250-68,33,30.0,8,24,9.51,a
800S162-97,50,30.0,8,24,16.37,a
800S162-118,50,30.0,8,24,21.21,a
800S162-54,50,30.0,8,24,6.6,a
600S300-68,50,30.0,8,24,9.72,a
600S300-97,50,30.0,8,24,17.69,a
600S300-118,33,30.0,8,24,23.32,a
800S200-54,33,30.0,8,24,8.83,a
600S350-68,33,30.0,8,24,13.23,a
600S350-97,50,30.0,8,24,22.22,a
600S350-118,50,30.0,8,24,29.73,a
600S200-68,33,30.0,8,12,8.87,a
800S137-97,50,30.0,8,12,14.29,a
800S137-118,50,30.0,8,12,18.5,a
800S137-43,33,30.0,8,12,3.78,a
800S137-54,33,30.0,8,12,6.74,a
600S250-68,33,30.0,8,12,9.94,a
800S162-97,50,30.0,8,12,16.71,a
800S162-118,50,30.0,8,12,21.49,a
800S162-54,50,30.0,8,12,7.04,a
600S300-68,50,30.0,8,12,10.14,a
600S300-97,50,30.0,8,12,18.0,a
600S300-118,33,30.0,8,12,23.57,a
800S200-54,33,30.0,8,12,9.24,a
600S350-68,33,30.0,8,12,13.63,a
600S350-97,50,30.0,8,12,22.51,a
600S350-118,50,30.0,8,12,29.75,a
600S200-68,33,30.0,9,16,8.58,a
800S137-97,50,30.0,9,16,14.01,a
800S137-118,50,30.0,9,16,18.2,a
800S137-43,33,30.0,9,16,3.46,a
800S137-54,33,30.0,9,16,6.45,a
600S250-68,33,30.0,9,16,9.61,a
800S162-97,50,30.0,9,16,16.36,a
800S162-118,50,30.0,9,16,21.13,a
800S162-54,50,30.0,9,16,6.74,a
600S300-68,50,30.0,9,16,9.82,a
600S300-97,50,30.0,9,16,17.66,a
600S300-118,33,30.0,9,16,23.21,a
800S200-54,33,30.0,9,16,8.93,a
600S350-68,33,30.0,9,16,13.29,a
600S350-97,50,30.0,9,16,22.14,a
600S350-118,50,30.0,9,16,29.37,a
600S200-68,33,30.0,9,24,7.98,a
800S137-97,50,30.0,9,24,13.43,a
800S137-118,50,30.0,9,24,17.59,a
800S137-43,33,30.0,9,24,2.82,a
800S137-54,33,30.0,9,24,5.86,a
600S250-68,33,30.0,9,24,8.97,a
800S162-97,50,30.0,9,24,15.67,a
800S162-118,50,30.0,9,24,20.41,a
800S162-54,50,30.0,9,24,6.15,a
600S300-68,50,30.0,9,24,9.19,a
600S300-97,50,30.0,9,24,16.96,a
600S300-118,33,30.0,9,24,22.49,a
800S200-54,33,30.0,9,24,8.3,a
600S350-68,33,30.0,9,24,12.61,a
600S350-97,50,30.0,9,24,21.4,a
600S350-118,50,30.0,9,24,28.61,a
600S200-68,33,30.0,9,12,8.52,a
800S137-97,50,30.0,9,12,13.86,a
800S137-118,50,30.0,9,12,17.98,a
800S137-43,33,30.0,9,12,3.52,a
800S137-54,33,30.0,9,12,6.44,a
600S250-68,33,30.0,9,12,9.55,a
800S162-97,50,30.0,9,12,16.14,a
800S162-118,50,30.0,9,12,20.81,a
800S162-54,50,30.0,9,12,6.73,a
600S300-68,50,30.0,9,12,9.76,a
600S300-97,50,30.0,9,12,17.4,a
600S300-118,33,30.0,9,12,22.88,a
800S200-54,33,30.0,9,12,8.87,a
600S350-68,33,30.0,9,12,13.16,a
600S350-97,50,30.0,9,12,21.85,a
600S350-118,50,30.0,9,12,28.75,a
600S200-68,33,30.0,10,16,8.16,a
800S137-97,50,30.0,10,16,13.51,a
800S137-118,50,30.0,10,16,17.61,a
800S137-43,33,30.0,10,16,3.13,a
800S137-54,33,30.0,10,16,6.08,a
600S250-68,33,30.0,10,16,9.16,a
800S162-97,50,30.0,10,16,15.72,a
800S162-118,50,30.0,10,16,20.38,a
800S162-54,50,30.0,10,16,6.37,a
600S300-68,50,30.0,10,16,9.38,a
600S300-97,50,30.0,10,16,16.99,a
600S300-118,33,30.0,10,16,22.45,a
800S200-54,33,30.0,10,16,8.48,a
600S350-68,33,30.0,10,16,12.75,a
600S350-97,50,30.0,10,16,21.4,a
600S350-118,50,30.0,10,16,28.29,a
600S200-68,33,30.0,10,24,7.44,a
800S137-97,50,30.0,10,24,12.82,a
800S137-118,50,30.0,10,24,16.88,a
800S137-43,33,30.0,10,24,2.34,a
800S137-54,33,30.0,10,24,5.37,a
600S250-68,33,30.0,10,24,8.38,a
800S162-97,50,30.0,10,24,14.88,a
800S162-118,50,30.0,10,24,19.51,a
800S162-54,50,30.0,10,24,5.65,a
600S300-68,50,30.0,10,24,8.61,a
600S300-97,50,30.0,10,24,16.15,a
600S300-118,33,30.0,10,24,21.58,a
800S200-54,33,30.0,10,24,7.72,a
600S350-68,33,30.0,10,24,11.93,a
600S350-97,50,30.0,10,24,20.5,a
600S350-118,50,30.0,10,24,27.38,a
600S200-68,33,30.0,10,12,7.69,a
800S137-97,50,30.0,10,12,12.81,a
800S137-118,50,30.0,10,12,16.69,a
800S137-43,33,30.0,10,12,2.93,a
800S137-54,33,30.0,10,12,5.75,a
600S250-68,33,30.0,10,12,8.66,a
800S162-97,50,30.0,10,12,14.79,a
800S162-118,50,30.0,10,12,19.18,a
800S162-54,50,30.0,10,12,6.02,a
600S300-68,50,30.0,10,12,8.94,a
600S300-97,50,30.0,10,12,16.02,a
600S300-118,33,30.0,10,12,21.3,a
800S200-54,33,30.0,10,12,8.01,a
600S350-68,33,30.0,10,12,12.1,a
600S350-97,50,30.0,10,12,20.37,a
600S350-118,50,30.0,10,12,26.46,a
600S200-68,33,30.0,12,16,7.2,a
800S137-97,50,30.0,12,16,12.33,a
800S137-118,50,30.0,12,16,16.19,a
800S137-43,33,30.0,12,16,2.38,a
800S137-54,33,30.0,12,16,5.25,a
600S250-68,33,30.0,12,16,8.12,a
800S162-97,50,30.0,12,16,14.22,a
800S162-118,50,30.0,12,16,18.59,a
800S162-54,50,30.0,12,16,5.52,a
600S300-68,50,30.0,12,16,8.41,a
600S300-97,50,30.0,12,16,15.45,a
600S300-118,33,30.0,12,16,20.7,a
800S200-54,33,30.0,12,16,7.49,a
600S350-68,33,30.0,12,16,11.53,a
600S350-97,50,30.0,12,16,19.75,a
600S350-118,50,30.0,12,16,25.84,a
600S200-68,33,30.0,12,24,6.2,a
800S137-97,50,30.0,12,24,11.37,a
800S137-118,50,30.0,12,24,15.18,a
800S137-43,33,30.0,12,24,1.28,b
800S137-54,33,30.0,12,24,4.26,a
600S250-68,33,30.0,12,24,7.04,a
800S162-97,50,30.0,12,24,13.06,a
800S162-118,50,30.0,12,24,17.41,a
800S162-54,50,30.0,12,24,4.52,a
600S300-68,50,30.0,12,24,7.34,a
600S300-97,50,30.0,12,24,14.31,a
600S300-118,33,30.0,12,24,19.5,a
800S200-54,33,30.0,12,24,6.43,a
600S350-68,33,30.0,12,24,10.4,a
600S350-97,50,30.0,12,24,18.51,a
600S350-118,50,30.0,12,24,24.6,a
600S200-68,33,30.0,12,12,6.71,a
800S137-97,50,30.0,12,12,11.51,a
800S137-118,50,30.0,12,12,15.09,a
800S137-43,33,30.0,12,12,2.26,a
800S137-54,33,30.0,12,12,4.99,a
600S250-68,33,30.0,12,12,7.64,a
800S162-97,50,30.0,12,12,13.21,a
800S162-118,50,30.0,12,12,17.26,a
800S162-54,50,30.0,12,12,5.22,a
600S300-68,50,30.0,12,12,8.0,a
600S300-97,50,30.0,12,12,14.46,a
600S300-118,33,30.0,12,12,19.55,a
800S200-54,33,30.0,12,12,7.05,a
600S350-68,33,30.0,12,12,10.89,a
600S350-97,50,30.0,12,12,18.53,a
600S350-118,50,30.0,12,12,23.88,a
600S200-68,33,30.0,14,16,6.08,a
800S137-97,50,30.0,14,16,10.9,a
800S137-118,50,30.0,14,16,14.45,a
800S137-43,33,30.0,14,16,1.53,b
800S137-54,33,30.0,14,16,4.34,a
600S250-68,33,30.0,14,16,6.95,a
800S162-97,50,30.0,14,16,12.48,a
800S162-118,50,30.0,14,16,16.51,a
800S162-54,50,30.0,14,16,4.57,a
600S300-68,50,30.0,14,16,7.31,a
600S300-97,50,30.0,14,16,13.72,a
600S300-118,33,30.0,14,16,18.78,a
800S200-54,33,30.0,14,16,6.37,a
600S350-68,33,30.0,14,16,10.16,a
600S350-97,50,30.0,14,16,17.74,a
600S350-118,50,30.0,14,16,23.1,a
600S200-68,33,30.0,14,24,4.8,c
800S137-97,50,30.0,14,24,9.68,a
800S137-118,50,30.0,14,24,13.17,a
800S137-43,33,30.0,14,24,0.08,d
800S137-54,33,30.0,14,24,3.05,c
600S250-68,33,30.0,14,24,5.55,b
800S162-97,50,30.0,14,24,11.02,a
800S162-118,50,30.0,14,24,15.01,a
800S162-54,50,30.0,14,24,3.27,c
600S300-68,50,30.0,14,24,5.92,b
600S300-97,50,30.0,14,24,12.26,a
600S300-118,33,30.0,14,24,17.24,a
800S200-54,33,30.0,14,24,5.02,b
600S350-68,33,30.0,14,24,8.7,a
600S350-97,50,30.0,14,24,16.15,a
600S350-118,50,30.0,14,24,21.53,a
600S200-68,33,30.0,14,12,5.64,a
800S137-97,50,30.0,14,12,10.06,a
800S137-118,50,30.0,14,12,13.27,a
800S137-43,33,30.0,14,12,1.53,c
800S137-54,33,30.0,14,12,4.2,b
600S250-68,33,30.0,14,12,6.57,a
800S162-97,50,30.0,14,12,11.49,a
800S162-118,50,30.0,14,12,15.15,a
800S162-54,50,30.0,14,12,4.35,a
600S300-68,50,30.0,14,12,6.99,a
600S300-97,50,30.0,14,12,12.8,a
600S300-118,33,30.0,14,12,17.29,a
800S200-54,33,30.0,14,12,6.03,a
600S350-68,33,30.0,14,12,9.59,a
600S350-97,50,30.0,14,12,16.27,a
600S350-118,50,30.0,14,12,21.14,a
600S200-68,33,30.0,16,16,4.87,c
800S137-97,50,30.0,16,16,9.32,a
800S137-118,50,30.0,16,16,12.51,a
800S137-43,33,30.0,16,16,0.62,d
800S137-54,33,30.0,16,16,3.39,c
600S250-68,33,30.0,16,16,5.72,b
800S162-97,50,30.0,16,16,10.62,a
800S162-118,50,30.0,16,16,14.26,a
800S162-54,50,30.0,16,16,3.56,c
600S300-68,50,30.0,16,16,6.12,b
600S300-97,50,30.0,16,16,11.91,a
600S300-118,33,30.0,16,16,16.36,a
800S200-54,33,30.0,16,16,5.2,b
600S350-68,33,30.0,16,16,8.7,a
600S350-97,50,30.0,16,16,15.32,a
600S350-118,50,30.0,16,16,20.21,a
600S200-68,33,30.0,16,12,2.08,a
800S137-97,50,30.0,16,12,3.28,a
800S137-118,50,30.0,16,12,4.47,a
800S137-43,33,30.0,16,12,6.99,a
800S137-54,33,30.0,16,12,1.86,a
600S250-68,33,30.0,16,12,2.94,a
800S162-97,50,30.0,16,12,5.06,a
800S162-118,50,30.0,16,12,6.88,a
800S162-54,50,30.0,16,12,10.92,a
600S300-68,50,30.0,16,12,13.98,a
600S300-97,50,30.0,16,12,2.39,a
600S300-118,33,30.0,16,12,4.06,a
800S200-54,33,30.0,16,12,7.32,a
600S350-68,33,30.0,16,12,9.85,a
600S350-97,50,30.0,16,12,15.56,a
600S350-118,50,30.0,16,12,20.02,a
600S200-68,33,30.0,8,16,1.94,a
800S137-97,50,30.0,8,16,3.17,a
800S137-118,50,30.0,8,16,4.36,a
800S137-43,33,30.0,8,16,6.9,a
800S137-54,33,30.0,8,16,1.65,a
600S250-68,33,30.0,8,16,2.77,a
800S162-97,50,30.0,8,16,4.91,a
800S162-118,50,30.0,8,16,6.73,a
800S162-54,50,30.0,8,16,10.79,a
600S300-68,50,30.0,8,16,13.85,a
600S300-97,50,30.0,8,16,2.16,a
600S300-118,33,30.0,8,16,3.88,a
800S200-54,33,30.0,8,16,7.15,a
600S350-68,33,30.0,8,16,9.69,a
600S350-97,50,30.0,8,16,15.4,a
600S350-118,50,30.0,8,16,19.85,a
600S200-68,33,30.0,8,24,1.67,a
800S137-97,50,30.0,8,24,2.96,a
800S137-118,50,30.0,8,24,4.15,a
800S137-43,33,30.0,8,24,6.7,a
800S137-54,33,30.0,8,24,1.23,a
600S250-68,33,30.0,8,24,2.44,a
800S162-97,50,30.0,8,24,4.62,a
800S162-118,50,30.0,8,24,6.45,a
800S162-54,50,30.0,8,24,10.53,a
600S300-68,50,30.0,8,24,13.59,a
600S300-97,50,30.0,8,24,1.71,a
600S300-118,33,30.0,8,24,3.54,a
800S200-54,33,30.0,8,24,6.81,a
600S350-68,33,30.0,8,24,9.35,a
600S350-97,50,30.0,8,24,15.08,a
600S350-118,50,30.0,8,24,19.51,a
600S200-68,33,30.0,8,12,1.97,a
800S137-97,50,30.0,8,12,3.2,a
800S137-118,50,30.0,8,12,4.38,a
800S137-43,33,30.0,8,12,6.91,a
800S137-54,33,30.0,8,12,1.69,a
600S250-68,33,30.0,8,12,2.8,a
800S162-97,50,30.0,8,12,4.94,a
800S162-118,50,30.0,8,12,6.76,a
800S162-54,50,30.0,8,12,10.81,a
600S300-68,50,30.0,8,12,13.88,a
600S300-97,50,30.0,8,12,2.21,a
600S300-118,33,30.0,8,12,3.92,a
800S200-54,33,30.0,8,12,7.19,a
600S350-68,33,30.0,8,12,9.72,a
600S350-97,50,30.0,8,12,15.43,a
600S350-118,50,30.0,8,12,19.88,a
600S200-68,33,30.0,9,16,1.8,a
800S137-97,50,30.0,9,16,3.06,a
800S137-118,50,30.0,9,16,4.25,a
800S137-43,33,30.0,9,16,6.79,a
800S137-54,33,30.0,9,16,1.43,a
600S250-68,33,30.0,9,16,2.59,a
800S162-97,50,30.0,9,16,4.76,a
800S162-118,50,30.0,9,16,6.58,a
800S162-54,50,30.0,9,16,10.65,a
600S300-68,50,30.0,9,16,13.71,a
600S300-97,50,30.0,9,16,1.93,a
600S300-118,33,30.0,9,16,3.7,a
800S200-54,33,30.0,9,16,6.97,a
600S350-68,33,30.0,9,16,9.51,a
600S350-97,50,30.0,9,16,15.23,a
600S350-118,50,30.0,9,16,19.67,a
600S200-68,33,30.0,9,24,1.45,a
800S137-97,50,30.0,9,24,2.78,a
800S137-118,50,30.0,9,24,3.98,a
800S137-43,33,30.0,9,24,6.55,a
800S137-54,33,30.0,9,24,0.9,a
600S250-68,33,30.0,9,24,2.17,a
800S162-97,50,30.0,9,24,4.39,a
800S162-118,50,30.0,9,24,6.22,a
800S162-54,50,30.0,9,24,10.32,a
600S300-68,50,30.0,9,24,13.38,a
600S300-97,50,30.0,9,24,1.35,a
600S300-118,33,30.0,9,24,3.26,a
800S200-54,33,30.0,9,24,6.54,a
600S350-68,33,30.0,9,24,9.09,a
600S350-97,50,30.0,9,24,14.82,a
600S350-118,50,30.0,9,24,19.25,a
600S200-68,33,30.0,9,12,1.85,a
800S137-97,50,30.0,9,12,3.1,a
800S137-118,50,30.0,9,12,4.29,a
800S137-43,33,30.0,9,12,6.83,a
800S137-54,33,30.0,9,12,1.51,a
600S250-68,33,30.0,9,12,2.66,a
800S162-97,50,30.0,9,12,4.81,a
800S162-118,50,30.0,9,12,6.64,a
800S162-54,50,30.0,9,12,10.7,a
600S300-68,50,30.0,9,12,13.76,a
600S300-97,50,30.0,9,12,2.01,a
600S300-118,33,30.0,9,12,3.76,a
800S200-54,33,30.0,9,12,7.04,a
600S350-68,33,30.0,9,12,9.57,a
600S350-97,50,30.0,9,12,15.29,a
600S350-118,50,30.0,9,12,19.73,a
600S200-68,33,30.0,10,16,1.63,a
800S137-97,50,30.0,10,16,2.93,a
800S137-118,50,30.0,10,16,4.12,a
800S137-43,33,30.0,10,16,6.68,a
800S137-54,33,30.0,10,16,1.18,a
600S250-68,33,30.0,10,16,2.39,a
800S162-97,50,30.0,10,16,4.58,a
800S162-118,50,30.0,10,16,6.41,a
800S162-54,50,30.0,10,16,10.49,a
600S300-68,50,30.0,10,16,13.55,a
600S300-97,50,30.0,10,16,1.66,a
600S300-118,33,30.0,10,16,3.49,a
800S200-54,33,30.0,10,16,6.77,a
600S350-68,33,30.0,10,16,9.31,a
600S350-97,50,30.0,10,16,15.04,a
600S350-118,50,30.0,10,16,19.47,a
600S200-68,33,30.0,10,24,1.2,a
800S137-97,50,30.0,10,24,2.59,a
800S137-118,50,30.0,10,24,3.79,a
800S137-43,33,30.0,10,24,6.38,a
800S137-54,33,30.0,10,24,0.53,a
600S250-68,33,30.0,10,24,1.87,a
800S162-97,50,30.0,10,24,4.12,a
800S162-118,50,30.0,10,24,5.97,a
800S162-54,50,30.0,10,24,10.08,a
600S300-68,50,30.0,10,24,13.14,a
600S300-97,50,30.0,10,24,0.95,a
600S300-118,33,30.0,10,24,2.96,a
800S200-54,33,30.0,10,24,6.24,a
600S350-68,33,30.0,10,24,8.79,a
600S350-97,50,30.0,10,24,14.54,a
600S350-118,50,30.0,10,24,18.95,a
600S200-68,33,30.0,10,12,1.56,a
800S137-97,50,30.0,10,12,2.87,a
800S137-118,50,30.0,10,12,4.07,a
800S137-43,33,30.0,10,12,6.63,a
800S137-54,33,30.0,10,12,1.08,a
600S250-68,33,30.0,10,12,2.31,a
800S162-97,50,30.0,10,12,4.51,a
800S162-118,50,30.0,10,12,6.34,a
800S162-54,50,30.0,10,12,10.43,a
600S300-68,50,30.0,10,12,13.49,a
600S300-97,50,30.0,10,12,1.54,a
600S300-118,33,30.0,10,12,3.4,a
800S200-54,33,30.0,10,12,6.68,a
600S350-68,33,30.0,10,12,9.23,a
600S350-97,50,30.0,10,12,14.96,a
600S350-118,50,30.0,10,12,19.39,a
600S200-68,33,30.0,12,16,1.25,a
800S137-97,50,30.0,12,16,2.63,a
800S137-118,50,30.0,12,16,3.83,a
800S137-43,33,30.0,12,16,6.42,a
800S137-54,33,30.0,12,16,0.61,a
600S250-68,33,30.0,12,16,1.94,a
800S162-97,50,30.0,12,16,4.18,a
800S162-118,50,30.0,12,16,6.02,a
800S162-54,50,30.0,12,16,10.13,a
600S300-68,50,30.0,12,16,13.19,a
600S300-97,50,30.0,12,16,1.03,a
600S300-118,33,30.0,12,16,3.01,a
800S200-54,33,30.0,12,16,6.3,a
600S350-68,33,30.0,12,16,8.85,a
600S350-97,50,30.0,12,16,14.6,a
600S350-118,50,30.0,12,16,19.01,a
600S200-68,33,30.0,12,12,1.22,a
800S137-97,50,30.0,12,12,2.61,a
800S137-118,50,30.0,12,12,3.81,a
800S137-43,33,30.0,12,12,6.4,a
800S137-54,33,30.0,12,12,0.57,a
600S250-68,33,30.0,12,12,1.9,a
800S162-97,50,30.0,12,12,4.15,a
800S162-118,50,30.0,12,12,6.0,a
800S162-54,50,30.0,12,12,10.11,a
600S300-68,50,30.0,12,12,13.17,a
600S300-97,50,30.0,12,12,0.98,a
600S300-118,33,30.0,12,12,2.93,a
800S200-54,33,30.0,12,12,6.12,a
600S350-68,33,30.0,12,12,8.66,a
600S350-97,50,30.0,12,12,14.48,a
600S350-118,50,30.0,12,12,18.98,a
800S250-68,33,30.0,,12,11.27,a
800S250-97,50,30.0,,12,19.04,a
800S250-118,50,30.0,,12,24.89,a
800S250-54,50,30.0,,12,8.02,a
800S300-68,50,30.0,,12,11.55,a
800S300-97,50,30.0,,12,20.8,a
800S300-118,50,30.0,,12,27.25,a
800S300-54,50,30.0,,12,10.45,a
800S350-68,50,30.0,,12,15.24,a
800S350-97,50,30.0,,12,25.31,a
800S350-118,50,30.0,,12,33.74,a
800S250-68,33,30.0,8,16,11.09,a
800S250-97,50,30.0,8,16,18.83,a
800S250-118,50,30.0,8,16,24.68,a
800S250-54,50,30.0,8,16,7.83,a
800S300-68,50,30.0,8,16,11.37,a
800S300-97,50,30.0,8,16,20.59,a
800S300-118,50,30.0,8,16,27.03,a
800S300-54,50,30.0,8,16,10.26,a
800S350-68,50,30.0,8,16,15.05,a
800S350-97,50,30.0,8,16,25.09,a
800S350-118,50,30.0,8,16,33.51,a
800S250-68,33,30.0,8,24,10.72,a
800S250-97,50,30.0,8,24,18.42,a
800S250-118,50,30.0,8,24,24.25,a
800S250-54,50,30.0,8,24,7.46,a
800S300-68,50,30.0,8,24,11.0,a
800S300-97,50,30.0,8,24,20.17,a
800S300-118,50,30.0,8,24,26.6,a
800S300-54,50,30.0,8,24,9.87,a
800S350-68,50,30.0,8,24,14.65,a
800S350-97,50,30.0,8,24,24.65,a
800S350-118,50,30.0,8,24,33.05,a
800S250-68,33,30.0,8,12,11.08,a
800S250-97,50,30.0,8,12,18.8,a
800S250-118,50,30.0,8,12,24.58,a
800S250-54,50,30.0,8,12,7.83,a
800S300-68,50,30.0,8,12,11.34,a
800S300-97,50,30.0,8,12,20.49,a
800S300-118,50,30.0,8,12,26.9,a
800S300-54,50,30.0,8,12,10.22,a
800S350-68,50,30.0,8,12,14.99,a
800S350-97,50,30.0,8,12,25.0,a
800S350-118,50,30.0,8,12,33.33,a
800S250-68,33,30.0,9,16,10.85,a
800S250-97,50,30.0,9,16,18.54,a
800S250-118,50,30.0,9,16,24.31,a
800S250-54,50,30.0,9,16,7.6,a
800S300-68,50,30.0,9,16,11.11,a
800S300-97,50,30.0,9,16,20.23,a
800S300-118,50,30.0,9,16,26.62,a
800S300-54,50,30.0,9,16,9.98,a
800S350-68,50,30.0,9,16,14.74,a
800S350-97,50,30.0,9,16,24.73,a
800S350-118,50,30.0,9,16,33.04,a
800S250-68,33,30.0,9,24,10.38,a
800S250-97,50,30.0,9,24,18.02,a
800S250-118,50,30.0,9,24,23.77,a
800S250-54,50,30.0,9,24,7.13,a
800S300-68,50,30.0,9,24,10.65,a
800S300-97,50,30.0,9,24,19.7,a
800S300-118,50,30.0,9,24,26.08,a
800S300-54,50,30.0,9,24,9.49,a
800S350-68,50,30.0,9,24,14.25,a
800S350-97,50,30.0,9,24,24.17,a
800S350-118,50,30.0,9,24,32.46,a
800S250-68,33,30.0,9,12,10.87,a
800S250-97,50,30.0,9,12,18.53,a
800S250-118,50,30.0,9,12,24.22,a
800S250-54,50,30.0,9,12,7.62,a
800S300-68,50,30.0,9,12,11.11,a
800S300-97,50,30.0,9,12,20.13,a
800S300-118,50,30.0,9,12,26.48,a
800S300-54,50,30.0,9,12,9.97,a
800S350-68,50,30.0,9,12,14.7,a
800S350-97,50,30.0,9,12,24.61,a
800S350-118,50,30.0,9,12,32.86,a
800S250-68,33,30.0,10,16,10.59,a
800S250-97,50,30.0,10,16,18.21,a
800S250-118,50,30.0,10,16,23.88,a
800S250-54,50,30.0,10,16,7.33,a
800S300-68,50,30.0,10,16,10.82,a
800S300-97,50,30.0,10,16,19.81,a
800S300-118,50,30.0,10,16,26.15,a
800S300-54,50,30.0,10,16,9.67,a
800S350-68,50,30.0,10,16,14.4,a
800S350-97,50,30.0,10,16,24.27,a
800S350-118,50,30.0,10,16,32.5,a
800S250-68,33,30.0,10,24,10.01,a
800S250-97,50,30.0,10,24,17.57,a
800S250-118,50,30.0,10,24,23.22,a
800S250-54,50,30.0,10,24,6.76,a
800S300-68,50,30.0,10,24,10.26,a
800S300-97,50,30.0,10,24,19.17,a
800S300-118,50,30.0,10,24,25.48,a
800S300-54,50,30.0,10,24,9.07,a
800S350-68,50,30.0,10,24,13.79,a
800S350-97,50,30.0,10,24,23.59,a
800S350-118,50,30.0,10,24,31.8,a
800S250-68,33,30.0,10,12,10.36,a
800S250-97,50,30.0,10,12,17.86,a
800S250-118,50,30.0,10,12,23.3,a
800S250-54,50,30.0,10,12,7.12,a
800S300-68,50,30.0,10,12,10.54,a
800S300-97,50,30.0,10,12,19.24,a
800S300-118,50,30.0,10,12,25.46,a
800S300-54,50,30.0,10,12,9.37,a
800S350-68,50,30.0,10,12,14.02,a
800S350-97,50,30.0,10,12,23.58,a
800S350-118,50,30.0,10,12,31.74,a
800S250-68,33,30.0,12,16,9.96,a
800S250-97,50,30.0,12,16,17.41,a
800S250-118,50,30.0,12,16,22.82,a
800S250-54,50,30.0,12,16,6.71,a
800S300-68,50,30.0,12,16,10.14,a
800S300-97,50,30.0,12,16,18.79,a
800S300-118,50,30.0,12,16,24.99,a
800S300-54,50,30.0,12,16,8.95,a
800S350-68,50,30.0,12,16,13.59,a
800S350-97,50,30.0,12,16,23.11,a
800S350-118,50,30.0,12,16,31.24,a
800S250-68,33,30.0,12,24,9.14,a
800S250-97,50,30.0,12,24,16.51,a
800S250-118,50,30.0,12,24,21.88,a
800S250-54,50,30.0,12,24,5.9,a
800S300-68,50,30.0,12,24,9.34,a
800S300-97,50,30.0,12,24,17.89,a
800S300-118,50,30.0,12,24,24.04,a
800S300-54,50,30.0,12,24,8.11,a
800S350-68,50,30.0,12,24,12.73,a
800S350-97,50,30.0,12,24,22.15,a
800S350-118,50,30.0,12,24,30.24,a
800S250-68,33,30.0,12,12,9.66,a
800S250-97,50,30.0,12,12,16.85,a
800S250-118,50,30.0,12,12,22.09,a
800S250-54,50,30.0,12,12,6.52,a
800S300-68,50,30.0,12,12,9.85,a
800S300-97,50,30.0,12,12,18.14,a
800S300-118,50,30.0,12,12,24.17,a
800S300-54,50,30.0,12,12,8.66,a
800S350-68,50,30.0,12,12,13.19,a
800S350-97,50,30.0,12,12,22.37,a
800S350-118,50,30.0,12,12,30.13,a
800S250-68,33,30.0,14,16,9.12,a
800S250-97,50,30.0,14,16,16.25,a
800S250-118,50,30.0,14,16,21.47,a
800S250-54,50,30.0,14,16,5.98,a
800S300-68,50,30.0,14,16,9.32,a
800S300-97,50,30.0,14,16,17.55,a
800S300-118,50,30.0,14,16,23.55,a
800S300-54,50,30.0,14,16,8.1,a
800S350-68,50,30.0,14,16,12.62,a
800S350-97,50,30.0,14,16,21.74,a
800S350-118,50,30.0,14,16,29.47,a
800S250-68,33,30.0,14,24,8.04,a
800S250-97,50,30.0,14,24,15.06,a
800S250-118,50,30.0,14,24,20.23,a
800S250-54,50,30.0,14,24,4.9,a
800S300-68,50,30.0,14,24,8.26,a
800S300-97,50,30.0,14,24,16.36,a
800S300-118,50,30.0,14,24,22.3,a
800S300-54,50,30.0,14,24,7.0,a
800S350-68,50,30.0,14,24,11.49,a
800S350-97,50,30.0,14,24,20.48,a
800S350-118,50,30.0,14,24,28.16,a
800S250-68,33,30.0,14,12,8.83,a
800S250-97,50,30.0,14,12,15.62,a
800S250-118,50,30.0,14,12,20.61,a
800S250-54,50,30.0,14,12,5.83,a
800S300-68,50,30.0,14,12,9.05,a
800S300-97,50,30.0,14,12,16.86,a
800S300-118,50,30.0,14,12,22.68,a
800S300-54,50,30.0,14,12,7.87,a
800S350-68,50,30.0,14,12,12.24,a
800S350-97,50,30.0,14,12,21.02,a
800S350-118,50,30.0,14,12,28.1,a
800S250-68,33,30.0,16,16,8.15,a
800S250-97,50,30.0,16,16,14.87,a
800S250-118,50,30.0,16,16,19.84,a
800S250-54,50,30.0,16,16,5.15,a
800S300-68,50,30.0,16,16,8.38,a
800S300-97,50,30.0,16,16,16.12,a
800S300-118,50,30.0,16,16,21.9,a
800S300-54,50,30.0,16,16,7.17,a
800S350-68,50,30.0,16,16,11.52,a
800S350-97,50,30.0,16,16,20.23,a
800S350-118,50,30.0,16,16,27.28,a
800S250-68,33,30.0,16,24,6.79,a
800S250-97,50,30.0,16,24,13.38,a
800S250-118,50,30.0,16,24,18.28,a
800S250-54,50,30.0,16,24,3.79,a
800S300-68,50,30.0,16,24,7.05,a
800S300-97,50,30.0,16,24,14.63,a
800S300-118,50,30.0,16,24,20.34,a
800S300-54,50,30.0,16,24,5.77,a
800S350-68,50,30.0,16,24,10.09,a
800S350-97,50,30.0,16,24,18.64,a
800S350-118,50,30.0,16,24,25.65,a
362S137-43,33,35.0,,12,1.08,a
362S137-54,50,35.0,,12,2.32,a
362S137-68,50,35.0,,12,3.35,a
362S137-33,33,35.0,,12,0.78,b
600S137-43,33,35.0,,12,1.49,a
362S162-54,33,35.0,,12,3.11,a
362S162-68,50,35.0,,12,4.32,a
362S162-97,50,35.0,,12,6.68,a
362S162-97,50,35.0,,12,1.07,a
362S162-33,33,35.0,,12,2.11,a
362S200-54,33,35.0,,12,4.05,a
600S162-68,50,35.0,,12,6.82,a
600S162-97,50,35.0,,12,8.36,a
600S162-43,33,35.0,,12,2.47,a
362S250-54,33,35.0,,12,4.65,a
600S200-68,50,35.0,,12,6.46,a
600S200-97,33,35.0,,12,9.59,a
362S137-43,33,35.0,8,16,0.69,c
362S137-54,50,35.0,8,16,2.01,b
362S137-68,50,35.0,8,16,3.08,a
362S137-33,33,35.0,8,16,0.36,c
600S137-43,33,35.0,8,16,1.09,b
362S162-54,33,35.0,8,16,2.77,a
362S162-68,50,35.0,8,16,4.02,a
362S162-97,50,35.0,8,16,6.37,a
362S162-97,50,35.0,8,16,0.61,b
362S162-33,33,35.0,8,16,1.66,a
362S200-54,33,35.0,8,16,3.66,a
600S162-68,50,35.0,8,16,6.36,a
600S162-97,50,35.0,8,16,8.04,a
600S162-43,33,35.0,8,16,1.99,a
362S250-54,33,35.0,8,16,4.23,a
600S200-68,50,35.0,8,16,6.05,a
600S200-97,33,35.0,8,16,9.21,a
362S137-43,33,35.0,8,12,0.75,c
362S137-54,50,35.0,8,12,1.97,b
362S137-68,50,35.0,8,12,2.98,a
362S137-33,33,35.0,8,12,0.43,c
600S137-43,33,35.0,8,12,1.12,b
362S162-54,33,35.0,8,12,2.69,a
362S162-68,50,35.0,8,12,3.84,a
362S162-97,50,35.0,8,12,6.03,a
362S162-97,50,35.0,8,12,0.68,c
362S162-33,33,35.0,8,12,1.68,a
362S200-54,33,35.0,8,12,3.52,a
600S162-68,50,35.0,8,12,6.08,a
600S162-97,50,35.0,8,12,7.55,a
600S162-43,33,35.0,8,12,2.02,a
362S250-54,33,35.0,8,12,4.13,a
600S200-68,50,35.0,8,12,5.74,a
600S200-97,33,35.0,8,12,8.68,a
600S200-68,33,35.0,,12,9.06,a
800S137-97,50,35.0,,12,14.55,a
800S137-118,50,35.0,,12,18.82,a
800S137-43,33,35.0,,12,3.88,a
800S137-54,33,35.0,,12,6.89,a
600S250-68,33,35.0,,12,10.15,a
800S162-97,50,35.0,,12,17.07,a
800S162-118,50,35.0,,12,21.93,a
800S162-54,50,35.0,,12,7.19,a
600S300-68,50,35.0,,12,10.35,a
600S300-97,50,35.0,,12,18.39,a
600S300-118,33,35.0,,12,24.04,a
800S200-54,33,35.0,,12,9.46,a
600S350-68,33,35.0,,12,13.91,a
600S350-97,50,35.0,,12,22.96,a
600S350-118,50,35.0,,12,30.49,a
600S200-68,33,35.0,8,16,8.78,a
800S137-97,50,35.0,8,16,14.28,a
800S137-118,50,35.0,8,16,18.53,a
800S137-43,33,35.0,8,16,3.59,a
800S137-54,33,35.0,8,16,6.62,a
600S250-68,33,35.0,8,16,9.85,a
800S162-97,50,35.0,8,16,16.74,a
800S162-118,50,35.0,8,16,21.59,a
800S162-54,50,35.0,8,16,6.92,a
600S300-68,50,35.0,8,16,10.05,a
600S300-97,50,35.0,8,16,18.06,a
600S300-118,33,35.0,8,16,23.7,a
800S200-54,33,35.0,8,16,9.16,a
600S350-68,33,35.0,8,16,13.59,a
600S350-97,50,35.0,8,16,22.61,a
600S350-118,50,35.0,8,16,30.13,a
600S200-68,33,35.0,8,24,8.22,a
800S137-97,50,35.0,8,24,13.74,a
800S137-118,50,35.0,8,24,17.97,a
800S137-43,33,35.0,8,24,2.99,a
800S137-54,33,35.0,8,24,6.07,a
600S250-68,33,35.0,8,24,9.25,a
800S162-97,50,35.0,8,24,16.09,a
800S162-118,50,35.0,8,24,20.92,a
800S162-54,50,35.0,8,24,6.36,a
600S300-68,50,35.0,8,24,9.46,a
600S300-97,50,35.0,8,24,17.42,a
600S300-118,33,35.0,8,24,23.03,a
800S200-54,33,35.0,8,24,8.58,a
600S350-68,33,35.0,8,24,12.96,a
600S350-97,50,35.0,8,24,21.92,a
600S350-118,50,35.0,8,24,29.42,a
600S200-68,33,35.0,8,12,8.72,a
800S137-97,50,35.0,8,12,14.15,a
800S137-118,50,35.0,8,12,18.35,a
800S137-43,33,35.0,8,12,3.62,a
800S137-54,33,35.0,8,12,6.59,a
600S250-68,33,35.0,8,12,9.78,a
800S162-97,50,35.0,8,12,16.54,a
800S162-118,50,35.0,8,12,21.31,a
800S162-54,50,35.0,8,12,6.89,a
600S300-68,50,35.0,8,12,9.98,a
600S300-97,50,35.0,8,12,17.83,a
600S300-118,33,35.0,8,12,23.39,a
800S200-54,33,35.0,8,12,9.09,a
600S350-68,33,35.0,8,12,13.46,a
600S350-97,50,35.0,8,12,22.33,a
600S350-118,50,35.0,8,12,29.56,a
600S200-68,33,35.0,9,16,8.38,a
800S137-97,50,35.0,9,16,13.82,a
800S137-118,50,35.0,9,16,17.99,a
800S137-43,33,35.0,9,16,3.24,a
800S137-54,33,35.0,9,16,6.25,a
600S250-68,33,35.0,9,16,9.4,a
800S162-97,50,35.0,9,16,16.13,a
800S162-118,50,35.0,9,16,20.89,a
800S162-54,50,35.0,9,16,6.54,a
600S300-68,50,35.0,9,16,9.61,a
600S300-97,50,35.0,9,16,17.43,a
600S300-118,33,35.0,9,16,22.97,a
800S200-54,33,35.0,9,16,8.72,a
600S350-68,33,35.0,9,16,13.06,a
600S350-97,50,35.0,9,16,21.89,a
600S350-118,50,35.0,9,16,29.12,a
600S200-68,33,35.0,9,24,7.68,a
800S137-97,50,35.0,9,24,13.15,a
800S137-118,50,35.0,9,24,17.29,a
800S137-43,33,35.0,9,24,2.5,a
800S137-54,33,35.0,9,24,5.57,a
600S250-68,33,35.0,9,24,8.65,a
800S162-97,50,35.0,9,24,15.32,a
800S162-118,50,35.0,9,24,20.05,a
800S162-54,50,35.0,9,24,5.85,a
600S300-68,50,35.0,9,24,8.88,a
600S300-97,50,35.0,9,24,16.62,a
600S300-118,33,35.0,9,24,22.14,a
800S200-54,33,35.0,9,24,7.99,a
600S350-68,33,35.0,9,24,12.27,a
600S350-97,50,35.0,9,24,21.03,a
600S350-118,50,35.0,9,24,28.23,a
600S200-68,33,35.0,9,12,8.34,a
800S137-97,50,35.0,9,12,13.69,a
800S137-118,50,35.0,9,12,17.8,a
800S137-43,33,35.0,9,12,3.32,a
800S137-54,33,35.0,9,12,6.26,a
600S250-68,33,35.0,9,12,9.36,a
800S162-97,50,35.0,9,12,15.93,a
800S162-118,50,35.0,9,12,20.59,a
800S162-54,50,35.0,9,12,6.55,a
600S300-68,50,35.0,9,12,9.57,a
600S300-97,50,35.0,9,12,17.2,a
600S300-118,33,35.0,9,12,22.66,a
800S200-54,33,35.0,9,12,8.67,a
600S350-68,33,35.0,9,12,12.96,a
600S350-97,50,35.0,9,12,21.62,a
600S350-118,50,35.0,9,12,28.52,a
600S200-68,33,35.0,10,16,7.92,a
800S137-97,50,35.0,10,16,13.28,a
800S137-118,50,35.0,10,16,17.37,a
800S137-43,33,35.0,10,16,2.87,a
800S137-54,33,35.0,10,16,5.85,a
600S250-68,33,35.0,10,16,8.9,a
800S162-97,50,35.0,10,16,15.44,a
800S162-118,50,35.0,10,16,20.09,a
800S162-54,50,35.0,10,16,6.13,a
600S300-68,50,35.0,10,16,9.12,a
600S300-97,50,35.0,10,16,16.71,a
600S300-118,33,35.0,10,16,22.16,a
800S200-54,33,35.0,10,16,8.23,a
600S350-68,33,35.0,10,16,12.48,a
600S350-97,50,35.0,10,16,21.1,a
600S350-118,50,35.0,10,16,27.99,a
600S200-68,33,35.0,10,24,7.08,a
800S137-97,50,35.0,10,24,12.47,a
800S137-118,50,35.0,10,24,16.51,a
800S137-43,33,35.0,10,24,1.95,a
800S137-54,33,35.0,10,24,5.01,a
600S250-68,33,35.0,10,24,7.99,a
800S162-97,50,35.0,10,24,14.46,a
800S162-118,50,35.0,10,24,19.07,a
800S162-54,50,35.0,10,24,5.29,a
600S300-68,50,35.0,10,24,8.23,a
600S300-97,50,35.0,10,24,15.73,a
600S300-118,33,35.0,10,24,21.14,a
800S200-54,33,35.0,10,24,7.34,a
600S350-68,33,35.0,10,24,11.52,a
600S350-97,50,35.0,10,24,20.05,a
600S350-118,50,35.0,10,24,26.92,a
600S200-68,33,35.0,10,12,7.44,a
800S137-97,50,35.0,10,12,12.57,a
800S137-118,50,35.0,10,12,16.44,a
800S137-43,33,35.0,10,12,2.66,a
800S137-54,33,35.0,10,12,5.5,a
600S250-68,33,35.0,10,12,8.39,a
800S162-97,50,35.0,10,12,14.5,a
800S162-118,50,35.0,10,12,18.89,a
800S162-54,50,35.0,10,12,5.77,a
600S300-68,50,35.0,10,12,8.67,a
600S300-97,50,35.0,10,12,15.74,a
600S300-118,33,35.0,10,12,21.0,a
800S200-54,33,35.0,10,12,7.75,a
600S350-68,33,35.0,10,12,11.82,a
600S350-97,50,35.0,10,12,20.06,a
600S350-118,50,35.0,10,12,26.15,a
600S200-68,33,35.0,12,16,6.86,a
800S137-97,50,35.0,12,16,12.01,a
800S137-118,50,35.0,12,16,15.85,a
800S137-43,33,35.0,12,16,2.01,a
800S137-54,33,35.0,12,16,4.92,a
600S250-68,33,35.0,12,16,7.76,a
800S162-97,50,35.0,12,16,13.83,a
800S162-118,50,35.0,12,16,18.2,a
800S162-54,50,35.0,12,16,5.19,a
600S300-68,50,35.0,12,16,8.05,a
600S300-97,50,35.0,12,16,15.07,a
600S300-118,33,35.0,12,16,20.3,a
800S200-54,33,35.0,12,16,7.13,a
600S350-68,33,35.0,12,16,11.15,a
600S350-97,50,35.0,12,16,19.33,a
600S350-118,50,35.0,12,16,25.42,a
600S200-68,33,35.0,12,24,5.7,a
800S137-97,50,35.0,12,24,10.89,a
800S137-118,50,35.0,12,24,14.68,a
800S137-43,33,35.0,12,24,0.73,c
800S137-54,33,35.0,12,24,3.77,b
600S250-68,33,35.0,12,24,6.5,a
800S162-97,50,35.0,12,24,12.49,a
800S162-118,50,35.0,12,24,16.81,a
800S162-54,50,35.0,12,24,4.02,a
600S300-68,50,35.0,12,24,6.81,a
600S300-97,50,35.0,12,24,13.74,a
600S300-118,33,35.0,12,24,18.91,a
800S200-54,33,35.0,12,24,5.91,a
600S350-68,33,35.0,12,24,9.83,a
600S350-97,50,35.0,12,24,17.89,a
600S350-118,50,35.0,12,24,23.98,a
600S200-68,33,35.0,12,12,6.39,a
800S137-97,50,35.0,12,12,11.21,a
800S137-118,50,35.0,12,12,14.77,a
800S137-43,33,35.0,12,12,1.9,a
800S137-54,33,35.0,12,12,4.66,a
600S250-68,33,35.0,12,12,7.29,a
800S162-97,50,35.0,12,12,12.85,a
800S162-118,50,35.0,12,12,16.89,a
800S162-54,50,35.0,12,12,4.89,a
600S300-68,50,35.0,12,12,7.66,a
600S300-97,50,35.0,12,12,14.09,a
600S300-118,33,35.0,12,12,19.17,a
800S200-54,33,35.0,12,12,6.71,a
600S350-68,33,35.0,12,12,10.53,a
600S350-97,50,35.0,12,12,18.13,a
600S350-118,50,35.0,12,12,23.49,a
600S200-68,33,35.0,14,16,5.65,b
800S137-97,50,35.0,14,16,10.49,a
800S137-118,50,35.0,14,16,14.02,a
800S137-43,33,35.0,14,16,1.05,c
800S137-54,33,35.0,14,16,3.91,b
600S250-68,33,35.0,14,16,6.48,a
800S162-97,50,35.0,14,16,11.99,a
800S162-118,50,35.0,14,16,16.01,a
800S162-54,50,35.0,14,16,4.14,b
600S300-68,50,35.0,14,16,6.84,a
600S300-97,50,35.0,14,16,13.24,a
600S300-118,33,35.0,14,16,18.27,a
800S200-54,33,35.0,14,16,5.92,a
600S350-68,33,35.0,14,16,9.67,a
600S350-97,50,35.0,14,16,17.21,a
600S350-118,50,35.0,14,16,22.58,a
600S200-68,33,35.0,14,24,4.17,d
800S137-97,50,35.0,14,24,9.07,b
800S137-118,50,35.0,14,24,12.53,a
800S137-43,33,35.0,14,24,0.65,d
800S137-54,33,35.0,14,24,2.41,d
600S250-68,33,35.0,14,24,4.86,c
800S162-97,50,35.0,14,24,10.29,a
800S162-118,50,35.0,14,24,14.26,a
800S162-54,50,35.0,14,24,2.63,d
600S300-68,50,35.0,14,24,5.22,b
600S300-97,50,35.0,14,24,11.53,a
600S300-118,33,35.0,14,24,16.47,a
800S200-54,33,35.0,14,24,4.34,c
600S350-68,33,35.0,14,24,7.96,a
600S350-97,50,35.0,14,24,15.35,a
600S350-118,50,35.0,14,24,20.75,a
600S200-68,33,35.0,14,12,5.25,b
800S137-97,50,35.0,14,12,9.69,a
800S137-118,50,35.0,14,12,12.89,a
800S137-43,33,35.0,14,12,1.07,c
800S137-54,33,35.0,14,12,3.8,c
600S250-68,33,35.0,14,12,6.15,a
800S162-97,50,35.0,14,12,11.06,a
800S162-118,50,35.0,14,12,14.71,a
800S162-54,50,35.0,14,12,3.95,b
600S300-68,50,35.0,14,12,6.55,a
600S300-97,50,35.0,14,12,12.36,a
600S300-118,33,35.0,14,12,16.82,a
800S200-54,33,35.0,14,12,5.61,a
600S350-68,33,35.0,14,12,9.14,a
600S350-97,50,35.0,14,12,15.8,a
600S350-118,50,35.0,14,12,20.67,a
600S200-68,33,35.0,16,16,4.36,c
800S137-97,50,35.0,16,16,8.83,b
800S137-118,50,35.0,16,16,12.0,a
800S137-43,33,35.0,16,16,0.01,d
800S137-54,33,35.0,16,16,2.86,d
600S250-68,33,35.0,16,16,5.15,c
800S162-97,50,35.0,16,16,10.03,a
800S162-118,50,35.0,16,16,13.66,a
800S162-54,50,35.0,16,16,3.02,d
600S300-68,50,35.0,16,16,5.55,b
600S300-97,50,35.0,16,16,11.32,a
600S300-118,33,35.0,16,16,15.75,a
800S200-54,33,35.0,16,16,4.65,c
600S350-68,33,35.0,16,16,8.1,a
600S350-97,50,35.0,16,16,14.69,a
600S350-118,50,35.0,16,16,19.58,a
600S200-68,33,35.0,16,24,2.58,e
800S137-97,50,35.0,16,24,7.13,d
800S137-118,50,35.0,16,24,10.21,c
800S137-43,33,35.0,16,24,2.11,e
800S137-54,33,35.0,16,24,0.98,e
600S250-68,33,35.0,16,24,3.16,d
800S162-97,50,35.0,16,24,7.99,c
800S162-118,50,35.0,16,24,11.57,b
800S162-54,50,35.0,16,24,1.17,e
600S300-68,50,35.0,16,24,3.54,d
600S300-97,50,35.0,16,24,9.25,c
600S300-118,33,35.0,16,24,13.6,b
800S200-54,33,35.0,16,24,2.71,d
600S350-68,33,35.0,16,24,6.0,c
600S350-97,50,35.0,16,24,12.48,b
600S350-118,50,35.0,16,24,17.41,a
600S200-68,33,35.0,16,12,2.01,a
800S137-97,50,35.0,16,12,3.23,a
800S137-118,50,35.0,16,12,4.42,a
800S137-43,33,35.0,16,12,6.94,a
800S137-54,33,35.0,16,12,1.76,a
600S250-68,33,35.0,16,12,2.85,a
800S162-97,50,35.0,16,12,4.98,a
800S162-118,50,35.0,16,12,6.8,a
800S162-54,50,35.0,16,12,10.85,a
600S300-68,50,35.0,16,12,13.91,a
600S300-97,50,35.0,16,12,2.28,a
600S300-118,33,35.0,16,12,3.97,a
800S200-54,33,35.0,16,12,7.24,a
600S350-68,33,35.0,16,12,9.77,a
600S350-97,50,35.0,16,12,15.48,a
600S350-118,50,35.0,16,12,19.93,a
600S200-68,33,35.0,8,16,1.85,a
800S137-97,50,35.0,8,16,3.1,a
800S137-118,50,35.0,8,16,4.29,a
800S137-43,33,35.0,8,16,6.83,a
800S137-54,33,35.0,8,16,1.51,a
600S250-68,33,35.0,8,16,2.66,a
800S162-97,50,35.0,8,16,4.81,a
800S162-118,50,35.0,8,16,6.64,a
800S162-54,50,35.0,8,16,10.7,a
600S300-68,50,35.0,8,16,13.76,a
600S300-97,50,35.0,8,16,2.01,a
600S300-118,33,35.0,8,16,3.77,a
800S200-54,33,35.0,8,16,7.04,a
600S350-68,33,35.0,8,16,9.57,a
600S350-97,50,35.0,8,16,15.29,a
600S350-118,50,35.0,8,16,19.74,a
600S200-68,33,35.0,8,24,1.53,a
800S137-97,50,35.0,8,24,2.85,a
800S137-118,50,35.0,8,24,4.05,a
800S137-43,33,35.0,8,24,6.61,a
800S137-54,33,35.0,8,24,1.03,a
600S250-68,33,35.0,8,24,2.27,a
800S162-97,50,35.0,8,24,4.47,a
800S162-118,50,35.0,8,24,6.31,a
800S162-54,50,35.0,8,24,10.39,a
600S300-68,50,35.0,8,24,13.45,a
600S300-97,50,35.0,8,24,1.49,a
600S300-118,33,35.0,8,24,3.37,a
800S200-54,33,35.0,8,24,6.64,a
600S350-68,33,35.0,8,24,9.19,a
600S350-97,50,35.0,8,24,14.92,a
600S350-118,50,35.0,8,24,19.35,a
600S200-68,33,35.0,8,12,1.88,a
800S137-97,50,35.0,8,12,3.13,a
800S137-118,50,35.0,8,12,4.32,a
800S137-43,33,35.0,8,12,6.85,a
800S137-54,33,35.0,8,12,1.56,a
600S250-68,33,35.0,8,12,2.7,a
800S162-97,50,35.0,8,12,4.85,a
800S162-118,50,35.0,8,12,6.67,a
800S162-54,50,35.0,8,12,10.73,a
600S300-68,50,35.0,8,12,13.79,a
600S300-97,50,35.0,8,12,2.07,a
600S300-118,33,35.0,8,12,3.81,a
800S200-54,33,35.0,8,12,7.08,a
600S350-68,33,35.0,8,12,9.61,a
600S350-97,50,35.0,8,12,15.33,a
600S350-118,50,35.0,8,12,19.78,a
600S200-68,33,35.0,9,16,1.68,a
800S137-97,50,35.0,9,16,2.97,a
800S137-118,50,35.0,9,16,4.16,a
800S137-43,33,35.0,9,16,6.71,a
800S137-54,33,35.0,9,16,1.25,a
600S250-68,33,35.0,9,16,2.45,a
800S162-97,50,35.0,9,16,4.63,a
800S162-118,50,35.0,9,16,6.46,a
800S162-54,50,35.0,9,16,10.54,a
600S300-68,50,35.0,9,16,13.6,a
600S300-97,50,35.0,9,16,1.74,a
600S300-118,33,35.0,9,16,3.55,a
800S200-54,33,35.0,9,16,6.83,a
600S350-68,33,35.0,9,16,9.37,a
600S350-97,50,35.0,9,16,15.09,a
600S350-118,50,35.0,9,16,19.53,a
600S200-68,33,35.0,9,24,1.27,a
800S137-97,50,35.0,9,24,2.64,a
800S137-118,50,35.0,9,24,3.85,a
800S137-43,33,35.0,9,24,6.43,a
800S137-54,33,35.0,9,24,0.64,a
600S250-68,33,35.0,9,24,1.96,a
800S162-97,50,35.0,9,24,4.2,a
800S162-118,50,35.0,9,24,6.04,a
800S162-54,50,35.0,9,24,10.15,a
600S300-68,50,35.0,9,24,13.21,a
600S300-97,50,35.0,9,24,1.07,a
600S300-118,33,35.0,9,24,3.04,a
800S200-54,33,35.0,9,24,6.33,a
600S350-68,33,35.0,9,24,8.88,a
600S350-97,50,35.0,9,24,14.62,a
600S350-118,50,35.0,9,24,19.04,a
600S200-68,33,35.0,9,12,1.74,a
800S137-97,50,35.0,9,12,3.01,a
800S137-118,50,35.0,9,12,4.21,a
800S137-43,33,35.0,9,12,6.76,a
800S137-54,33,35.0,9,12,1.35,a
600S250-68,33,35.0,9,12,2.52,a
800S162-97,50,35.0,9,12,4.7,a
800S162-118,50,35.0,9,12,6.53,a
800S162-54,50,35.0,9,12,10.6,a
600S300-68,50,35.0,9,12,13.66,a
600S300-97,50,35.0,9,12,1.83,a
600S300-118,33,35.0,9,12,3.63,a
800S200-54,33,35.0,9,12,6.9,a
600S350-68,33,35.0,9,12,9.44,a
600S350-97,50,35.0,9,12,15.16,a
600S350-118,50,35.0,9,12,19.6,a
600S200-68,33,35.0,10,16,1.49,a
800S137-97,50,35.0,10,16,2.81,a
800S137-118,50,35.0,10,16,4.01,a
800S137-43,33,35.0,10,16,6.58,a
800S137-54,33,35.0,10,16,0.97,a
600S250-68,33,35.0,10,16,2.22,a
800S162-97,50,35.0,10,16,4.43,a
800S162-118,50,35.0,10,16,6.27,a
800S162-54,50,35.0,10,16,10.36,a
600S300-68,50,35.0,10,16,13.42,a
600S300-97,50,35.0,10,16,1.42,a
600S300-118,33,35.0,10,16,3.32,a
800S200-54,33,35.0,10,16,6.59,a
600S350-68,33,35.0,10,16,9.14,a
600S350-97,50,35.0,10,16,14.87,a
600S350-118,50,35.0,10,16,19.3,a
600S200-68,33,35.0,10,12,1.41,a
800S137-97,50,35.0,10,12,2.75,a
800S137-118,50,35.0,10,12,3.95,a
800S137-43,33,35.0,10,12,6.53,a
800S137-54,33,35.0,10,12,0.84,a
600S250-68,33,35.0,10,12,2.12,a
800S162-97,50,35.0,10,12,4.34,a
800S162-118,50,35.0,10,12,6.18,a
800S162-54,50,35.0,10,12,10.28,a
600S300-68,50,35.0,10,12,13.34,a
600S300-97,50,35.0,10,12,1.29,a
600S300-118,33,35.0,10,12,3.21,a
800S200-54,33,35.0,10,12,6.49,a
600S350-68,33,35.0,10,12,9.04,a
600S350-97,50,35.0,10,12,14.78,a
600S350-118,50,35.0,10,12,19.2,a
800S250-68,33,35.0,,12,11.18,a
800S250-97,50,35.0,,12,18.93,a
800S250-118,50,35.0,,12,24.79,a
800S250-54,50,35.0,,12,7.93,a
800S300-68,50,35.0,,12,11.46,a
800S300-97,50,35.0,,12,20.69,a
800S300-118,50,35.0,,12,27.14,a
800S300-54,50,35.0,,12,10.35,a
800S350-68,50,35.0,,12,15.14,a
800S350-97,50,35.0,,12,25.2,a
800S350-118,50,35.0,,12,33.63,a
800S250-68,33,35.0,8,16,10.96,a
800S250-97,50,35.0,8,16,18.7,a
800S250-118,50,35.0,8,16,24.53,a
800S250-54,50,35.0,8,16,7.71,a
800S300-68,50,35.0,8,16,11.24,a
800S300-97,50,35.0,8,16,20.45,a
800S300-118,50,35.0,8,16,26.89,a
800S300-54,50,35.0,8,16,10.13,a
800S350-68,50,35.0,8,16,14.91,a
800S350-97,50,35.0,8,16,24.94,a
800S350-118,50,35.0,8,16,33.36,a
800S250-68,33,35.0,8,24,10.53,a
800S250-97,50,35.0,8,24,18.22,a
800S250-118,50,35.0,8,24,24.03,a
800S250-54,50,35.0,8,24,7.28,a
800S300-68,50,35.0,8,24,10.82,a
800S300-97,50,35.0,8,24,19.96,a
800S300-118,50,35.0,8,24,26.38,a
800S300-54,50,35.0,8,24,9.68,a
800S350-68,50,35.0,8,24,14.46,a
800S350-97,50,35.0,8,24,24.43,a
800S350-118,50,35.0,8,24,32.82,a
800S250-68,33,35.0,8,12,10.97,a
800S250-97,50,35.0,8,12,18.67,a
800S250-118,50,35.0,8,12,24.45,a
800S250-54,50,35.0,8,12,7.71,a
800S300-68,50,35.0,8,12,11.23,a
800S300-97,50,35.0,8,12,20.36,a
800S300-118,50,35.0,8,12,26.76,a
800S300-54,50,35.0,8,12,10.1,a
800S350-68,50,35.0,8,12,14.87,a
800S350-97,50,35.0,8,12,24.86,a
800S350-118,50,35.0,8,12,33.19,a
800S250-68,33,35.0,9,16,10.7,a
800S250-97,50,35.0,9,16,18.37,a
800S250-118,50,35.0,9,16,24.13,a
800S250-54,50,35.0,9,16,7.44,a
800S300-68,50,35.0,9,16,10.96,a
800S300-97,50,35.0,9,16,20.05,a
800S300-118,50,35.0,9,16,26.44,a
800S300-54,50,35.0,9,16,9.82,a
800S350-68,50,35.0,9,16,14.58,a
800S350-97,50,35.0,9,16,24.54,a
800S350-118,50,35.0,9,16,32.85,a
800S250-68,33,35.0,9,24,10.15,a
800S250-97,50,35.0,9,24,17.76,a
800S250-118,50,35.0,9,24,23.49,a
800S250-54,50,35.0,9,24,6.9,a
800S300-68,50,35.0,9,24,10.42,a
800S300-97,50,35.0,9,24,19.44,a
800S300-118,50,35.0,9,24,25.8,a
800S300-54,50,35.0,9,24,9.25,a
800S350-68,50,35.0,9,24,14.0,a
800S350-97,50,35.0,9,24,23.89,a
800S350-118,50,35.0,9,24,32.18,a
800S250-68,33,35.0,9,12,10.73,a
800S250-97,50,35.0,9,12,18.37,a
800S250-118,50,35.0,9,12,24.05,a
800S250-54,50,35.0,9,12,7.47,a
800S300-68,50,35.0,9,12,10.96,a
800S300-97,50,35.0,9,12,19.97,a
800S300-118,50,35.0,9,12,26.32,a
800S300-54,50,35.0,9,12,9.82,a
800S350-68,50,35.0,9,12,14.55,a
800S350-97,50,35.0,9,12,24.44,a
800S350-118,50,35.0,9,12,32.68,a
800S250-68,33,35.0,10,16,10.39,a
800S250-97,50,35.0,10,16,18.0,a
800S250-118,50,35.0,10,16,23.66,a
800S250-54,50,35.0,10,16,7.14,a
800S300-68,50,35.0,10,16,10.64,a
800S300-97,50,35.0,10,16,19.59,a
800S300-118,50,35.0,10,16,25.92,a
800S300-54,50,35.0,10,16,9.47,a
800S350-68,50,35.0,10,16,14.2,a
800S350-97,50,35.0,10,16,24.04,a
800S350-118,50,35.0,10,16,32.27,a
800S250-68,33,35.0,10,24,9.72,a
800S250-97,50,35.0,10,24,17.25,a
800S250-118,50,35.0,10,24,22.88,a
800S250-54,50,35.0,10,24,6.47,a
800S300-68,50,35.0,10,24,9.98,a
800S300-97,50,35.0,10,24,18.84,a
800S300-118,50,35.0,10,24,25.14,a
800S300-54,50,35.0,10,24,8.78,a
800S350-68,50,35.0,10,24,13.49,a
800S350-97,50,35.0,10,24,23.25,a
800S350-118,50,35.0,10,24,31.44,a
800S250-68,33,35.0,10,12,10.16,a
800S250-97,50,35.0,10,12,17.64,a
800S250-118,50,35.0,10,12,23.06,a
800S250-54,50,35.0,10,12,6.91,a
800S300-68,50,35.0,10,12,10.34,a
800S300-97,50,35.0,10,12,19.02,a
800S300-118,50,35.0,10,12,25.22,a
800S300-54,50,35.0,10,12,9.16,a
800S350-68,50,35.0,10,12,13.8,a
800S350-97,50,35.0,10,12,23.35,a
800S350-118,50,35.0,10,12,31.49,a
800S250-68,33,35.0,12,16,9.68,a
800S250-97,50,35.0,12,16,17.11,a
800S250-118,50,35.0,12,16,22.51,a
800S250-54,50,35.0,12,16,6.44,a
800S300-68,50,35.0,12,16,9.87,a
800S300-97,50,35.0,12,16,18.49,a
800S300-118,50,35.0,12,16,24.67,a
800S300-54,50,35.0,12,16,8.67,a
800S350-68,50,35.0,12,16,13.3,a
800S350-97,50,35.0,12,16,22.79,a
800S350-118,50,35.0,12,16,30.91,a
800S250-68,33,35.0,12,24,8.73,a
800S250-97,50,35.0,12,24,16.05,a
800S250-118,50,35.0,12,24,21.41,a
800S250-54,50,35.0,12,24,5.5,a
800S300-68,50,35.0,12,24,8.94,a
800S300-97,50,35.0,12,24,17.44,a
800S300-118,50,35.0,12,24,23.57,a
800S300-54,50,35.0,12,24,7.69,a
800S350-68,50,35.0,12,24,12.31,a
800S350-97,50,35.0,12,24,21.67,a
800S350-118,50,35.0,12,24,29.75,a
800S250-68,33,35.0,12,12,9.39,a
800S250-97,50,35.0,12,12,16.55,a
800S250-118,50,35.0,12,12,21.78,a
800S250-54,50,35.0,12,12,6.25,a
800S300-68,50,35.0,12,12,9.58,a
800S300-97,50,35.0,12,12,17.85,a
800S300-118,50,35.0,12,12,23.86,a
800S300-54,50,35.0,12,12,8.38,a
800S350-68,50,35.0,12,12,12.9,a
800S350-97,50,35.0,12,12,22.06,a
800S350-118,50,35.0,12,12,29.8,a
800S250-68,33,35.0,14,16,8.76,a
800S250-97,50,35.0,14,16,15.86,a
800S250-118,50,35.0,14,16,21.05,a
800S250-54,50,35.0,14,16,5.62,a
800S300-68,50,35.0,14,16,8.97,a
800S300-97,50,35.0,14,16,17.15,a
800S300-118,50,35.0,14,16,23.14,a
800S300-54,50,35.0,14,16,7.73,a
800S350-68,50,35.0,14,16,12.24,a
800S350-97,50,35.0,14,16,21.32,a
800S350-118,50,35.0,14,16,29.03,a
800S250-68,33,35.0,14,24,7.5,a
800S250-97,50,35.0,14,24,14.46,a
800S250-118,50,35.0,14,24,19.61,a
800S250-54,50,35.0,14,24,4.37,a
800S300-68,50,35.0,14,24,7.73,a
800S300-97,50,35.0,14,24,15.77,a
800S300-118,50,35.0,14,24,21.68,a
800S300-54,50,35.0,14,24,6.44,a
800S350-68,50,35.0,14,24,10.92,a
800S350-97,50,35.0,14,24,19.85,a
800S350-118,50,35.0,14,24,27.5,a
800S250-68,33,35.0,14,12,8.49,a
800S250-97,50,35.0,14,12,15.24,a
800S250-118,50,35.0,14,12,20.22,a
800S250-54,50,35.0,14,12,5.49,a
800S300-68,50,35.0,14,12,8.72,a
800S300-97,50,35.0,14,12,16.49,a
800S300-118,50,35.0,14,12,22.29,a
800S300-54,50,35.0,14,12,7.52,a
800S350-68,50,35.0,14,12,11.88,a
800S350-97,50,35.0,14,12,20.62,a
800S350-118,50,35.0,14,12,27.69,a
800S250-68,33,35.0,16,16,7.7,a
800S250-97,50,35.0,16,16,14.37,a
800S250-118,50,35.0,16,16,19.32,a
800S250-54,50,35.0,16,16,4.7,a
800S300-68,50,35.0,16,16,7.94,a
800S300-97,50,35.0,16,16,15.63,a
800S300-118,50,35.0,16,16,21.38,a
800S300-54,50,35.0,16,16,6.7,a
800S350-68,50,35.0,16,16,11.05,a
800S350-97,50,35.0,16,16,19.7,a
800S350-118,50,35.0,16,16,26.74,a
362S137-43,33,40.0,,12,0.92,b
362S137-54,50,40.0,,12,2.18,a
362S137-68,50,40.0,,12,3.24,a
362S137-33,33,40.0,,12,0.6,b
600S137-43,33,40.0,,12,1.31,a
362S162-54,33,40.0,,12,2.96,a
362S162-68,50,40.0,,12,4.19,a
362S162-97,50,40.0,,12,6.55,a
362S162-97,50,40.0,,12,0.87,b
362S162-33,33,40.0,,12,1.92,a
362S200-54,33,40.0,,12,3.88,a
600S162-68,50,40.0,,12,6.62,a
600S162-97,50,40.0,,12,8.22,a
600S162-43,33,40.0,,12,2.26,a
362S250-54,33,40.0,,12,4.47,a
600S200-68,50,40.0,,12,6.29,a
600S200-97,33,40.0,,12,9.43,a
600S200-68,33,40.0,,12,8.94,a
800S137-97,50,40.0,,12,14.43,a
800S137-118,50,40.0,,12,18.69,a
800S137-43,33,40.0,,12,3.76,a
800S137-54,33,40.0,,12,6.77,a
600S250-68,33,40.0,,12,10.02,a
800S162-97,50,40.0,,12,16.93,a
800S162-118,50,40.0,,12,21.79,a
800S162-54,50,40.0,,12,7.07,a
600S300-68,50,40.0,,12,10.22,a
600S300-97,50,40.0,,12,18.25,a
600S300-118,33,40.0,,12,23.89,a
800S200-54,33,40.0,,12,9.33,a
600S350-68,33,40.0,,12,13.77,a
600S350-97,50,40.0,,12,22.81,a
600S350-118,50,40.0,,12,30.34,a
600S200-68,33,40.0,8,16,8.62,a
800S137-97,50,40.0,8,16,14.13,a
800S137-118,50,40.0,8,16,18.37,a
800S137-43,33,40.0,8,16,3.42,a
800S137-54,33,40.0,8,16,6.46,a
600S250-68,33,40.0,8,16,9.68,a
800S162-97,50,40.0,8,16,16.55,a
800S162-118,50,40.0,8,16,21.4,a
800S162-54,50,40.0,8,16,6.76,a
600S300-68,50,40.0,8,16,9.89,a
600S300-97,50,40.0,8,16,17.88,a
600S300-118,33,40.0,8,16,23.51,a
800S200-54,33,40.0,8,16,8.99,a
600S350-68,33,40.0,8,16,13.41,a
600S350-97,50,40.0,8,16,22.41,a
600S350-118,50,40.0,8,16,29.93,a
600S200-68,33,40.0,8,24,7.99,a
800S137-97,50,40.0,8,24,13.51,a
800S137-118,50,40.0,8,24,17.73,a
800S137-43,33,40.0,8,24,2.73,a
800S137-54,33,40.0,8,24,5.83,a
600S250-68,33,40.0,8,24,8.99,a
800S162-97,50,40.0,8,24,15.81,a
800S162-118,50,40.0,8,24,20.63,a
800S162-54,50,40.0,8,24,6.13,a
600S300-68,50,40.0,8,24,9.21,a
600S300-97,50,40.0,8,24,17.14,a
600S300-118,33,40.0,8,24,22.74,a
800S200-54,33,40.0,8,24,8.32,a
600S350-68,33,40.0,8,24,12.69,a
600S350-97,50,40.0,8,24,21.62,a
600S350-118,50,40.0,8,24,29.11,a
600S200-68,33,40.0,8,12,8.58,a
800S137-97,50,40.0,8,12,14.01,a
800S137-118,50,40.0,8,12,18.2,a
800S137-43,33,40.0,8,12,3.46,a
800S137-54,33,40.0,8,12,6.45,a
600S250-68,33,40.0,8,12,9.61,a
800S162-97,50,40.0,8,12,16.36,a
800S162-118,50,40.0,8,12,21.13,a
800S162-54,50,40.0,8,12,6.74,a
600S300-68,50,40.0,8,12,9.82,a
600S300-97,50,40.0,8,12,17.66,a
600S300-118,33,40.0,8,12,23.21,a
800S200-54,33,40.0,8,12,8.93,a
600S350-68,33,40.0,8,12,13.29,a
600S350-97,50,40.0,8,12,22.14,a
600S350-118,50,40.0,8,12,29.37,a
600S200-68,33,40.0,9,16,8.18,a
800S137-97,50,40.0,9,16,13.62,a
800S137-118,50,40.0,9,16,17.79,a
800S137-43,33,40.0,9,16,3.03,a
800S137-54,33,40.0,9,16,6.06,a
600S250-68,33,40.0,9,16,9.18,a
800S162-97,50,40.0,9,16,15.9,a
800S162-118,50,40.0,9,16,20.65,a
800S162-54,50,40.0,9,16,6.34,a
600S300-68,50,40.0,9,16,9.4,a
600S300-97,50,40.0,9,16,17.2,a
600S300-118,33,40.0,9,16,22.73,a
800S200-54,33,40.0,9,16,8.51,a
600S350-68,33,40.0,9,16,12.84,a
600S350-97,50,40.0,9,16,21.65,a
600S350-118,50,40.0,9,16,28.87,a
600S200-68,33,40.0,9,24,7.38,a
800S137-97,50,40.0,9,24,12.86,a
800S137-118,50,40.0,9,24,16.99,a
800S137-43,33,40.0,9,24,2.18,a
800S137-54,33,40.0,9,24,5.27,a
600S250-68,33,40.0,9,24,8.33,a
800S162-97,50,40.0,9,24,14.97,a
800S162-118,50,40.0,9,24,19.69,a
800S162-54,50,40.0,9,24,5.55,a
600S300-68,50,40.0,9,24,8.56,a
600S300-97,50,40.0,9,24,16.27,a
600S300-118,33,40.0,9,24,21.78,a
800S200-54,33,40.0,9,24,7.67,a
600S350-68,33,40.0,9,24,11.93,a
600S350-97,50,40.0,9,24,20.66,a
600S350-118,50,40.0,9,24,27.85,a
600S200-68,33,40.0,9,12,8.16,a
800S137-97,50,40.0,9,12,13.51,a
800S137-118,50,40.0,9,12,17.61,a
800S137-43,33,40.0,9,12,3.13,a
800S137-54,33,40.0,9,12,6.08,a
600S250-68,33,40.0,9,12,9.16,a
800S162-97,50,40.0,9,12,15.72,a
800S162-118,50,40.0,9,12,20.38,a
800S162-54,50,40.0,9,12,6.37,a
600S300-68,50,40.0,9,12,9.38,a
600S300-97,50,40.0,9,12,16.99,a
600S300-118,33,40.0,9,12,22.45,a
800S200-54,33,40.0,9,12,8.48,a
600S350-68,33,40.0,9,12,12.75,a
600S350-97,50,40.0,9,12,21.4,a
600S350-118,50,40.0,9,12,28.29,a
600S200-68,33,40.0,10,16,7.68,a
800S137-97,50,40.0,10,16,13.05,a
800S137-118,50,40.0,10,16,17.12,a
800S137-43,33,40.0,10,16,2.61,a
800S137-54,33,40.0,10,16,5.61,a
600S250-68,33,40.0,10,16,8.64,a
800S162-97,50,40.0,10,16,15.16,a
800S162-118,50,40.0,10,16,19.8,a
800S162-54,50,40.0,10,16,5.89,a
600S300-68,50,40.0,10,16,8.87,a
600S300-97,50,40.0,10,16,16.43,a
600S300-118,33,40.0,10,16,21.87,a
800S200-54,33,40.0,10,16,7.98,a
600S350-68,33,40.0,10,16,12.2,a
600S350-97,50,40.0,10,16,20.8,a
600S350-118,50,40.0,10,16,27.68,a
600S200-68,33,40.0,10,24,6.72,a
800S137-97,50,40.0,10,24,12.12,a
800S137-118,50,40.0,10,24,16.15,a
800S137-43,33,40.0,10,24,1.56,a
800S137-54,33,40.0,10,24,4.66,a
600S250-68,33,40.0,10,24,7.59,a
800S162-97,50,40.0,10,24,14.03,a
800S162-118,50,40.0,10,24,18.64,a
800S162-54,50,40.0,10,24,4.93,a
600S300-68,50,40.0,10,24,7.84,a
600S300-97,50,40.0,10,24,15.31,a
600S300-118,33,40.0,10,24,20.71,a
800S200-54,33,40.0,10,24,6.96,a
600S350-68,33,40.0,10,24,11.11,a
600S350-97,50,40.0,10,24,19.6,a
600S350-118,50,40.0,10,24,26.46,a
600S200-68,33,40.0,10,12,7.2,a
800S137-97,50,40.0,10,12,12.33,a
800S137-118,50,40.0,10,12,16.19,a
800S137-43,33,40.0,10,12,2.38,a
800S137-54,33,40.0,10,12,5.25,a
600S250-68,33,40.0,10,12,8.12,a
800S162-97,50,40.0,10,12,14.22,a
800S162-118,50,40.0,10,12,18.59,a
800S162-54,50,40.0,10,12,5.52,a
600S300-68,50,40.0,10,12,8.41,a
600S300-97,50,40.0,10,12,15.45,a
600S300-118,33,40.0,10,12,20.7,a
800S200-54,33,40.0,10,12,7.49,a
600S350-68,33,40.0,10,12,11.53,a
600S350-97,50,40.0,10,12,19.75,a
600S350-118,50,40.0,10,12,25.84,a
600S200-68,33,40.0,12,16,6.53,a
800S137-97,50,40.0,12,16,11.69,a
800S137-118,50,40.0,12,16,15.52,a
800S137-43,33,40.0,12,16,1.64,a
800S137-54,33,40.0,12,16,4.59,a
600S250-68,33,40.0,12,16,7.4,a
800S162-97,50,40.0,12,16,13.45,a
800S162-118,50,40.0,12,16,17.8,a
800S162-54,50,40.0,12,16,4.85,a
600S300-68,50,40.0,12,16,7.69,a
600S300-97,50,40.0,12,16,14.69,a
600S300-118,33,40.0,12,16,19.9,a
800S200-54,33,40.0,12,16,6.78,a
600S350-68,33,40.0,12,16,10.78,a
600S350-97,50,40.0,12,16,18.92,a
600S350-118,50,40.0,12,16,25.01,a
600S200-68,33,40.0,12,24,5.2,b
800S137-97,50,40.0,12,24,10.41,a
800S137-118,50,40.0,12,24,14.17,a
800S137-43,33,40.0,12,24,0.17,c
800S137-54,33,40.0,12,24,3.27,b
600S250-68,33,40.0,12,24,5.96,a
800S162-97,50,40.0,12,24,11.91,a
800S162-118,50,40.0,12,24,16.22,a
800S162-54,50,40.0,12,24,3.52,b
600S300-68,50,40.0,12,24,6.27,a
600S300-97,50,40.0,12,24,13.16,a
600S300-118,33,40.0,12,24,18.31,a
800S200-54,33,40.0,12,24,5.38,a
600S350-68,33,40.0,12,24,9.26,a
600S350-97,50,40.0,12,24,17.27,a
600S350-118,50,40.0,12,24,23.36,a
600S200-68,33,40.0,12,12,6.08,a
800S137-97,50,40.0,12,12,10.9,a
800S137-118,50,40.0,12,12,14.45,a
800S137-43,33,40.0,12,12,1.53,b
800S137-54,33,40.0,12,12,4.34,a
600S250-68,33,40.0,12,12,6.95,a
800S162-97,50,40.0,12,12,12.48,a
800S162-118,50,40.0,12,12,16.51,a
800S162-54,50,40.0,12,12,4.57,a
600S300-68,50,40.0,12,12,7.31,a
600S300-97,50,40.0,12,12,13.72,a
600S300-118,33,40.0,12,12,18.78,a
800S200-54,33,40.0,12,12,6.37,a
600S350-68,33,40.0,12,12,10.16,a
600S350-97,50,40.0,12,12,17.74,a
600S350-118,50,40.0,12,12,23.1,a
600S200-68,33,40.0,14,16,5.23,b
800S137-97,50,40.0,14,16,10.09,a
800S137-118,50,40.0,14,16,13.6,a
800S137-43,33,40.0,14,16,0.56,d
800S137-54,33,40.0,14,16,3.48,c
600S250-68,33,40.0,14,16,6.02,a
800S162-97,50,40.0,14,16,11.5,a
800S162-118,50,40.0,14,16,15.51,a
800S162-54,50,40.0,14,16,3.71,b
600S300-68,50,40.0,14,16,6.38,a
600S300-97,50,40.0,14,16,12.75,a
600S300-118,33,40.0,14,16,17.76,a
800S200-54,33,40.0,14,16,5.47,a
600S350-68,33,40.0,14,16,9.19,a
600S350-97,50,40.0,14,16,16.68,a
600S350-118,50,40.0,14,16,22.05,a
600S200-68,33,40.0,14,12,4.87,c
800S137-97,50,40.0,14,12,9.32,a
800S137-118,50,40.0,14,12,12.51,a
800S137-43,33,40.0,14,12,0.62,d
800S137-54,33,40.0,14,12,3.39,c
600S250-68,33,40.0,14,12,5.72,b
800S162-97,50,40.0,14,12,10.62,a
800S162-118,50,40.0,14,12,14.26,a
800S162-54,50,40.0,14,12,3.56,c
600S300-68,50,40.0,14,12,6.12,b
600S300-97,50,40.0,14,12,11.91,a
600S300-118,33,40.0,14,12,16.36,a
800S200-54,33,40.0,14,12,5.2,b
600S350-68,33,40.0,14,12,8.7,a
600S350-97,50,40.0,14,12,15.32,a
600S350-118,50,40.0,14,12,20.21,a
600S200-68,33,40.0,14,12,1.94,a
800S137-97,50,40.0,14,12,3.17,a
800S137-118,50,40.0,14,12,4.36,a
800S137-43,33,40.0,14,12,6.9,a
800S137-54,33,40.0,14,12,1.65,a
600S250-68,33,40.0,14,12,2.77,a
800S162-97,50,40.0,14,12,4.91,a
800S162-118,50,40.0,14,12,6.73,a
800S162-54,50,40.0,14,12,10.79,a
600S300-68,50,40.0,14,12,13.85,a
600S300-97,50,40.0,14,12,2.16,a
600S300-118,33,40.0,14,12,3.88,a
800S200-54,33,40.0,14,12,7.15,a
600S350-68,33,40.0,14,12,9.69,a
600S350-97,50,40.0,14,12,15.4,a
600S350-118,50,40.0,14,12,19.85,a
600S200-68,33,40.0,8,16,1.76,a
800S137-97,50,40.0,8,16,3.03,a
800S137-118,50,40.0,8,16,4.22,a
800S137-43,33,40.0,8,16,6.77,a
800S137-54,33,40.0,8,16,1.37,a
600S250-68,33,40.0,8,16,2.55,a
800S162-97,50,40.0,8,16,4.72,a
800S162-118,50,40.0,8,16,6.54,a
800S162-54,50,40.0,8,16,10.61,a
600S300-68,50,40.0,8,16,13.67,a
600S300-97,50,40.0,8,16,1.86,a
600S300-118,33,40.0,8,16,3.65,a
800S200-54,33,40.0,8,16,6.93,a
600S350-68,33,40.0,8,16,9.46,a
600S350-97,50,40.0,8,16,15.18,a
600S350-118,50,40.0,8,16,19.63,a
600S200-68,33,40.0,8,24,1.39,a
800S137-97,50,40.0,8,24,2.74,a
800S137-118,50,40.0,8,24,3.94,a
800S137-43,33,40.0,8,24,6.51,a
800S137-54,33,40.0,8,24,0.82,a
600S250-68,33,40.0,8,24,2.1,a
800S162-97,50,40.0,8,24,4.33,a
800S162-118,50,40.0,8,24,6.17,a
800S162-54,50,40.0,8,24,10.26,a
600S300-68,50,40.0,8,24,13.32,a
600S300-97,50,40.0,8,24,1.26,a
600S300-118,33,40.0,8,24,3.19,a
800S200-54,33,40.0,8,24,6.48,a
600S350-68,33,40.0,8,24,9.02,a
600S350-97,50,40.0,8,24,14.76,a
600S350-118,50,40.0,8,24,19.18,a
600S200-68,33,40.0,8,12,1.8,a
800S137-97,50,40.0,8,12,3.06,a
800S137-118,50,40.0,8,12,4.25,a
800S137-43,33,40.0,8,12,6.79,a
800S137-54,33,40.0,8,12,1.43,a
600S250-68,33,40.0,8,12,2.59,a
800S162-97,50,40.0,8,12,4.76,a
800S162-118,50,40.0,8,12,6.58,a
800S162-54,50,40.0,8,12,10.65,a
600S300-68,50,40.0,8,12,13.71,a
600S300-97,50,40.0,8,12,1.93,a
600S300-118,33,40.0,8,12,3.7,a
800S200-54,33,40.0,8,12,6.97,a
600S350-68,33,40.0,8,12,9.51,a
600S350-97,50,40.0,8,12,15.23,a
600S350-118,50,40.0,8,12,19.67,a
600S200-68,33,40.0,9,16,1.56,a
800S137-97,50,40.0,9,16,2.87,a
800S137-118,50,40.0,9,16,4.07,a
800S137-43,33,40.0,9,16,6.63,a
800S137-54,33,40.0,9,16,1.08,a
600S250-68,33,40.0,9,16,2.31,a
800S162-97,50,40.0,9,16,4.51,a
800S162-118,50,40.0,9,16,6.34,a
800S162-54,50,40.0,9,16,10.43,a
600S300-68,50,40.0,9,16,13.49,a
600S300-97,50,40.0,9,16,1.55,a
600S300-118,33,40.0,9,16,3.41,a
800S200-54,33,40.0,9,16,6.69,a
600S350-68,33,40.0,9,16,9.23,a
600S350-97,50,40.0,9,16,14.96,a
600S350-118,50,40.0,9,16,19.39,a
600S200-68,33,40.0,9,24,1.09,a
800S137-97,50,40.0,9,24,2.5,a
800S137-118,50,40.0,9,24,3.72,a
800S137-43,33,40.0,9,24,6.31,a
800S137-54,33,40.0,9,24,0.38,a
600S250-68,33,40.0,9,24,1.75,a
800S162-97,50,40.0,9,24,4.02,a
800S162-118,50,40.0,9,24,5.86,a
800S162-54,50,40.0,9,24,9.98,a
600S300-68,50,40.0,9,24,13.04,a
600S300-97,50,40.0,9,24,0.78,a
600S300-118,33,40.0,9,24,2.83,a
800S200-54,33,40.0,9,24,6.12,a
600S350-68,33,40.0,9,24,8.66,a
600S350-97,50,40.0,9,24,14.42,a
600S350-118,50,40.0,9,24,18.82,a
600S200-68,33,40.0,9,12,1.63,a
800S137-97,50,40.0,9,12,2.93,a
800S137-118,50,40.0,9,12,4.12,a
800S137-43,33,40.0,9,12,6.68,a
800S137-54,33,40.0,9,12,1.18,a
600S250-68,33,40.0,9,12,2.39,a
800S162-97,50,40.0,9,12,4.58,a
800S162-118,50,40.0,9,12,6.41,a
800S162-54,50,40.0,9,12,10.49,a
600S300-68,50,40.0,9,12,13.55,a
600S300-97,50,40.0,9,12,1.66,a
600S300-118,33,40.0,9,12,3.49,a
800S200-54,33,40.0,9,12,6.77,a
600S350-68,33,40.0,9,12,9.31,a
600S350-97,50,40.0,9,12,15.04,a
600S350-118,50,40.0,9,12,19.47,a
600S200-68,33,40.0,10,16,1.34,a
800S137-97,50,40.0,10,16,2.7,a
800S137-118,50,40.0,10,16,3.9,a
800S137-43,33,40.0,10,16,6.48,a
800S137-54,33,40.0,10,16,0.75,a
600S250-68,33,40.0,10,16,2.05,a
800S162-97,50,40.0,10,16,4.28,a
800S162-118,50,40.0,10,16,6.12,a
800S162-54,50,40.0,10,16,10.22,a
600S300-68,50,40.0,10,16,13.28,a
600S300-97,50,40.0,10,16,1.19,a
600S300-118,33,40.0,10,16,3.14,a
800S200-54,33,40.0,10,16,6.42,a
600S350-68,33,40.0,10,16,8.96,a
600S350-97,50,40.0,10,16,14.7,a
600S350-118,50,40.0,10,16,19.12,a
600S200-68,33,40.0,10,12,1.25,a
800S137-97,50,40.0,10,12,2.63,a
800S137-118,50,40.0,10,12,3.83,a
800S137-43,33,40.0,10,12,6.42,a
800S137-54,33,40.0,10,12,0.61,a
600S250-68,33,40.0,10,12,1.94,a
800S162-97,50,40.0,10,12,4.18,a
800S162-118,50,40.0,10,12,6.02,a
800S162-54,50,40.0,10,12,10.13,a
600S300-68,50,40.0,10,12,13.19,a
600S300-97,50,40.0,10,12,1.03,a
600S300-118,33,40.0,10,12,3.01,a
800S200-54,33,40.0,10,12,6.3,a
600S350-68,33,40.0,10,12,8.85,a
600S350-97,50,40.0,10,12,14.6,a
600S350-118,50,40.0,10,12,19.01,a
800S250-68,33,40.0,,12,11.09,a
800S250-97,50,40.0,,12,18.83,a
800S250-118,50,40.0,,12,24.68,a
800S250-54,50,40.0,,12,7.83,a
800S300-68,50,40.0,,12,11.37,a
800S300-97,50,40.0,,12,20.59,a
800S300-118,50,40.0,,12,27.03,a
800S300-54,50,40.0,,12,10.26,a
800S350-68,50,40.0,,12,15.05,a
800S350-97,50,40.0,,12,25.09,a
800S350-118,50,40.0,,12,33.51,a
800S250-68,33,40.0,8,16,10.84,a
800S250-97,50,40.0,8,16,18.56,a
800S250-118,50,40.0,8,16,24.39,a
800S250-54,50,40.0,8,16,7.59,a
800S300-68,50,40.0,8,16,11.12,a
800S300-97,50,40.0,8,16,20.31,a
800S300-118,50,40.0,8,16,26.74,a
800S300-54,50,40.0,8,16,10.0,a
800S350-68,50,40.0,8,16,14.78,a
800S350-97,50,40.0,8,16,24.8,a
800S350-118,50,40.0,8,16,33.21,a
800S250-68,33,40.0,8,24,10.34,a
800S250-97,50,40.0,8,24,18.01,a
800S250-118,50,40.0,8,24,23.81,a
800S250-54,50,40.0,8,24,7.09,a
800S300-68,50,40.0,8,24,10.63,a
800S300-97,50,40.0,8,24,19.75,a
800S300-118,50,40.0,8,24,26.16,a
800S300-54,50,40.0,8,24,9.48,a
800S350-68,50,40.0,8,24,14.26,a
800S350-97,50,40.0,8,24,24.21,a
800S350-118,50,40.0,8,24,32.59,a
800S250-68,33,40.0,8,12,10.85,a
800S250-97,50,40.0,8,12,18.54,a
800S250-118,50,40.0,8,12,24.31,a
800S250-54,50,40.0,8,12,7.6,a
800S300-68,50,40.0,8,12,11.11,a
800S300-97,50,40.0,8,12,20.23,a
800S300-118,50,40.0,8,12,26.62,a
800S300-54,50,40.0,8,12,9.98,a
800S350-68,50,40.0,8,12,14.74,a
800S350-97,50,40.0,8,12,24.73,a
800S350-118,50,40.0,8,12,33.04,a
800S250-68,33,40.0,9,16,10.54,a
800S250-97,50,40.0,9,16,18.2,a
800S250-118,50,40.0,9,16,23.95,a
800S250-54,50,40.0,9,16,7.29,a
800S300-68,50,40.0,9,16,10.8,a
800S300-97,50,40.0,9,16,19.88,a
800S300-118,50,40.0,9,16,26.26,a
800S300-54,50,40.0,9,16,9.66,a
800S350-68,50,40.0,9,16,14.41,a
800S350-97,50,40.0,9,16,24.36,a
800S350-118,50,40.0,9,16,32.66,a
800S250-68,33,40.0,9,24,9.92,a
800S250-97,50,40.0,9,24,17.5,a
800S250-118,50,40.0,9,24,23.22,a
800S250-54,50,40.0,9,24,6.67,a
800S300-68,50,40.0,9,24,10.19,a
800S300-97,50,40.0,9,24,19.18,a
800S300-118,50,40.0,9,24,25.53,a
800S300-54,50,40.0,9,24,9.01,a
800S350-68,50,40.0,9,24,13.75,a
800S350-97,50,40.0,9,24,23.62,a
800S350-118,50,40.0,9,24,31.89,a
800S250-68,33,40.0,9,12,10.59,a
800S250-97,50,40.0,9,12,18.21,a
800S250-118,50,40.0,9,12,23.88,a
800S250-54,50,40.0,9,12,7.33,a
800S300-68,50,40.0,9,12,10.82,a
800S300-97,50,40.0,9,12,19.81,a
800S300-118,50,40.0,9,12,26.15,a
800S300-54,50,40.0,9,12,9.67,a
800S350-68,50,40.0,9,12,14.4,a
800S350-97,50,40.0,9,12,24.27,a
800S350-118,50,40.0,9,12,32.5,a
800S250-68,33,40.0,10,16,10.2,a
800S250-97,50,40.0,10,16,17.78,a
800S250-118,50,40.0,10,16,23.44,a
800S250-54,50,40.0,10,16,6.95,a
800S300-68,50,40.0,10,16,10.45,a
800S300-97,50,40.0,10,16,19.38,a
800S300-118,50,40.0,10,16,25.7,a
800S300-54,50,40.0,10,16,9.27,a
800S350-68,50,40.0,10,16,13.99,a
800S350-97,50,40.0,10,16,23.82,a
800S350-118,50,40.0,10,16,32.03,a
800S250-68,33,40.0,10,24,9.44,a
800S250-97,50,40.0,10,24,16.94,a
800S250-118,50,40.0,10,24,22.55,a
800S250-54,50,40.0,10,24,6.19,a
800S300-68,50,40.0,10,24,9.7,a
800S300-97,50,40.0,10,24,18.52,a
800S300-118,50,40.0,10,24,24.81,a
800S300-54,50,40.0,10,24,8.48,a
800S350-68,50,40.0,10,24,13.19,a
800S350-97,50,40.0,10,24,22.91,a
800S350-118,50,40.0,10,24,31.09,a
800S250-68,33,40.0,10,12,9.96,a
800S250-97,50,40.0,10,12,17.41,a
800S250-118,50,40.0,10,12,22.82,a
800S250-54,50,40.0,10,12,6.71,a
800S300-68,50,40.0,10,12,10.14,a
800S300-97,50,40.0,10,12,18.79,a
800S300-118,50,40.0,10,12,24.99,a
800S300-54,50,40.0,10,12,8.95,a
800S350-68,50,40.0,10,12,13.59,a
800S350-97,50,40.0,10,12,23.11,a
800S350-118,50,40.0,10,12,31.24,a
800S250-68,33,40.0,12,16,9.41,a
800S250-97,50,40.0,12,16,16.81,a
800S250-118,50,40.0,12,16,22.2,a
800S250-54,50,40.0,12,16,6.17,a
800S300-68,50,40.0,12,16,9.61,a
800S300-97,50,40.0,12,16,18.19,a
800S300-118,50,40.0,12,16,24.36,a
800S300-54,50,40.0,12,16,8.39,a
800S350-68,50,40.0,12,16,13.02,a
800S350-97,50,40.0,12,16,22.47,a
800S350-118,50,40.0,12,16,30.58,a
800S250-68,33,40.0,12,24,8.32,a
800S250-97,50,40.0,12,24,15.6,a
800S250-118,50,40.0,12,24,20.94,a
800S250-54,50,40.0,12,24,5.09,a
800S300-68,50,40.0,12,24,8.54,a
800S300-97,50,40.0,12,24,16.99,a
800S300-118,50,40.0,12,24,23.1,a
800S300-54,50,40.0,12,24,7.27,a
800S350-68,50,40.0,12,24,11.88,a
800S350-97,50,40.0,12,24,21.2,a
800S350-118,50,40.0,12,24,29.25,a
800S250-68,33,40.0,12,12,9.12,a
800S250-97,50,40.0,12,12,16.25,a
800S250-118,50,40.0,12,12,21.47,a
800S250-54,50,40.0,12,12,5.98,a
800S300-68,50,40.0,12,12,9.32,a
800S300-97,50,40.0,12,12,17.55,a
800S300-118,50,40.0,12,12,23.55,a
800S300-54,50,40.0,12,12,8.1,a
800S350-68,50,40.0,12,12,12.62,a
800S350-97,50,40.0,12,12,21.74,a
800S350-118,50,40.0,12,12,29.47,a
800S250-68,33,40.0,14,16,8.4,a
800S250-97,50,40.0,14,16,15.46,a
800S250-118,50,40.0,14,16,20.64,a
800S250-54,50,40.0,14,16,5.26,a
800S300-68,50,40.0,14,16,8.61,a
800S300-97,50,40.0,14,16,16.76,a
800S300-118,50,40.0,14,16,22.72,a
800S300-54,50,40.0,14,16,7.37,a
800S350-68,50,40.0,14,16,11.87,a
800S350-97,50,40.0,14,16,20.9,a
800S350-118,50,40.0,14,16,28.6,a
800S250-68,33,40.0,14,24,6.96,a
800S250-97,50,40.0,14,24,13.87,a
800S250-118,50,40.0,14,24,18.98,a
800S250-54,50,40.0,14,24,3.83,a
800S300-68,50,40.0,14,24,7.2,a
800S300-97,50,40.0,14,24,15.17,a
800S300-118,50,40.0,14,24,21.06,a
800S300-54,50,40.0,14,24,5.89,a
800S350-68,50,40.0,14,24,10.35,a
800S350-97,50,40.0,14,24,19.22,a
800S350-118,50,40.0,14,24,26.85,a
800S250-68,33,40.0,14,12,8.15,a
800S250-97,50,40.0,14,12,14.87,a
800S250-118,50,40.0,14,12,19.84,a
800S250-54,50,40.0,14,12,5.15,a
800S300-68,50,40.0,14,12,8.38,a
800S300-97,50,40.0,14,12,16.12,a
800S300-118,50,40.0,14,12,21.9,a
800S300-54,50,40.0,14,12,7.17,a
800S350-68,50,40.0,14,12,11.52,a
800S350-97,50,40.0,14,12,20.23,a
800S350-118,50,40.0,14,12,27.28,a
800S250-68,33,40.0,16,16,7.24,a
800S250-97,50,40.0,16,16,13.87,a
800S250-118,50,40.0,16,16,18.8,a
800S250-54,50,40.0,16,16,4.25,a
800S300-68,50,40.0,16,16,7.49,a
800S300-97,50,40.0,16,16,15.13,a
800S300-118,50,40.0,16,16,20.86,a
800S300-54,50,40.0,16,16,6.24,a
800S350-68,50,40.0,16,16,10.57,a
800S350-97,50,40.0,16,16,19.17,a
800S350-118,50,40.0,16,16,26.19,a
600S200-68,33,50.0,,12,8.7,a
800S137-97,50,50.0,,12,14.2,a
800S137-118,50,50.0,,12,18.45,a
800S137-43,33,50.0,,12,3.5,a
800S137-54,33,50.0,,12,6.54,a
600S250-68,33,50.0,,12,9.76,a
800S162-97,50,50.0,,12,16.65,a
800S162-118,50,50.0,,12,21.5,a
800S162-54,50,50.0,,12,6.84,a
600S300-68,50,50.0,,12,9.97,a
600S300-97,50,50.0,,12,17.97,a
600S300-118,33,50.0,,12,23.6,a
800S200-54,33,50.0,,12,9.08,a
600S350-68,33,50.0,,12,13.5,a
600S350-97,50,50.0,,12,22.51,a
600S350-118,50,50.0,,12,30.03,a
600S200-68,33,50.0,8,16,8.3,a
800S137-97,50,50.0,8,16,13.82,a
800S137-118,50,50.0,8,16,18.05,a
800S137-43,33,50.0,8,16,3.08,a
800S137-54,33,50.0,8,16,6.15,a
600S250-68,33,50.0,8,16,9.33,a
800S162-97,50,50.0,8,16,16.18,a
800S162-118,50,50.0,8,16,21.02,a
800S162-54,50,50.0,8,16,6.44,a
600S300-68,50,50.0,8,16,9.55,a
600S300-97,50,50.0,8,16,17.51,a
600S300-118,33,50.0,8,16,23.12,a
800S200-54,33,50.0,8,16,8.66,a
600S350-68,33,50.0,8,16,13.05,a
600S350-97,50,50.0,8,16,22.02,a
600S350-118,50,50.0,8,16,29.52,a
600S200-68,33,50.0,8,24,7.51,a
800S137-97,50,50.0,8,24,13.06,a
800S137-118,50,50.0,8,24,17.24,a
800S137-43,33,50.0,8,24,2.22,a
800S137-54,33,50.0,8,24,5.36,a
600S250-68,33,50.0,8,24,8.47,a
800S162-97,50,50.0,8,24,15.25,a
800S162-118,50,50.0,8,24,20.06,a
800S162-54,50,50.0,8,24,5.65,a
600S300-68,50,50.0,8,24,8.71,a
600S300-97,50,50.0,8,24,16.58,a
600S300-118,33,50.0,8,24,22.16,a
800S200-54,33,50.0,8,24,7.82,a
600S350-68,33,50.0,8,24,12.14,a
600S350-97,50,50.0,8,24,21.03,a
600S350-118,50,50.0,8,24,28.5,a
600S200-68,33,50.0,8,12,8.28,a
800S137-97,50,50.0,8,12,13.72,a
800S137-118,50,50.0,8,12,17.89,a
800S137-43,33,50.0,8,12,3.14,a
800S137-54,33,50.0,8,12,6.15,a
600S250-68,33,50.0,8,12,9.29,a
800S162-97,50,50.0,8,12,16.01,a
800S162-118,50,50.0,8,12,20.77,a
800S162-54,50,50.0,8,12,6.44,a
600S300-68,50,50.0,8,12,9.51,a
600S300-97,50,50.0,8,12,17.31,a
600S300-118,33,50.0,8,12,22.85,a
800S200-54,33,50.0,8,12,8.62,a
600S350-68,33,50.0,8,12,12.95,a
600S350-97,50,50.0,8,12,21.77,a
600S350-118,50,50.0,8,12,28.99,a
600S200-68,33,50.0,9,16,7.78,a
800S137-97,50,50.0,9,16,13.24,a
800S137-118,50,50.0,9,16,17.39,a
800S137-43,33,50.0,9,16,2.6,a
800S137-54,33,50.0,9,16,5.66,a
600S250-68,33,50.0,9,16,8.76,a
800S162-97,50,50.0,9,16,15.43,a
800S162-118,50,50.0,9,16,20.17,a
800S162-54,50,50.0,9,16,5.95,a
600S300-68,50,50.0,9,16,8.98,a
600S300-97,50,50.0,9,16,16.73,a
600S300-118,33,50.0,9,16,22.25,a
800S200-54,33,50.0,9,16,8.09,a
600S350-68,33,50.0,9,16,12.39,a
600S350-97,50,50.0,9,16,21.15,a
600S350-118,50,50.0,9,16,28.36,a
600S200-68,33,50.0,9,24,6.79,a
800S137-97,50,50.0,9,24,12.29,a
800S137-118,50,50.0,9,24,16.38,a
800S137-43,33,50.0,9,24,1.53,a
800S137-54,33,50.0,9,24,4.69,a
600S250-68,33,50.0,9,24,7.68,a
800S162-97,50,50.0,9,24,14.27,a
800S162-118,50,50.0,9,24,18.98,a
800S162-54,50,50.0,9,24,4.96,a
600S300-68,50,50.0,9,24,7.93,a
600S300-97,50,50.0,9,24,15.58,a
600S300-118,33,50.0,9,24,21.06,a
800S200-54,33,50.0,9,24,7.05,a
600S350-68,33,50.0,9,24,11.26,a
600S350-97,50,50.0,9,24,19.91,a
600S350-118,50,50.0,9,24,27.09,a
600S200-68,33,50.0,9,12,7.8,a
800S137-97,50,50.0,9,12,13.17,a
800S137-118,50,50.0,9,12,17.25,a
800S137-43,33,50.0,9,12,2.74,a
800S137-54,33,50.0,9,12,5.73,a
600S250-68,33,50.0,9,12,8.77,a
800S162-97,50,50.0,9,12,15.3,a
800S162-118,50,50.0,9,12,19.94,a
800S162-54,50,50.0,9,12,6.01,a
600S300-68,50,50.0,9,12,9.0,a
600S300-97,50,50.0,9,12,16.57,a
600S300-118,33,50.0,9,12,22.01,a
800S200-54,33,50.0,9,12,8.1,a
600S350-68,33,50.0,9,12,12.34,a
600S350-97,50,50.0,9,12,20.95,a
600S350-118,50,50.0,9,12,27.83,a
600S200-68,33,50.0,10,16,7.2,a
800S137-97,50,50.0,10,16,12.59,a
800S137-118,50,50.0,10,16,16.64,a
800S137-43,33,50.0,10,16,2.08,a
800S137-54,33,50.0,10,16,5.13,a
600S250-68,33,50.0,10,16,8.12,a
800S162-97,50,50.0,10,16,14.6,a
800S162-118,50,50.0,10,16,19.22,a
800S162-54,50,50.0,10,16,5.41,a
600S300-68,50,50.0,10,16,8.36,a
600S300-97,50,50.0,10,16,15.87,a
600S300-118,33,50.0,10,16,21.29,a
800S200-54,33,50.0,10,16,7.47,a
600S350-68,33,50.0,10,16,11.66,a
600S350-97,50,50.0,10,16,20.2,a
600S350-118,50,50.0,10,16,27.07,a
600S200-68,33,50.0,10,24,5.99,a
800S137-97,50,50.0,10,24,11.43,a
800S137-118,50,50.0,10,24,15.41,a
800S137-43,33,50.0,10,24,0.78,b
800S137-54,33,50.0,10,24,3.94,a
600S250-68,33,50.0,10,24,6.81,a
800S162-97,50,50.0,10,24,13.19,a
800S162-118,50,50.0,10,24,17.77,a
800S162-54,50,50.0,10,24,4.2,a
600S300-68,50,50.0,10,24,7.08,a
600S300-97,50,50.0,10,24,14.48,a
600S300-118,33,50.0,10,24,19.84,a
800S200-54,33,50.0,10,24,6.2,a
600S350-68,33,50.0,10,24,10.29,a
600S350-97,50,50.0,10,24,18.7,a
600S350-118,50,50.0,10,24,25.54,a
600S200-68,33,50.0,10,12,6.7,a
800S137-97,50,50.0,10,12,11.85,a
800S137-118,50,50.0,10,12,15.69,a
800S137-43,33,50.0,10,12,1.83,a
800S137-54,33,50.0,10,12,4.76,a
600S250-68,33,50.0,10,12,7.58,a
800S162-97,50,50.0,10,12,13.64,a
800S162-118,50,50.0,10,12,18.0,a
800S162-54,50,50.0,10,12,5.02,a
600S300-68,50,50.0,10,12,7.87,a
600S300-97,50,50.0,10,12,14.88,a
600S300-118,33,50.0,10,12,20.1,a
800S200-54,33,50.0,10,12,6.96,a
600S350-68,33,50.0,10,12,10.96,a
600S350-97,50,50.0,10,12,19.13,a
600S350-118,50,50.0,10,12,25.22,a
600S200-68,33,50.0,12,16,5.87,a
800S137-97,50,50.0,12,16,11.05,a
800S137-118,50,50.0,12,16,14.85,a
800S137-43,33,50.0,12,16,0.91,b
800S137-54,33,50.0,12,16,3.93,a
600S250-68,33,50.0,12,16,6.68,a
800S162-97,50,50.0,12,16,12.68,a
800S162-118,50,50.0,12,16,17.01,a
800S162-54,50,50.0,12,16,4.19,a
600S300-68,50,50.0,12,16,6.98,a
600S300-97,50,50.0,12,16,13.93,a
600S300-118,33,50.0,12,16,19.11,a
800S200-54,33,50.0,12,16,6.08,a
600S350-68,33,50.0,12,16,10.02,a
600S350-97,50,50.0,12,16,18.09,a
600S350-118,50,50.0,12,16,24.18,a
600S200-68,33,50.0,12,12,5.44,b
800S137-97,50,50.0,12,12,10.29,a
800S137-118,50,50.0,12,12,13.81,a
800S137-43,33,50.0,12,12,0.81,c
800S137-54,33,50.0,12,12,3.7,b
600S250-68,33,50.0,12,12,6.25,a
800S162-97,50,50.0,12,12,11.75,a
800S162-118,50,50.0,12,12,15.76,a
800S162-54,50,50.0,12,12,3.92,b
600S300-68,50,50.0,12,12,6.61,a
600S300-97,50,50.0,12,12,12.99,a
600S300-118,33,50.0,12,12,18.01,a
800S200-54,33,50.0,12,12,5.7,a
600S350-68,33,50.0,12,12,9.43,a
600S350-97,50,50.0,12,12,16.94,a
600S350-118,50,50.0,12,12,22.32,a
600S200-68,33,50.0,12,12,1.8,a
800S137-97,50,50.0,12,12,3.06,a
800S137-118,50,50.0,12,12,4.26,a
800S137-43,33,50.0,12,12,6.8,a
800S137-54,33,50.0,12,12,1.44,a
600S250-68,33,50.0,12,12,2.6,a
800S162-97,50,50.0,12,12,4.76,a
800S162-118,50,50.0,12,12,6.59,a
800S162-54,50,50.0,12,12,10.66,a
600S300-68,50,50.0,12,12,13.72,a
600S300-97,50,50.0,12,12,1.94,a
600S300-118,33,50.0,12,12,3.71,a
800S200-54,33,50.0,12,12,6.98,a
600S350-68,33,50.0,12,12,9.52,a
600S350-97,50,50.0,12,12,15.24,a
600S350-118,50,50.0,12,12,19.68,a
600S200-68,33,50.0,8,16,1.57,a
800S137-97,50,50.0,8,16,2.88,a
800S137-118,50,50.0,8,16,4.08,a
800S137-43,33,50.0,8,16,6.64,a
800S137-54,33,50.0,8,16,1.1,a
600S250-68,33,50.0,8,16,2.33,a
800S162-97,50,50.0,8,16,4.52,a
800S162-118,50,50.0,8,16,6.35,a
800S162-54,50,50.0,8,16,10.44,a
600S300-68,50,50.0,8,16,13.5,a
600S300-97,50,50.0,8,16,1.56,a
600S300-118,33,50.0,8,16,3.42,a
800S200-54,33,50.0,8,16,6.7,a
600S350-68,33,50.0,8,16,9.24,a
600S350-97,50,50.0,8,16,14.97,a
600S350-118,50,50.0,8,16,19.4,a
600S200-68,33,50.0,8,24,1.11,a
800S137-97,50,50.0,8,24,2.52,a
800S137-118,50,50.0,8,24,3.73,a
800S137-43,33,50.0,8,24,6.32,a
800S137-54,33,50.0,8,24,0.4,a
600S250-68,33,50.0,8,24,1.77,a
800S162-97,50,50.0,8,24,4.03,a
800S162-118,50,50.0,8,24,5.88,a
800S162-54,50,50.0,8,24,10.0,a
600S300-68,50,50.0,8,24,13.06,a
600S300-97,50,50.0,8,24,0.81,a
600S300-118,33,50.0,8,24,2.85,a
800S200-54,33,50.0,8,24,6.14,a
600S350-68,33,50.0,8,24,8.68,a
600S350-97,50,50.0,8,24,14.44,a
600S350-118,50,50.0,8,24,18.84,a
600S200-68,33,50.0,8,12,1.62,a
800S137-97,50,50.0,8,12,2.92,a
800S137-118,50,50.0,8,12,4.12,a
800S137-43,33,50.0,8,12,6.67,a
800S137-54,33,50.0,8,12,1.17,a
600S250-68,33,50.0,8,12,2.38,a
800S162-97,50,50.0,8,12,4.57,a
800S162-118,50,50.0,8,12,6.4,a
800S162-54,50,50.0,8,12,10.48,a
600S300-68,50,50.0,8,12,13.54,a
600S300-97,50,50.0,8,12,1.64,a
600S300-118,33,50.0,8,12,3.48,a
800S200-54,33,50.0,8,12,6.76,a
600S350-68,33,50.0,8,12,9.3,a
600S350-97,50,50.0,8,12,15.02,a
600S350-118,50,50.0,8,12,19.46,a
600S200-68,33,50.0,9,16,1.33,a
800S137-97,50,50.0,9,16,2.69,a
800S137-118,50,50.0,9,16,3.89,a
800S137-43,33,50.0,9,16,6.47,a
800S137-54,33,50.0,9,16,0.73,a
600S250-68,33,50.0,9,16,2.03,a
800S162-97,50,50.0,9,16,4.26,a
800S162-118,50,50.0,9,16,6.1,a
800S162-54,50,50.0,9,16,10.21,a
600S300-68,50,50.0,9,16,13.27,a
600S300-97,50,50.0,9,16,1.16,a
600S300-118,33,50.0,9,16,3.12,a
800S200-54,33,50.0,9,16,6.4,a
600S350-68,33,50.0,9,16,8.95,a
600S350-97,50,50.0,9,16,14.69,a
600S350-118,50,50.0,9,16,19.11,a
600S200-68,33,50.0,9,12,1.41,a
800S137-97,50,50.0,9,12,2.76,a
800S137-118,50,50.0,9,12,3.96,a
800S137-43,33,50.0,9,12,6.53,a
800S137-54,33,50.0,9,12,0.86,a
600S250-68,33,50.0,9,12,2.13,a
800S162-97,50,50.0,9,12,4.35,a
800S162-118,50,50.0,9,12,6.19,a
800S162-54,50,50.0,9,12,10.29,a
600S300-68,50,50.0,9,12,13.35,a
600S300-97,50,50.0,9,12,1.31,a
600S300-118,33,50.0,9,12,3.23,a
800S200-54,33,50.0,9,12,6.51,a
600S350-68,33,50.0,9,12,9.05,a
600S350-97,50,50.0,9,12,14.79,a
600S350-118,50,50.0,9,12,19.21,a
800S250-68,33,50.0,,12,10.9,a
800S250-97,50,50.0,,12,18.63,a
800S250-118,50,50.0,,12,24.46,a
800S250-54,50,50.0,,12,7.65,a
800S300-68,50,50.0,,12,11.18,a
800S300-97,50,50.0,,12,20.38,a
800S300-118,50,50.0,,12,26.82,a
800S300-54,50,50.0,,12,10.06,a
800S350-68,50,50.0,,12,14.85,a
800S350-97,50,50.0,,12,24.87,a
800S350-118,50,50.0,,12,33.28,a
800S250-68,33,50.0,8,16,10.59,a
800S250-97,50,50.0,8,16,18.28,a
800S250-118,50,50.0,8,16,24.1,a
800S250-54,50,50.0,8,16,7.34,a
800S300-68,50,50.0,8,16,10.88,a
800S300-97,50,50.0,8,16,20.03,a
800S300-118,50,50.0,8,16,26.45,a
800S300-54,50,50.0,8,16,9.74,a
800S350-68,50,50.0,8,16,14.52,a
800S350-97,50,50.0,8,16,24.5,a
800S350-118,50,50.0,8,16,32.9,a
800S250-68,33,50.0,8,24,9.97,a
800S250-97,50,50.0,8,24,17.6,a
800S250-118,50,50.0,8,24,23.38,a
800S250-54,50,50.0,8,24,6.72,a
800S300-68,50,50.0,8,24,10.27,a
800S300-97,50,50.0,8,24,19.34,a
800S300-118,50,50.0,8,24,25.73,a
800S300-54,50,50.0,8,24,9.1,a
800S350-68,50,50.0,8,24,13.87,a
800S350-97,50,50.0,8,24,23.77,a
800S350-118,50,50.0,8,24,32.13,a
800S250-68,33,50.0,8,12,10.62,a
800S250-97,50,50.0,8,12,18.28,a
800S250-118,50,50.0,8,12,24.04,a
800S250-54,50,50.0,8,12,7.36,a
800S300-68,50,50.0,8,12,10.88,a
800S300-97,50,50.0,8,12,19.96,a
800S300-118,50,50.0,8,12,26.35,a
800S300-54,50,50.0,8,12,9.74,a
800S350-68,50,50.0,8,12,14.49,a
800S350-97,50,50.0,8,12,24.45,a
800S350-118,50,50.0,8,12,32.75,a
800S250-68,33,50.0,9,16,10.23,a
800S250-97,50,50.0,9,16,17.85,a
800S250-118,50,50.0,9,16,23.59,a
800S250-54,50,50.0,9,16,6.98,a
800S300-68,50,50.0,9,16,10.5,a
800S300-97,50,50.0,9,16,19.53,a
800S300-118,50,50.0,9,16,25.89,a
800S300-54,50,50.0,9,16,9.33,a
800S350-68,50,50.0,9,16,14.08,a
800S350-97,50,50.0,9,16,23.99,a
800S350-118,50,50.0,9,16,32.27,a
800S250-68,33,50.0,9,24,9.45,a
800S250-97,50,50.0,9,24,16.99,a
800S250-118,50,50.0,9,24,22.68,a
800S250-54,50,50.0,9,24,6.2,a
800S300-68,50,50.0,9,24,9.73,a
800S300-97,50,50.0,9,24,18.65,a
800S300-118,50,50.0,9,24,24.98,a
800S300-54,50,50.0,9,24,8.52,a
800S350-68,50,50.0,9,24,13.26,a
800S350-97,50,50.0,9,24,23.06,a
800S350-118,50,50.0,9,24,31.31,a
800S250-68,33,50.0,9,12,10.3,a
800S250-97,50,50.0,9,12,17.89,a
800S250-118,50,50.0,9,12,23.55,a
800S250-54,50,50.0,9,12,7.05,a
800S300-68,50,50.0,9,12,10.54,a
800S300-97,50,50.0,9,12,19.49,a
800S300-118,50,50.0,9,12,25.81,a
800S300-54,50,50.0,9,12,9.37,a
800S350-68,50,50.0,9,12,14.1,a
800S350-97,50,50.0,9,12,23.93,a
800S350-118,50,50.0,9,12,32.15,a
800S250-68,33,50.0,10,16,9.82,a
800S250-97,50,50.0,10,16,17.36,a
800S250-118,50,50.0,10,16,22.99,a
800S250-54,50,50.0,10,16,6.57,a
800S300-68,50,50.0,10,16,10.07,a
800S300-97,50,50.0,10,16,18.95,a
800S300-118,50,50.0,10,16,25.25,a
800S300-54,50,50.0,10,16,8.88,a
800S350-68,50,50.0,10,16,13.59,a
800S350-97,50,50.0,10,16,23.36,a
800S350-118,50,50.0,10,16,31.56,a
800S250-68,33,50.0,10,24,8.86,a
800S250-97,50,50.0,10,24,16.3,a
800S250-118,50,50.0,10,24,21.88,a
800S250-54,50,50.0,10,24,5.62,a
800S300-68,50,50.0,10,24,9.13,a
800S300-97,50,50.0,10,24,17.88,a
800S300-118,50,50.0,10,24,24.13,a
800S300-54,50,50.0,10,24,7.88,a
800S350-68,50,50.0,10,24,12.58,a
800S350-97,50,50.0,10,24,22.23,a
800S350-118,50,50.0,10,24,30.38,a
800S250-68,33,50.0,10,12,9.55,a
800S250-97,50,50.0,10,12,16.96,a
800S250-118,50,50.0,10,12,22.35,a
800S250-54,50,50.0,10,12,6.31,a
800S300-68,50,50.0,10,12,9.74,a
800S300-97,50,50.0,10,12,18.34,a
800S300-118,50,50.0,10,12,24.51,a
800S300-54,50,50.0,10,12,8.53,a
800S350-68,50,50.0,10,12,13.16,a
800S350-97,50,50.0,10,12,22.63,a
800S350-118,50,50.0,10,12,30.74,a
800S250-68,33,50.0,12,16,8.87,a
800S250-97,50,50.0,12,16,16.2,a
800S250-118,50,50.0,12,16,21.57,a
800S250-54,50,50.0,12,16,5.63,a
800S300-68,50,50.0,12,16,9.08,a
800S300-97,50,50.0,12,16,17.59,a
800S300-118,50,50.0,12,16,23.73,a
800S300-54,50,50.0,12,16,7.83,a
800S350-68,50,50.0,12,16,12.45,a
800S350-97,50,50.0,12,16,21.83,a
800S350-118,50,50.0,12,16,29.91,a
800S250-68,33,50.0,12,24,7.5,a
800S250-97,50,50.0,12,24,14.7,a
800S250-118,50,50.0,12,24,20.0,a
800S250-54,50,50.0,12,24,4.28,a
800S300-68,50,50.0,12,24,7.75,a
800S300-97,50,50.0,12,24,16.09,a
800S300-118,50,50.0,12,24,22.15,a
800S300-54,50,50.0,12,24,6.43,a
800S350-68,50,50.0,12,24,11.02,a
800S350-97,50,50.0,12,24,20.24,a
800S350-118,50,50.0,12,24,28.25,a
800S250-68,33,50.0,12,12,8.58,a
800S250-97,50,50.0,12,12,15.66,a
800S250-118,50,50.0,12,12,20.85,a
800S250-54,50,50.0,12,12,5.44,a
800S300-68,50,50.0,12,12,8.79,a
800S300-97,50,50.0,12,12,16.96,a
800S300-118,50,50.0,12,12,22.93,a
800S300-54,50,50.0,12,12,7.55,a
800S350-68,50,50.0,12,12,12.05,a
800S350-97,50,50.0,12,12,21.11,a
800S350-118,50,50.0,12,12,28.81,a
800S250-68,33,50.0,14,16,7.68,a
800S250-97,50,50.0,14,16,14.66,a
800S250-118,50,50.0,14,16,19.81,a
800S250-54,50,50.0,14,16,4.55,a
800S300-68,50,50.0,14,16,7.91,a
800S300-97,50,50.0,14,16,15.97,a
800S300-118,50,50.0,14,16,21.89,a
800S300-54,50,50.0,14,16,6.63,a
800S350-68,50,50.0,14,16,11.11,a
800S350-97,50,50.0,14,16,20.06,a
800S350-118,50,50.0,14,16,27.72,a
800S250-68,33,50.0,14,12,7.47,a
800S250-97,50,50.0,14,12,14.12,a
800S250-118,50,50.0,14,12,19.06,a
800S250-54,50,50.0,14,12,4.47,a
800S300-68,50,50.0,14,12,7.72,a
800S300-97,50,50.0,14,12,15.38,a
800S300-118,50,50.0,14,12,21.12,a
800S300-54,50,50.0,14,12,6.47,a
800S350-68,50,50.0,14,12,10.81,a
800S350-97,50,50.0,14,12,19.43,a
800S350-118,50,50.0,14,12,26.47,a
