table,member,Fy,spacing_in,load_psf,defl_limit,height_in,footnote
nonstructural_composite,162S125-18,33,12,5,L/120,156.0,f
nonstructural_composite,162S125-18,33,12,5,L/240,133.0,
nonstructural_composite,162S125-18,33,12,5,L/360,118.0,
nonstructural_composite,162S125-18,33,12,7.5,L/120,128.0,f
nonstructural_composite,162S125-18,33,12,7.5,L/240,116.0,
nonstructural_composite,162S125-18,33,12,7.5,L/360,103.0,
nonstructural_composite,162S125-18,33,12,10,L/120,111.0,f
nonstructural_composite,162S125-18,33,12,10,L/240,105.0,
nonstructural_composite,162S125-18,33,12,10,L/360,93.0,
nonstructural_composite,162S125-18,33,16,5,L/120,135.0,f
nonstructural_composite,162S125-18,33,16,5,L/240,121.0,
nonstructural_composite,162S125-18,33,16,5,L/360,107.0,
nonstructural_composite,162S125-18,33,16,7.5,L/120,111.0,f
nonstructural_composite,162S125-18,33,16,7.5,L/240,105.0,
nonstructural_composite,162S125-18,33,16,7.5,L/360,93.0,
nonstructural_composite,162S125-18,33,16,10,L/120,96.0,f
nonstructural_composite,162S125-18,33,16,10,L/240,95.0,
nonstructural_composite,162S125-18,33,24,5,L/120,111.0,f
nonstructural_composite,162S125-18,33,24,5,L/240,105.0,
nonstructural_composite,162S125-18,33,24,5,L/360,93.0,
nonstructural_composite,162S125-27,33,12,5,L/120,177.0,
nonstructural_composite,162S125-27,33,12,5,L/240,140.0,
nonstructural_composite,162S125-27,33,12,5,L/360,122.0,
nonstructural_composite,162S125-27,33,12,7.5,L/120,154.0,
nonstructural_composite,162S125-27,33,12,7.5,L/240,122.0,
nonstructural_composite,162S125-27,33,12,7.5,L/360,103.0,
nonstructural_composite,162S125-27,33,12,10,L/120,140.0,
nonstructural_composite,162S125-27,33,12,10,L/240,109.0,
nonstructural_composite,162S125-27,33,12,10,L/360,90.0,
nonstructural_composite,162S125-27,33,12,15,L/120,102.0,
nonstructural_composite,162S125-27,33,16,5,L/120,160.0,
nonstructural_composite,162S125-27,33,16,5,L/240,127.0,
nonstructural_composite,162S125-27,33,16,5,L/360,109.0,
nonstructural_composite,162S125-27,33,16,7.5,L/120,140.0,
nonstructural_composite,162S125-27,33,16,7.5,L/240,109.0,
nonstructural_composite,162S125-27,33,16,7.5,L/360,90.0,
nonstructural_composite,162S125-27,33,16,10,L/120,127.0,
nonstructural_composite,162S125-27,33,16,10,L/240,95.0,
nonstructural_composite,162S125-27,33,24,5,L/120,140.0,
nonstructural_composite,162S125-27,33,24,5,L/240,109.0,
nonstructural_composite,162S125-27,33,24,7.5,L/120,122.0,
nonstructural_composite,162S125-27,33,24,10,L/120,109.0,
nonstructural_composite,162S125-30,33,12,5,L/120,179.0,
nonstructural_composite,162S125-30,33,12,5,L/240,142.0,
nonstructural_composite,162S125-30,33,12,5,L/360,124.0,
nonstructural_composite,162S125-30,33,12,7.5,L/120,157.0,
nonstructural_composite,162S125-30,33,12,7.5,L/240,124.0,
nonstructural_composite,162S125-30,33,12,7.5,L/360,107.0,
nonstructural_composite,162S125-30,33,12,10,L/120,142.0,
nonstructural_composite,162S125-30,33,12,10,L/240,112.0,
nonstructural_composite,162S125-30,33,12,10,L/360,95.0,
nonstructural_composite,162S125-30,33,12,15,L/120,118.0,f
nonstructural_composite,162S125-30,33,12,15,L/240,95.0,
nonstructural_composite,162S125-30,33,16,5,L/120,163.0,
nonstructural_composite,162S125-30,33,16,5,L/240,129.0,
nonstructural_composite,162S125-30,33,16,5,L/360,112.0,
nonstructural_composite,162S125-30,33,16,7.5,L/120,142.0,
nonstructural_composite,162S125-30,33,16,7.5,L/240,112.0,
nonstructural_composite,162S125-30,33,16,7.5,L/360,95.0,
nonstructural_composite,162S125-30,33,16,10,L/120,129.0,
nonstructural_composite,162S125-30,33,16,10,L/240,99.0,
nonstructural_composite,162S125-30,33,16,15,L/120,102.0,
nonstructural_composite,162S125-30,33,24,5,L/120,142.0,
nonstructural_composite,162S125-30,33,24,5,L/240,112.0,
nonstructural_composite,162S125-30,33,24,5,L/360,95.0,
nonstructural_composite,162S125-30,33,24,7.5,L/120,124.0,
nonstructural_composite,162S125-30,33,24,7.5,L/240,95.0,
nonstructural_composite,162S125-30,33,24,10,L/120,112.0,
nonstructural_composite,250S125-18,33,12,5,L/120,196.0,f
nonstructural_composite,250S125-18,33,12,5,L/240,170.0,
nonstructural_composite,250S125-18,33,12,5,L/360,153.0,
nonstructural_composite,250S125-18,33,12,7.5,L/120,160.0,f
nonstructural_composite,250S125-18,33,12,7.5,L/240,148.0,
nonstructural_composite,250S125-18,33,12,7.5,L/360,134.0,
nonstructural_composite,250S125-18,33,12,10,L/120,139.0,f
nonstructural_composite,250S125-18,33,12,10,L/240,135.0,
nonstructural_composite,250S125-18,33,12,10,L/360,122.0,
nonstructural_composite,250S125-18,33,16,5,L/120,170.0,f
nonstructural_composite,250S125-18,33,16,5,L/240,154.0,
nonstructural_composite,250S125-18,33,16,5,L/360,139.0,
nonstructural_composite,250S125-18,33,16,7.5,L/120,139.0,f
nonstructural_composite,250S125-18,33,16,7.5,L/240,135.0,
nonstructural_composite,250S125-18,33,16,7.5,L/360,122.0,
nonstructural_composite,250S125-18,33,16,10,L/120,120.0,f
nonstructural_composite,250S125-18,33,16,10,L/240,120.0,f
nonstructural_composite,250S125-18,33,16,10,L/360,108.0,
nonstructural_composite,250S125-18,33,24,5,L/120,139.0,f
nonstructural_composite,250S125-18,33,24,5,L/240,135.0,
nonstructural_composite,250S125-18,33,24,5,L/360,122.0,
nonstructural_composite,250S125-18,33,24,7.5,L/120,113.0,f
nonstructural_composite,250S125-18,33,24,7.5,L/240,113.0,f
nonstructural_composite,250S125-18,33,24,7.5,L/360,102.0,
nonstructural_composite,250S125-18,33,24,10,L/120,98.0,f
nonstructural_composite,250S125-18,33,24,10,L/240,98.0,f
nonstructural_composite,250S125-27,33,12,5,L/120,223.0,
nonstructural_composite,250S125-27,33,12,5,L/240,184.0,
nonstructural_composite,250S125-27,33,12,5,L/360,165.0,
nonstructural_composite,250S125-27,33,12,7.5,L/120,195.0,
nonstructural_composite,250S125-27,33,12,7.5,L/240,161.0,
nonstructural_composite,250S125-27,33,12,7.5,L/360,144.0,
nonstructural_composite,250S125-27,33,12,10,L/120,177.0,
nonstructural_composite,250S125-27,33,12,10,L/240,146.0,
nonstructural_composite,250S125-27,33,12,10,L/360,131.0,
nonstructural_composite,250S125-27,33,12,15,L/120,126.0,f
nonstructural_composite,250S125-27,33,12,15,L/240,126.0,f
nonstructural_composite,250S125-27,33,12,15,L/360,112.0,
nonstructural_composite,250S125-27,33,16,5,L/120,202.0,
nonstructural_composite,250S125-27,33,16,5,L/240,167.0,
nonstructural_composite,250S125-27,33,16,5,L/360,149.0,
nonstructural_composite,250S125-27,33,16,7.5,L/120,177.0,
nonstructural_composite,250S125-27,33,16,7.5,L/240,146.0,
nonstructural_composite,250S125-27,33,16,7.5,L/360,131.0,
nonstructural_composite,250S125-27,33,16,10,L/120,161.0,
nonstructural_composite,250S125-27,33,16,10,L/240,133.0,
nonstructural_composite,250S125-27,33,16,10,L/360,119.0,
nonstructural_composite,250S125-27,33,16,15,L/120,109.0,f
nonstructural_composite,250S125-27,33,16,15,L/240,109.0,f
nonstructural_composite,250S125-27,33,16,15,L/360,97.0,
nonstructural_composite,250S125-27,33,24,5,L/120,177.0,
nonstructural_composite,250S125-27,33,24,5,L/240,146.0,
nonstructural_composite,250S125-27,33,24,5,L/360,131.0,
nonstructural_composite,250S125-27,33,24,7.5,L/120,155.0,
nonstructural_composite,250S125-27,33,24,7.5,L/240,128.0,
nonstructural_composite,250S125-27,33,24,7.5,L/360,112.0,
nonstructural_composite,250S125-27,33,24,10,L/120,135.0,f
nonstructural_composite,250S125-27,33,24,10,L/240,116.0,
nonstructural_composite,250S125-27,33,24,10,L/360,97.0,
nonstructural_composite,250S125-30,33,12,5,L/120,221.0,
nonstructural_composite,250S125-30,33,12,5,L/240,190.0,
nonstructural_composite,250S125-30,33,12,5,L/360,169.0,
nonstructural_composite,250S125-30,33,12,7.5,L/120,193.0,
nonstructural_composite,250S125-30,33,12,7.5,L/240,166.0,
nonstructural_composite,250S125-30,33,12,7.5,L/360,148.0,
nonstructural_composite,250S125-30,33,12,10,L/120,175.0,
nonstructural_composite,250S125-30,33,12,10,L/240,151.0,
nonstructural_composite,250S125-30,33,12,10,L/360,134.0,
nonstructural_composite,250S125-30,33,12,15,L/120,132.0,f
nonstructural_composite,250S125-30,33,12,15,L/240,132.0,f
nonstructural_composite,250S125-30,33,12,15,L/360,117.0,
nonstructural_composite,250S125-30,33,16,5,L/120,201.0,
nonstructural_composite,250S125-30,33,16,5,L/240,173.0,
nonstructural_composite,250S125-30,33,16,5,L/360,154.0,
nonstructural_composite,250S125-30,33,16,7.5,L/120,175.0,
nonstructural_composite,250S125-30,33,16,7.5,L/240,151.0,
nonstructural_composite,250S125-30,33,16,7.5,L/360,134.0,
nonstructural_composite,250S125-30,33,16,10,L/120,159.0,
nonstructural_composite,250S125-30,33,16,10,L/240,137.0,
nonstructural_composite,250S125-30,33,16,10,L/360,122.0,
nonstructural_composite,250S125-30,33,16,15,L/120,114.0,f
nonstructural_composite,250S125-30,33,16,15,L/240,114.0,f
nonstructural_composite,250S125-30,33,16,15,L/360,104.0,
nonstructural_composite,250S125-30,33,24,5,L/120,175.0,
nonstructural_composite,250S125-30,33,24,5,L/240,151.0,
nonstructural_composite,250S125-30,33,24,5,L/360,134.0,
nonstructural_composite,250S125-30,33,24,7.5,L/120,153.0,
nonstructural_composite,250S125-30,33,24,7.5,L/240,132.0,
nonstructural_composite,250S125-30,33,24,7.5,L/360,117.0,
nonstructural_composite,250S125-30,33,24,10,L/120,139.0,
nonstructural_composite,250S125-30,33,24,10,L/240,120.0,
nonstructural_composite,250S125-30,33,24,10,L/360,104.0,
nonstructural_composite,250S125-30,33,24,15,L/120,93.0,f
nonstructural_composite,250S125-30,33,24,15,L/240,93.0,f
nonstructural_composite,250S125-33,33,12,5,L/120,236.0,
nonstructural_composite,250S125-33,33,12,5,L/240,188.0,
nonstructural_composite,250S125-33,33,12,5,L/360,164.0,
nonstructural_composite,250S125-33,33,12,7.5,L/120,207.0,
nonstructural_composite,250S125-33,33,12,7.5,L/240,164.0,
nonstructural_composite,250S125-33,33,12,7.5,L/360,143.0,
nonstructural_composite,250S125-33,33,12,10,L/120,188.0,
nonstructural_composite,250S125-33,33,12,10,L/240,149.0,
nonstructural_composite,250S125-33,33,12,10,L/360,130.0,
nonstructural_composite,250S125-33,33,12,15,L/120,137.0,f
nonstructural_composite,250S125-33,33,12,15,L/240,130.0,
nonstructural_composite,250S125-33,33,12,15,L/360,113.0,
nonstructural_composite,250S125-33,33,16,5,L/120,215.0,
nonstructural_composite,250S125-33,33,16,5,L/240,171.0,
nonstructural_composite,250S125-33,33,16,5,L/360,149.0,
nonstructural_composite,250S125-33,33,16,7.5,L/120,188.0,
nonstructural_composite,250S125-33,33,16,7.5,L/240,149.0,
nonstructural_composite,250S125-33,33,16,7.5,L/360,130.0,
nonstructural_composite,250S125-33,33,16,10,L/120,171.0,
nonstructural_composite,250S125-33,33,16,10,L/240,135.0,
nonstructural_composite,250S125-33,33,16,10,L/360,118.0,
nonstructural_composite,250S125-33,33,16,15,L/120,119.0,f
nonstructural_composite,250S125-33,33,16,15,L/240,118.0,
nonstructural_composite,250S125-33,33,16,15,L/360,100.0,
nonstructural_composite,250S125-33,33,24,5,L/120,188.0,
nonstructural_composite,250S125-33,33,24,5,L/240,149.0,
nonstructural_composite,250S125-33,33,24,5,L/360,130.0,
nonstructural_composite,250S125-33,33,24,7.5,L/120,164.0,
nonstructural_composite,250S125-33,33,24,7.5,L/240,130.0,
nonstructural_composite,250S125-33,33,24,7.5,L/360,113.0,
nonstructural_composite,250S125-33,33,24,10,L/120,148.0,f
nonstructural_composite,250S125-33,33,24,10,L/240,118.0,
nonstructural_composite,250S125-33,33,24,10,L/360,100.0,
nonstructural_composite,250S125-33,33,24,15,L/120,97.0,f
nonstructural_composite,250S125-33,33,24,15,L/240,97.0,f
nonstructural_composite,350S125-18,33,12,5,L/120,219.0,f
nonstructural_composite,350S125-18,33,12,5,L/240,196.0,
nonstructural_composite,350S125-18,33,12,5,L/360,172.0,
nonstructural_composite,350S125-18,33,12,7.5,L/120,179.0,f
nonstructural_composite,350S125-18,33,12,7.5,L/240,172.0,
nonstructural_composite,350S125-18,33,12,7.5,L/360,150.0,
nonstructural_composite,350S125-18,33,12,10,L/120,155.0,f
nonstructural_composite,350S125-18,33,12,10,L/240,155.0,f
nonstructural_composite,350S125-18,33,12,10,L/360,101.0,f
nonstructural_composite,350S125-18,33,12,15,L/120,101.0,f
nonstructural_composite,350S125-18,33,12,15,L/240,101.0,f
nonstructural_composite,350S125-18,33,16,5,L/120,190.0,f
nonstructural_composite,350S125-18,33,16,5,L/240,178.0,
nonstructural_composite,350S125-18,33,16,5,L/360,156.0,
nonstructural_composite,350S125-18,33,16,7.5,L/120,155.0,f
nonstructural_composite,350S125-18,33,16,7.5,L/240,155.0,f
nonstructural_composite,350S125-18,33,16,7.5,L/360,136.0,
nonstructural_composite,350S125-18,33,16,10,L/120,134.0,f
nonstructural_composite,350S125-18,33,16,10,L/240,134.0,f
nonstructural_composite,350S125-18,33,16,10,L/360,123.0,
nonstructural_composite,350S125-18,33,24,5,L/120,155.0,f
nonstructural_composite,350S125-18,33,24,5,L/240,155.0,f
nonstructural_composite,350S125-18,33,24,5,L/360,136.0,
nonstructural_composite,350S125-18,33,24,7.5,L/120,127.0,f
nonstructural_composite,350S125-18,33,24,7.5,L/240,127.0,f
nonstructural_composite,350S125-18,33,24,7.5,L/360,119.0,
nonstructural_composite,350S125-18,33,24,10,L/120,110.0,f
nonstructural_composite,350S125-18,33,24,10,L/240,110.0,f
nonstructural_composite,350S125-18,33,24,10,L/360,108.0,
nonstructural_composite,350S125-27,33,12,5,L/120,270.0,
nonstructural_composite,350S125-27,33,12,5,L/240,215.0,
nonstructural_composite,350S125-27,33,12,5,L/360,187.0,
nonstructural_composite,350S125-27,33,12,7.5,L/120,236.0,
nonstructural_composite,350S125-27,33,12,7.5,L/240,187.0,
nonstructural_composite,350S125-27,33,12,7.5,L/360,164.0,
nonstructural_composite,350S125-27,33,12,10,L/120,215.0,
nonstructural_composite,350S125-27,33,12,10,L/240,170.0,
nonstructural_composite,350S125-27,33,12,10,L/360,148.0,
nonstructural_composite,350S125-27,33,12,15,L/120,144.0,f
nonstructural_composite,350S125-27,33,12,15,L/240,144.0,f
nonstructural_composite,350S125-27,33,12,15,L/360,128.0,
nonstructural_composite,350S125-27,33,16,5,L/120,246.0,
nonstructural_composite,350S125-27,33,16,5,L/240,195.0,
nonstructural_composite,350S125-27,33,16,5,L/360,170.0,
nonstructural_composite,350S125-27,33,16,7.5,L/120,215.0,
nonstructural_composite,350S125-27,33,16,7.5,L/240,170.0,
nonstructural_composite,350S125-27,33,16,7.5,L/360,148.0,
nonstructural_composite,350S125-27,33,16,10,L/120,190.0,f
nonstructural_composite,350S125-27,33,16,10,L/240,155.0,
nonstructural_composite,350S125-27,33,16,10,L/360,134.0,
nonstructural_composite,350S125-27,33,16,15,L/120,125.0,f
nonstructural_composite,350S125-27,33,16,15,L/240,125.0,f
nonstructural_composite,350S125-27,33,24,5,L/120,215.0,
nonstructural_composite,350S125-27,33,24,5,L/240,170.0,
nonstructural_composite,350S125-27,33,24,5,L/360,148.0,
nonstructural_composite,350S125-27,33,24,7.5,L/120,179.0,f
nonstructural_composite,350S125-27,33,24,7.5,L/240,148.0,
nonstructural_composite,350S125-27,33,24,7.5,L/360,128.0,
nonstructural_composite,350S125-27,33,24,10,L/120,155.0,f
nonstructural_composite,350S125-27,33,24,10,L/240,134.0,
nonstructural_composite,350S125-30,33,12,5,L/120,270.0,
nonstructural_composite,350S125-30,33,12,5,L/240,215.0,
nonstructural_composite,350S125-30,33,12,5,L/360,188.0,
nonstructural_composite,350S125-30,33,12,7.5,L/120,236.0,
nonstructural_composite,350S125-30,33,12,7.5,L/240,188.0,
nonstructural_composite,350S125-30,33,12,7.5,L/360,164.0,
nonstructural_composite,350S125-30,33,12,10,L/120,215.0,
nonstructural_composite,350S125-30,33,12,10,L/240,170.0,
nonstructural_composite,350S125-30,33,12,10,L/360,148.0,
nonstructural_composite,350S125-30,33,12,15,L/120,154.0,f
nonstructural_composite,350S125-30,33,12,15,L/240,148.0,
nonstructural_composite,350S125-30,33,12,15,L/360,127.0,
nonstructural_composite,350S125-30,33,16,5,L/120,246.0,
nonstructural_composite,350S125-30,33,16,5,L/240,195.0,
nonstructural_composite,350S125-30,33,16,5,L/360,170.0,
nonstructural_composite,350S125-30,33,16,7.5,L/120,215.0,
nonstructural_composite,350S125-30,33,16,7.5,L/240,170.0,
nonstructural_composite,350S125-30,33,16,7.5,L/360,148.0,
nonstructural_composite,350S125-30,33,16,10,L/120,195.0,
nonstructural_composite,350S125-30,33,16,10,L/240,155.0,
nonstructural_composite,350S125-30,33,16,10,L/360,133.0,
nonstructural_composite,350S125-30,33,16,15,L/120,133.0,f
nonstructural_composite,350S125-30,33,16,15,L/240,133.0,f
nonstructural_composite,350S125-30,33,24,5,L/120,215.0,
nonstructural_composite,350S125-30,33,24,5,L/240,170.0,
nonstructural_composite,350S125-30,33,24,5,L/360,148.0,
nonstructural_composite,350S125-30,33,24,7.5,L/120,188.0,
nonstructural_composite,350S125-30,33,24,7.5,L/240,148.0,
nonstructural_composite,350S125-30,33,24,7.5,L/360,127.0,
nonstructural_composite,350S125-30,33,24,10,L/120,165.0,f
nonstructural_composite,350S125-30,33,24,10,L/240,133.0,
nonstructural_composite,350S125-33,33,12,5,L/120,276.0,
nonstructural_composite,350S125-33,33,12,5,L/240,219.0,
nonstructural_composite,350S125-33,33,12,5,L/360,191.0,
nonstructural_composite,350S125-33,33,12,7.5,L/120,241.0,
nonstructural_composite,350S125-33,33,12,7.5,L/240,191.0,
nonstructural_composite,350S125-33,33,12,7.5,L/360,167.0,
nonstructural_composite,350S125-33,33,12,10,L/120,219.0,
nonstructural_composite,350S125-33,33,12,10,L/240,174.0,
nonstructural_composite,350S125-33,33,12,10,L/360,152.0,
nonstructural_composite,350S125-33,33,12,15,L/120,159.0,f
nonstructural_composite,350S125-33,33,12,15,L/240,152.0,
nonstructural_composite,350S125-33,33,12,15,L/360,130.0,
nonstructural_composite,350S125-33,33,16,5,L/120,251.0,
nonstructural_composite,350S125-33,33,16,5,L/240,199.0,
nonstructural_composite,350S125-33,33,16,5,L/360,174.0,
nonstructural_composite,350S125-33,33,16,7.5,L/120,219.0,
nonstructural_composite,350S125-33,33,16,7.5,L/240,174.0,
nonstructural_composite,350S125-33,33,16,7.5,L/360,152.0,
nonstructural_composite,350S125-33,33,16,10,L/120,199.0,
nonstructural_composite,350S125-33,33,16,10,L/240,158.0,
nonstructural_composite,350S125-33,33,16,10,L/360,136.0,
nonstructural_composite,350S125-33,33,16,15,L/120,138.0,f
nonstructural_composite,350S125-33,33,16,15,L/240,136.0,
nonstructural_composite,350S125-33,33,16,15,L/360,116.0,
nonstructural_composite,350S125-33,33,24,5,L/120,219.0,
nonstructural_composite,350S125-33,33,24,5,L/240,174.0,
nonstructural_composite,350S125-33,33,24,5,L/360,152.0,
nonstructural_composite,350S125-33,33,24,7.5,L/120,191.0,
nonstructural_composite,350S125-33,33,24,7.5,L/240,152.0,
nonstructural_composite,350S125-33,33,24,7.5,L/360,130.0,
nonstructural_composite,350S125-33,33,24,10,L/120,172.0,f
nonstructural_composite,350S125-33,33,24,10,L/240,136.0,
nonstructural_composite,350S125-33,33,24,10,L/360,116.0,
nonstructural_composite,362S125-18,33,12,5,L/120,224.0,f
nonstructural_composite,362S125-18,33,12,5,L/240,200.0,
nonstructural_composite,362S125-18,33,12,5,L/360,175.0,
nonstructural_composite,362S125-18,33,12,7.5,L/120,183.0,f
nonstructural_composite,362S125-18,33,12,7.5,L/240,175.0,
nonstructural_composite,362S125-18,33,12,7.5,L/360,153.0,
nonstructural_composite,362S125-18,33,12,10,L/120,158.0,f
nonstructural_composite,362S125-18,33,12,10,L/240,158.0,f
nonstructural_composite,362S125-18,33,12,10,L/360,138.0,
nonstructural_composite,362S125-18,33,12,15,L/120,104.0,f
nonstructural_composite,362S125-18,33,12,15,L/240,104.0,f
nonstructural_composite,362S125-18,33,12,15,L/360,104.0,f
nonstructural_composite,362S125-18,33,16,5,L/120,194.0,f
nonstructural_composite,362S125-18,33,16,5,L/240,182.0,
nonstructural_composite,362S125-18,33,16,5,L/360,159.0,
nonstructural_composite,362S125-18,33,16,7.5,L/120,158.0,f
nonstructural_composite,362S125-18,33,16,7.5,L/240,158.0,f
nonstructural_composite,362S125-18,33,16,7.5,L/360,138.0,
nonstructural_composite,362S125-18,33,16,10,L/120,137.0,f
nonstructural_composite,362S125-18,33,16,10,L/240,137.0,f
nonstructural_composite,362S125-18,33,16,10,L/360,124.0,
nonstructural_composite,362S125-18,33,24,5,L/120,158.0,f
nonstructural_composite,362S125-18,33,24,5,L/240,158.0,f
nonstructural_composite,362S125-18,33,24,5,L/360,138.0,
nonstructural_composite,362S125-18,33,24,7.5,L/120,129.0,f
nonstructural_composite,362S125-18,33,24,7.5,L/240,129.0,f
nonstructural_composite,362S125-18,33,24,7.5,L/360,119.0,
nonstructural_composite,362S125-18,33,24,10,L/120,112.0,f
nonstructural_composite,362S125-18,33,24,10,L/240,112.0,f
nonstructural_composite,362S125-18,33,24,10,L/360,107.0,
nonstructural_composite,362S125-27,33,12,5,L/120,274.0,
nonstructural_composite,362S125-27,33,12,5,L/240,218.0,
nonstructural_composite,362S125-27,33,12,5,L/360,190.0,
nonstructural_composite,362S125-27,33,12,7.5,L/120,239.0,
nonstructural_composite,362S125-27,33,12,7.5,L/240,190.0,
nonstructural_composite,362S125-27,33,12,7.5,L/360,166.0,
nonstructural_composite,362S125-27,33,12,10,L/120,218.0,
nonstructural_composite,362S125-27,33,12,10,L/240,173.0,
nonstructural_composite,362S125-27,33,12,10,L/360,150.0,
nonstructural_composite,362S125-27,33,12,15,L/120,144.0,f
nonstructural_composite,362S125-27,33,12,15,L/240,144.0,f
nonstructural_composite,362S125-27,33,12,15,L/360,127.0,
nonstructural_composite,362S125-27,33,16,5,L/120,249.0,
nonstructural_composite,362S125-27,33,16,5,L/240,198.0,
nonstructural_composite,362S125-27,33,16,5,L/360,173.0,
nonstructural_composite,362S125-27,33,16,7.5,L/120,218.0,
nonstructural_composite,362S125-27,33,16,7.5,L/240,173.0,
nonstructural_composite,362S125-27,33,16,7.5,L/360,150.0,
nonstructural_composite,362S125-27,33,16,10,L/120,189.0,f
nonstructural_composite,362S125-27,33,16,10,L/240,157.0,
nonstructural_composite,362S125-27,33,16,10,L/360,146.0,
nonstructural_composite,362S125-27,33,16,15,L/120,125.0,f
nonstructural_composite,362S125-27,33,16,15,L/240,125.0,f
nonstructural_composite,362S125-27,33,24,5,L/120,218.0,
nonstructural_composite,362S125-27,33,24,5,L/240,173.0,
nonstructural_composite,362S125-27,33,24,5,L/360,150.0,
nonstructural_composite,362S125-27,33,24,7.5,L/120,179.0,f
nonstructural_composite,362S125-27,33,24,7.5,L/240,150.0,
nonstructural_composite,362S125-27,33,24,7.5,L/360,127.0,
nonstructural_composite,362S125-27,33,24,10,L/120,155.0,f
nonstructural_composite,362S125-27,33,24,10,L/240,133.0,
nonstructural_composite,362S125-30,33,12,5,L/120,274.0,
nonstructural_composite,362S125-30,33,12,5,L/240,219.0,
nonstructural_composite,362S125-30,33,12,5,L/360,196.0,
nonstructural_composite,362S125-30,33,12,7.5,L/120,239.0,
nonstructural_composite,362S125-30,33,12,7.5,L/240,192.0,
nonstructural_composite,362S125-30,33,12,7.5,L/360,171.0,
nonstructural_composite,362S125-30,33,12,10,L/120,217.0,
nonstructural_composite,362S125-30,33,12,10,L/240,174.0,
nonstructural_composite,362S125-30,33,12,10,L/360,155.0,
nonstructural_composite,362S125-30,33,12,15,L/120,152.0,f
nonstructural_composite,362S125-30,33,12,15,L/240,152.0,f
nonstructural_composite,362S125-30,33,12,15,L/360,131.0,
nonstructural_composite,362S125-30,33,16,5,L/120,248.0,
nonstructural_composite,362S125-30,33,16,5,L/240,199.0,
nonstructural_composite,362S125-30,33,16,5,L/360,178.0,
nonstructural_composite,362S125-30,33,16,7.5,L/120,217.0,
nonstructural_composite,362S125-30,33,16,7.5,L/240,174.0,
nonstructural_composite,362S125-30,33,16,7.5,L/360,155.0,
nonstructural_composite,362S125-30,33,16,10,L/120,197.0,
nonstructural_composite,362S125-30,33,16,10,L/240,158.0,
nonstructural_composite,362S125-30,33,16,10,L/360,138.0,
nonstructural_composite,362S125-30,33,16,15,L/120,132.0,f
nonstructural_composite,362S125-30,33,16,15,L/240,132.0,f
nonstructural_composite,362S125-30,33,24,5,L/120,217.0,
nonstructural_composite,362S125-30,33,24,5,L/240,174.0,
nonstructural_composite,362S125-30,33,24,5,L/360,155.0,
nonstructural_composite,362S125-30,33,24,7.5,L/120,189.0,f
nonstructural_composite,362S125-30,33,24,7.5,L/240,152.0,
nonstructural_composite,362S125-30,33,24,7.5,L/360,131.0,
nonstructural_composite,362S125-30,33,24,10,L/120,164.0,f
nonstructural_composite,362S125-30,33,24,10,L/240,136.0,
nonstructural_composite,362S125-33,33,12,5,L/120,290.0,
nonstructural_composite,362S125-33,33,12,5,L/240,230.0,
nonstructural_composite,362S125-33,33,12,5,L/360,201.0,
nonstructural_composite,362S125-33,33,12,7.5,L/120,253.0,
nonstructural_composite,362S125-33,33,12,7.5,L/240,201.0,
nonstructural_composite,362S125-33,33,12,7.5,L/360,176.0,
nonstructural_composite,362S125-33,33,12,10,L/120,230.0,
nonstructural_composite,362S125-33,33,12,10,L/240,183.0,
nonstructural_composite,362S125-33,33,12,10,L/360,160.0,
nonstructural_composite,362S125-33,33,12,15,L/120,161.0,f
nonstructural_composite,362S125-33,33,12,15,L/240,160.0,
nonstructural_composite,362S125-33,33,12,15,L/360,136.0,
nonstructural_composite,362S125-33,33,16,5,L/120,263.0,
nonstructural_composite,362S125-33,33,16,5,L/240,209.0,
nonstructural_composite,362S125-33,33,16,5,L/360,183.0,
nonstructural_composite,362S125-33,33,16,7.5,L/120,230.0,
nonstructural_composite,362S125-33,33,16,7.5,L/240,183.0,
nonstructural_composite,362S125-33,33,16,7.5,L/360,160.0,
nonstructural_composite,362S125-33,33,16,10,L/120,209.0,
nonstructural_composite,362S125-33,33,16,10,L/240,166.0,
nonstructural_composite,362S125-33,33,16,10,L/360,143.0,
nonstructural_composite,362S125-33,33,16,15,L/120,140.0,f
nonstructural_composite,362S125-33,33,16,15,L/240,140.0,f
nonstructural_composite,362S125-33,33,16,15,L/360,121.0,
nonstructural_composite,362S125-33,33,24,5,L/120,230.0,
nonstructural_composite,362S125-33,33,24,5,L/240,183.0,
nonstructural_composite,362S125-33,33,24,5,L/360,160.0,
nonstructural_composite,362S125-33,33,24,7.5,L/120,200.0,f
nonstructural_composite,362S125-33,33,24,7.5,L/240,160.0,
nonstructural_composite,362S125-33,33,24,7.5,L/360,136.0,
nonstructural_composite,362S125-33,33,24,10,L/120,173.0,f
nonstructural_composite,362S125-33,33,24,10,L/240,143.0,
nonstructural_composite,362S125-33,33,24,10,L/360,121.0,
nonstructural_composite,400S125-18,33,12,5,L/120,231.0,f
nonstructural_composite,400S125-18,33,12,5,L/240,210.0,
nonstructural_composite,400S125-18,33,12,5,L/360,184.0,
nonstructural_composite,400S125-18,33,12,7.5,L/120,189.0,f
nonstructural_composite,400S125-18,33,12,7.5,L/240,184.0,
nonstructural_composite,400S125-18,33,12,7.5,L/360,160.0,
nonstructural_composite,400S125-18,33,12,10,L/120,164.0,f
nonstructural_composite,400S125-18,33,12,10,L/240,164.0,f
nonstructural_composite,400S125-18,33,12,10,L/360,146.0,
nonstructural_composite,400S125-18,33,12,15,L/120,107.0,f
nonstructural_composite,400S125-18,33,12,15,L/240,107.0,f
nonstructural_composite,400S125-18,33,12,15,L/360,107.0,f
nonstructural_composite,400S125-18,33,16,5,L/120,200.0,f
nonstructural_composite,400S125-18,33,16,5,L/240,191.0,
nonstructural_composite,400S125-18,33,16,5,L/360,167.0,
nonstructural_composite,400S125-18,33,16,7.5,L/120,164.0,f
nonstructural_composite,400S125-18,33,16,7.5,L/240,164.0,f
nonstructural_composite,400S125-18,33,16,7.5,L/360,146.0,
nonstructural_composite,400S125-18,33,16,10,L/120,142.0,f
nonstructural_composite,400S125-18,33,16,10,L/240,142.0,f
nonstructural_composite,400S125-18,33,16,10,L/360,132.0,
nonstructural_composite,400S125-18,33,16,15,L/120,93.0,f
nonstructural_composite,400S125-18,33,16,15,L/240,93.0,f
nonstructural_composite,400S125-18,33,16,15,L/360,93.0,f
nonstructural_composite,400S125-18,33,24,5,L/120,164.0,f
nonstructural_composite,400S125-18,33,24,5,L/240,164.0,f
nonstructural_composite,400S125-18,33,24,5,L/360,146.0,
nonstructural_composite,400S125-18,33,24,7.5,L/120,134.0,f
nonstructural_composite,400S125-18,33,24,7.5,L/240,134.0,f
nonstructural_composite,400S125-18,33,24,7.5,L/360,127.0,
nonstructural_composite,400S125-18,33,24,10,L/120,116.0,f
nonstructural_composite,400S125-18,33,24,10,L/240,116.0,f
nonstructural_composite,400S125-18,33,24,10,L/360,115.0,
nonstructural_composite,400S125-27,33,12,5,L/120,294.0,
nonstructural_composite,400S125-27,33,12,5,L/240,233.0,
nonstructural_composite,400S125-27,33,12,5,L/360,204.0,
nonstructural_composite,400S125-27,33,12,7.5,L/120,257.0,
nonstructural_composite,400S125-27,33,12,7.5,L/240,204.0,
nonstructural_composite,400S125-27,33,12,7.5,L/360,178.0,
nonstructural_composite,400S125-27,33,12,10,L/120,224.0,f
nonstructural_composite,400S125-27,33,12,10,L/240,185.0,
nonstructural_composite,400S125-27,33,12,10,L/360,162.0,
nonstructural_composite,400S125-27,33,12,15,L/120,147.0,f
nonstructural_composite,400S125-27,33,12,15,L/240,147.0,f
nonstructural_composite,400S125-27,33,12,15,L/360,140.0,
nonstructural_composite,400S125-27,33,16,5,L/120,267.0,
nonstructural_composite,400S125-27,33,16,5,L/240,212.0,
nonstructural_composite,400S125-27,33,16,5,L/360,185.0,
nonstructural_composite,400S125-27,33,16,7.5,L/120,224.0,f
nonstructural_composite,400S125-27,33,16,7.5,L/240,185.0,
nonstructural_composite,400S125-27,33,16,7.5,L/360,162.0,
nonstructural_composite,400S125-27,33,16,10,L/120,194.0,f
nonstructural_composite,400S125-27,33,16,10,L/240,168.0,
nonstructural_composite,400S125-27,33,16,10,L/360,146.0,
nonstructural_composite,400S125-27,33,16,15,L/120,128.0,f
nonstructural_composite,400S125-27,33,16,15,L/240,128.0,f
nonstructural_composite,400S125-27,33,16,15,L/360,126.0,
nonstructural_composite,400S125-27,33,24,5,L/120,224.0,f
nonstructural_composite,400S125-27,33,24,5,L/240,185.0,
nonstructural_composite,400S125-27,33,24,5,L/360,162.0,
nonstructural_composite,400S125-27,33,24,7.5,L/120,183.0,f
nonstructural_composite,400S125-27,33,24,7.5,L/240,162.0,
nonstructural_composite,400S125-27,33,24,7.5,L/360,140.0,
nonstructural_composite,400S125-27,33,24,10,L/120,159.0,f
nonstructural_composite,400S125-27,33,24,10,L/240,146.0,
nonstructural_composite,400S125-27,33,24,10,L/360,126.0,
nonstructural_composite,400S125-30,33,12,5,L/120,294.0,
nonstructural_composite,400S125-30,33,12,5,L/240,233.0,
nonstructural_composite,400S125-30,33,12,5,L/360,204.0,
nonstructural_composite,400S125-30,33,12,7.5,L/120,257.0,
nonstructural_composite,400S125-30,33,12,7.5,L/240,204.0,
nonstructural_composite,400S125-30,33,12,7.5,L/360,178.0,
nonstructural_composite,400S125-30,33,12,10,L/120,233.0,
nonstructural_composite,400S125-30,33,12,10,L/240,185.0,
nonstructural_composite,400S125-30,33,12,10,L/360,162.0,
nonstructural_composite,400S125-30,33,12,15,L/120,158.0,f
nonstructural_composite,400S125-30,33,12,15,L/240,158.0,f
nonstructural_composite,400S125-30,33,12,15,L/360,139.0,
nonstructural_composite,400S125-30,33,16,5,L/120,267.0,
nonstructural_composite,400S125-30,33,16,5,L/240,212.0,
nonstructural_composite,400S125-30,33,16,5,L/360,185.0,
nonstructural_composite,400S125-30,33,16,7.5,L/120,233.0,
nonstructural_composite,400S125-30,33,16,7.5,L/240,185.0,
nonstructural_composite,400S125-30,33,16,7.5,L/360,162.0,
nonstructural_composite,400S125-30,33,16,10,L/120,209.0,f
nonstructural_composite,400S125-30,33,16,10,L/240,168.0,
nonstructural_composite,400S125-30,33,16,10,L/360,146.0,
nonstructural_composite,400S125-30,33,16,15,L/120,137.0,f
nonstructural_composite,400S125-30,33,16,15,L/240,137.0,f
nonstructural_composite,400S125-30,33,16,15,L/360,124.0,
nonstructural_composite,400S125-30,33,24,5,L/120,233.0,
nonstructural_composite,400S125-30,33,24,5,L/240,185.0,
nonstructural_composite,400S125-30,33,24,5,L/360,162.0,
nonstructural_composite,400S125-30,33,24,7.5,L/120,197.0,f
nonstructural_composite,400S125-30,33,24,7.5,L/240,162.0,
nonstructural_composite,400S125-30,33,24,7.5,L/360,139.0,
nonstructural_composite,400S125-30,33,24,10,L/120,170.0,f
nonstructural_composite,400S125-30,33,24,10,L/240,146.0,
nonstructural_composite,400S125-30,33,24,10,L/360,124.0,
nonstructural_composite,400S125-33,33,12,5,L/120,303.0,
nonstructural_composite,400S125-33,33,12,5,L/240,241.0,
nonstructural_composite,400S125-33,33,12,5,L/360,210.0,
nonstructural_composite,400S125-33,33,12,7.5,L/120,265.0,
nonstructural_composite,400S125-33,33,12,7.5,L/240,210.0,
nonstructural_composite,400S125-33,33,12,7.5,L/360,241.0,
nonstructural_composite,400S125-33,33,12,10,L/120,241.0,
nonstructural_composite,400S125-33,33,12,10,L/240,191.0,
nonstructural_composite,400S125-33,33,12,10,L/360,167.0,
nonstructural_composite,400S125-33,33,12,15,L/120,167.0,f
nonstructural_composite,400S125-33,33,12,15,L/240,167.0,
nonstructural_composite,400S125-33,33,12,15,L/360,144.0,
nonstructural_composite,400S125-33,33,16,5,L/120,275.0,
nonstructural_composite,400S125-33,33,16,5,L/240,219.0,
nonstructural_composite,400S125-33,33,16,5,L/360,191.0,
nonstructural_composite,400S125-33,33,16,7.5,L/120,241.0,
nonstructural_composite,400S125-33,33,16,7.5,L/240,191.0,
nonstructural_composite,400S125-33,33,16,7.5,L/360,219.0,
nonstructural_composite,400S125-33,33,16,10,L/120,219.0,
nonstructural_composite,400S125-33,33,16,10,L/240,173.0,
nonstructural_composite,400S125-33,33,16,10,L/360,151.0,
nonstructural_composite,400S125-33,33,16,15,L/120,145.0,f
nonstructural_composite,400S125-33,33,16,15,L/240,145.0,f
nonstructural_composite,400S125-33,33,16,15,L/360,129.0,
nonstructural_composite,400S125-33,33,24,5,L/120,241.0,
nonstructural_composite,400S125-33,33,24,5,L/240,191.0,
nonstructural_composite,400S125-33,33,24,5,L/360,167.0,
nonstructural_composite,400S125-33,33,24,7.5,L/120,207.0,f
nonstructural_composite,400S125-33,33,24,7.5,L/240,167.0,
nonstructural_composite,400S125-33,33,24,7.5,L/360,180.0,f
nonstructural_composite,400S125-33,33,24,10,L/120,180.0,f
nonstructural_composite,400S125-33,33,24,10,L/240,151.0,
nonstructural_composite,400S125-33,33,24,10,L/360,129.0,
nonstructural_composite,400S125-33,33,24,15,L/120,118.0,f
nonstructural_composite,400S125-33,33,24,15,L/240,118.0,f
nonstructural_composite,550S125-18,33,12,5,L/120,263.0,f
nonstructural_composite,550S125-18,33,12,5,L/240,262.0,
nonstructural_composite,550S125-18,33,12,5,L/360,214.0,f
nonstructural_composite,550S125-18,33,12,7.5,L/120,214.0,f
nonstructural_composite,550S125-18,33,12,7.5,L/240,204.0,
nonstructural_composite,550S125-18,33,12,7.5,L/360,186.0,f
nonstructural_composite,550S125-18,33,12,10,L/120,186.0,f
nonstructural_composite,550S125-18,33,12,10,L/240,186.0,f
nonstructural_composite,550S125-18,33,16,5,L/120,174.0,f
nonstructural_composite,550S125-18,33,16,5,L/240,228.0,f
nonstructural_composite,550S125-18,33,16,5,L/360,213.0,
nonstructural_composite,550S125-18,33,16,7.5,L/120,186.0,f
nonstructural_composite,550S125-18,33,16,7.5,L/240,186.0,f
nonstructural_composite,550S125-18,33,16,7.5,L/360,186.0,f
nonstructural_composite,550S125-18,33,16,10,L/120,161.0,f
nonstructural_composite,550S125-18,33,16,10,L/240,161.0,f
nonstructural_composite,550S125-18,33,16,10,L/360,161.0,f
nonstructural_composite,550S125-18,33,24,5,L/120,142.0,f
nonstructural_composite,550S125-18,33,24,5,L/240,186.0,f
nonstructural_composite,550S125-18,33,24,5,L/360,186.0,f
nonstructural_composite,550S125-18,33,24,7.5,L/120,152.0,f
nonstructural_composite,550S125-18,33,24,7.5,L/240,152.0,f
nonstructural_composite,550S125-18,33,24,7.5,L/360,152.0,f
nonstructural_composite,550S125-27,33,12,5,L/120,364.0,
nonstructural_composite,550S125-27,33,12,5,L/240,296.0,
nonstructural_composite,550S125-27,33,12,5,L/360,262.0,
nonstructural_composite,550S125-27,33,12,7.5,L/120,321.0,f
nonstructural_composite,550S125-27,33,12,7.5,L/240,262.0,
nonstructural_composite,550S125-27,33,12,7.5,L/360,232.0,
nonstructural_composite,550S125-27,33,12,10,L/120,278.0,f
nonstructural_composite,550S125-27,33,12,10,L/240,240.0,
nonstructural_composite,550S125-27,33,12,10,L/360,212.0,
nonstructural_composite,550S125-27,33,16,5,L/120,335.0,
nonstructural_composite,550S125-27,33,16,5,L/240,272.0,
nonstructural_composite,550S125-27,33,16,5,L/360,240.0,
nonstructural_composite,550S125-27,33,16,7.5,L/120,278.0,f
nonstructural_composite,550S125-27,33,16,7.5,L/240,240.0,
nonstructural_composite,550S125-27,33,16,7.5,L/360,212.0,
nonstructural_composite,550S125-27,33,16,10,L/120,241.0,f
nonstructural_composite,550S125-27,33,16,10,L/240,220.0,
nonstructural_composite,550S125-27,33,16,10,L/360,192.0,
nonstructural_composite,550S125-27,33,24,5,L/120,278.0,f
nonstructural_composite,550S125-27,33,24,5,L/240,240.0,
nonstructural_composite,550S125-27,33,24,5,L/360,212.0,
nonstructural_composite,550S125-27,33,24,7.5,L/120,227.0,f
nonstructural_composite,550S125-27,33,24,7.5,L/240,212.0,
nonstructural_composite,550S125-27,33,24,7.5,L/360,185.0,
nonstructural_composite,550S125-27,33,24,10,L/120,197.0,f
nonstructural_composite,550S125-27,33,24,10,L/240,192.0,
nonstructural_composite,550S125-30,33,12,5,L/120,365.0,
nonstructural_composite,550S125-30,33,12,5,L/240,298.0,
nonstructural_composite,550S125-30,33,12,5,L/360,264.0,
nonstructural_composite,550S125-30,33,12,7.5,L/120,324.0,
nonstructural_composite,550S125-30,33,12,7.5,L/240,264.0,
nonstructural_composite,550S125-30,33,12,7.5,L/360,233.0,
nonstructural_composite,550S125-30,33,12,10,L/120,298.0,
nonstructural_composite,550S125-30,33,12,10,L/240,242.0,
nonstructural_composite,550S125-30,33,12,10,L/360,214.0,
nonstructural_composite,550S125-30,33,12,15,L/120,196.0,f
nonstructural_composite,550S125-30,33,12,15,L/240,196.0,f
nonstructural_composite,550S125-30,33,12,15,L/360,187.0,
nonstructural_composite,550S125-30,33,16,5,L/120,336.0,
nonstructural_composite,550S125-30,33,16,5,L/240,273.0,
nonstructural_composite,550S125-30,33,16,5,L/360,242.0,
nonstructural_composite,550S125-30,33,16,7.5,L/120,298.0,f
nonstructural_composite,550S125-30,33,16,7.5,L/240,242.0,
nonstructural_composite,550S125-30,33,16,7.5,L/360,214.0,
nonstructural_composite,550S125-30,33,16,10,L/120,259.0,f
nonstructural_composite,550S125-30,33,16,10,L/240,222.0,
nonstructural_composite,550S125-30,33,16,10,L/360,194.0,
nonstructural_composite,550S125-30,33,24,5,L/120,298.0,
nonstructural_composite,550S125-30,33,24,5,L/240,242.0,
nonstructural_composite,550S125-30,33,24,5,L/360,214.0,
nonstructural_composite,550S125-30,33,24,7.5,L/120,244.0,f
nonstructural_composite,550S125-30,33,24,7.5,L/240,214.0,
nonstructural_composite,550S125-30,33,24,7.5,L/360,187.0,
nonstructural_composite,550S125-30,33,24,10,L/120,211.0,f
nonstructural_composite,550S125-30,33,24,10,L/240,194.0,
nonstructural_composite,600S125-18,33,12,5,L/120,273.0,
nonstructural_composite,600S125-18,33,12,5,L/240,239.0,
nonstructural_composite,600S125-18,33,12,5,L/360,227.0,f
nonstructural_composite,600S125-18,33,12,7.5,L/120,227.0,f
nonstructural_composite,600S125-18,33,12,7.5,L/240,209.0,
nonstructural_composite,600S125-18,33,12,7.5,L/360,196.0,f
nonstructural_composite,600S125-18,33,12,10,L/120,196.0,f
nonstructural_composite,600S125-18,33,12,10,L/240,190.0,
nonstructural_composite,600S125-18,33,16,5,L/120,241.0,f
nonstructural_composite,600S125-18,33,16,5,L/240,241.0,f
nonstructural_composite,600S125-18,33,16,5,L/360,217.0,
nonstructural_composite,600S125-18,33,16,7.5,L/120,196.0,f
nonstructural_composite,600S125-18,33,16,7.5,L/240,196.0,f
nonstructural_composite,600S125-18,33,16,7.5,L/360,190.0,
nonstructural_composite,600S125-18,33,16,10,L/120,170.0,f
nonstructural_composite,600S125-18,33,16,10,L/240,170.0,f
nonstructural_composite,600S125-18,33,16,10,L/360,170.0,
nonstructural_composite,600S125-18,33,24,5,L/120,196.0,f
nonstructural_composite,600S125-18,33,24,5,L/240,196.0,f
nonstructural_composite,600S125-18,33,24,5,L/360,190.0,
nonstructural_composite,600S125-18,33,24,7.5,L/120,160.0,f
nonstructural_composite,600S125-18,33,24,7.5,L/240,160.0,f
nonstructural_composite,600S125-18,33,24,7.5,L/360,160.0,f
nonstructural_composite,600S125-27,33,12,5,L/120,389.0,f
nonstructural_composite,600S125-27,33,12,5,L/240,321.0,
nonstructural_composite,600S125-27,33,12,5,L/360,281.0,
nonstructural_composite,600S125-27,33,12,7.5,L/120,317.0,f
nonstructural_composite,600S125-27,33,12,7.5,L/240,281.0,
nonstructural_composite,600S125-27,33,12,7.5,L/360,245.0,
nonstructural_composite,600S125-27,33,12,10,L/120,275.0,f
nonstructural_composite,600S125-27,33,12,10,L/240,255.0,
nonstructural_composite,600S125-27,33,12,10,L/360,202.0,
nonstructural_composite,600S125-27,33,16,5,L/120,337.0,f
nonstructural_composite,600S125-27,33,16,5,L/240,292.0,
nonstructural_composite,600S125-27,33,16,5,L/360,255.0,
nonstructural_composite,600S125-27,33,16,7.5,L/120,275.0,f
nonstructural_composite,600S125-27,33,16,7.5,L/240,255.0,
nonstructural_composite,600S125-27,33,16,7.5,L/360,223.0,
nonstructural_composite,600S125-27,33,16,10,L/120,238.0,f
nonstructural_composite,600S125-27,33,16,10,L/240,232.0,
nonstructural_composite,600S125-27,33,16,10,L/360,175.0,
nonstructural_composite,600S125-27,33,24,5,L/120,275.0,f
nonstructural_composite,600S125-27,33,24,5,L/240,255.0,
nonstructural_composite,600S125-27,33,24,5,L/360,223.0,
nonstructural_composite,600S125-27,33,24,7.5,L/120,224.0,f
nonstructural_composite,600S125-27,33,24,7.5,L/240,223.0,
nonstructural_composite,600S125-27,33,24,7.5,L/360,193.0,
nonstructural_composite,600S125-27,33,24,10,L/120,194.0,f
nonstructural_composite,600S125-27,33,24,10,L/240,194.0,f
nonstructural_composite,600S125-30,33,12,5,L/120,410.0,
nonstructural_composite,600S125-30,33,12,5,L/240,325.0,
nonstructural_composite,600S125-30,33,12,5,L/360,284.0,
nonstructural_composite,600S125-30,33,12,7.5,L/120,347.0,f
nonstructural_composite,600S125-30,33,12,7.5,L/240,284.0,
nonstructural_composite,600S125-30,33,12,7.5,L/360,248.0,
nonstructural_composite,600S125-30,33,12,10,L/120,300.0,f
nonstructural_composite,600S125-30,33,12,10,L/240,258.0,
nonstructural_composite,600S125-30,33,12,10,L/360,225.0,
nonstructural_composite,600S125-30,33,12,15,L/120,197.0,f
nonstructural_composite,600S125-30,33,12,15,L/240,197.0,f
nonstructural_composite,600S125-30,33,12,15,L/360,197.0,f
nonstructural_composite,600S125-30,33,16,5,L/120,368.0,f
nonstructural_composite,600S125-30,33,16,5,L/240,295.0,
nonstructural_composite,600S125-30,33,16,5,L/360,258.0,
nonstructural_composite,600S125-30,33,16,7.5,L/120,258.0,
nonstructural_composite,600S125-30,33,16,7.5,L/240,225.0,
nonstructural_composite,600S125-30,33,16,7.5,L/360,260.0,f
nonstructural_composite,600S125-30,33,16,10,L/120,234.0,
nonstructural_composite,600S125-30,33,16,10,L/240,205.0,
nonstructural_composite,600S125-30,33,24,5,L/120,300.0,f
nonstructural_composite,600S125-30,33,24,5,L/240,258.0,
nonstructural_composite,600S125-30,33,24,5,L/360,225.0,
nonstructural_composite,600S125-30,33,24,7.5,L/120,245.0,f
nonstructural_composite,600S125-30,33,24,7.5,L/240,225.0,
nonstructural_composite,600S125-30,33,24,7.5,L/360,197.0,
nonstructural_composite,600S125-30,33,24,10,L/120,212.0,f
nonstructural_composite,600S125-30,33,24,10,L/240,205.0,
nonstructural_composite,600S125-33,33,12,5,L/120,424.0,
nonstructural_composite,600S125-33,33,12,5,L/240,337.0,
nonstructural_composite,600S125-33,33,12,5,L/360,294.0,
nonstructural_composite,600S125-33,33,12,7.5,L/120,370.0,
nonstructural_composite,600S125-33,33,12,7.5,L/240,294.0,
nonstructural_composite,600S125-33,33,12,7.5,L/360,257.0,
nonstructural_composite,600S125-33,33,12,10,L/120,334.0,f
nonstructural_composite,600S125-33,33,12,10,L/240,267.0,
nonstructural_composite,600S125-33,33,12,10,L/360,233.0,
nonstructural_composite,600S125-33,33,12,15,L/120,220.0,f
nonstructural_composite,600S125-33,33,12,15,L/240,220.0,f
nonstructural_composite,600S125-33,33,12,15,L/360,203.0,
nonstructural_composite,600S125-33,33,16,5,L/120,385.0,f
nonstructural_composite,600S125-33,33,16,5,L/240,306.0,
nonstructural_composite,600S125-33,33,16,5,L/360,267.0,
nonstructural_composite,600S125-33,33,16,7.5,L/120,334.0,f
nonstructural_composite,600S125-33,33,16,7.5,L/240,267.0,
nonstructural_composite,600S125-33,33,16,7.5,L/360,233.0,
nonstructural_composite,600S125-33,33,16,10,L/120,289.0,f
nonstructural_composite,600S125-33,33,16,10,L/240,243.0,
nonstructural_composite,600S125-33,33,16,10,L/360,212.0,
nonstructural_composite,600S125-33,33,16,15,L/120,190.0,f
nonstructural_composite,600S125-33,33,16,15,L/240,190.0,f
nonstructural_composite,600S125-33,33,24,5,L/120,334.0,f
nonstructural_composite,600S125-33,33,24,5,L/240,267.0,
nonstructural_composite,600S125-33,33,24,5,L/360,233.0,
nonstructural_composite,600S125-33,33,24,7.5,L/120,273.0,f
nonstructural_composite,600S125-33,33,24,7.5,L/240,233.0,
nonstructural_composite,600S125-33,33,24,7.5,L/360,203.0,
nonstructural_composite,600S125-33,33,24,10,L/120,236.0,f
nonstructural_composite,600S125-33,33,24,10,L/240,212.0,
nonstructural_noncomposite,162S125-18,33,12,5,L/120,109.0,
nonstructural_noncomposite,162S125-18,33,12,5,L/240,92.0,
nonstructural_noncomposite,162S125-18,33,12,5,L/360,80.0,
nonstructural_noncomposite,162S125-18,33,12,7.5,L/120,89.0,
nonstructural_noncomposite,162S125-18,33,12,7.5,L/240,80.0,
nonstructural_noncomposite,162S125-18,33,12,7.5,L/360,70.0,
nonstructural_noncomposite,162S125-18,33,12,10,L/120,77.0,
nonstructural_noncomposite,162S125-18,33,12,10,L/240,73.0,
nonstructural_noncomposite,162S125-18,33,12,10,L/360,64.0,
nonstructural_noncomposite,162S125-18,33,16,5,L/120,94.0,
nonstructural_noncomposite,162S125-18,33,16,5,L/240,83.0,
nonstructural_noncomposite,162S125-18,33,16,5,L/360,73.0,
nonstructural_noncomposite,162S125-18,33,16,7.5,L/120,77.0,
nonstructural_noncomposite,162S125-18,33,16,7.5,L/240,73.0,
nonstructural_noncomposite,162S125-18,33,16,7.5,L/360,64.0,
nonstructural_noncomposite,162S125-18,33,16,10,L/120,67.0,
nonstructural_noncomposite,162S125-18,33,16,10,L/240,66.0,
nonstructural_noncomposite,162S125-18,33,16,10,L/360,58.0,
nonstructural_noncomposite,162S125-18,33,24,5,L/120,77.0,
nonstructural_noncomposite,162S125-18,33,24,5,L/240,73.0,
nonstructural_noncomposite,162S125-18,33,24,5,L/360,64.0,
nonstructural_noncomposite,162S125-18,33,24,7.5,L/120,63.0,
nonstructural_noncomposite,162S125-18,33,24,7.5,L/240,63.0,
nonstructural_noncomposite,162S125-18,33,24,7.5,L/360,56.0,
nonstructural_noncomposite,162S125-18,33,24,10,L/120,54.0,
nonstructural_noncomposite,162S125-18,33,24,10,L/240,54.0,
nonstructural_noncomposite,162S125-18,33,24,10,L/360,51.0,
nonstructural_noncomposite,162S125-27,33,12,5,L/120,135.0,
nonstructural_noncomposite,162S125-27,33,12,5,L/240,107.0,
nonstructural_noncomposite,162S125-27,33,12,5,L/360,94.0,
nonstructural_noncomposite,162S125-27,33,12,7.5,L/120,116.0,
nonstructural_noncomposite,162S125-27,33,12,7.5,L/240,94.0,
nonstructural_noncomposite,162S125-27,33,12,7.5,L/360,82.0,
nonstructural_noncomposite,162S125-27,33,12,10,L/120,100.0,
nonstructural_noncomposite,162S125-27,33,12,10,L/240,85.0,
nonstructural_noncomposite,162S125-27,33,12,10,L/360,75.0,
nonstructural_noncomposite,162S125-27,33,16,5,L/120,123.0,
nonstructural_noncomposite,162S125-27,33,16,5,L/240,98.0,
nonstructural_noncomposite,162S125-27,33,16,5,L/360,85.0,
nonstructural_noncomposite,162S125-27,33,16,7.5,L/120,100.0,
nonstructural_noncomposite,162S125-27,33,16,7.5,L/240,85.0,
nonstructural_noncomposite,162S125-27,33,16,7.5,L/360,75.0,
nonstructural_noncomposite,162S125-27,33,16,10,L/120,87.0,
nonstructural_noncomposite,162S125-27,33,16,10,L/240,78.0,
nonstructural_noncomposite,162S125-27,33,16,10,L/360,68.0,
nonstructural_noncomposite,162S125-27,33,24,5,L/120,100.0,
nonstructural_noncomposite,162S125-27,33,24,5,L/240,85.0,
nonstructural_noncomposite,162S125-27,33,24,5,L/360,75.0,
nonstructural_noncomposite,162S125-27,33,24,7.5,L/120,82.0,
nonstructural_noncomposite,162S125-27,33,24,7.5,L/240,75.0,
nonstructural_noncomposite,162S125-27,33,24,7.5,L/360,65.0,
nonstructural_noncomposite,162S125-27,33,24,10,L/120,71.0,
nonstructural_noncomposite,162S125-27,33,24,10,L/240,68.0,
nonstructural_noncomposite,162S125-27,33,24,10,L/360,59.0,
nonstructural_noncomposite,162S125-30,33,12,5,L/120,140.0,
nonstructural_noncomposite,162S125-30,33,12,5,L/240,111.0,
nonstructural_noncomposite,162S125-30,33,12,5,L/360,97.0,
nonstructural_noncomposite,162S125-30,33,12,7.5,L/120,122.0,
nonstructural_noncomposite,162S125-30,33,12,7.5,L/240,97.0,
nonstructural_noncomposite,162S125-30,33,12,7.5,L/360,85.0,
nonstructural_noncomposite,162S125-30,33,12,10,L/120,107.0,
nonstructural_noncomposite,162S125-30,33,12,10,L/240,88.0,
nonstructural_noncomposite,162S125-30,33,12,10,L/360,77.0,
nonstructural_noncomposite,162S125-30,33,16,5,L/120,127.0,
nonstructural_noncomposite,162S125-30,33,16,5,L/240,101.0,
nonstructural_noncomposite,162S125-30,33,16,5,L/360,88.0,
nonstructural_noncomposite,162S125-30,33,16,7.5,L/120,107.0,
nonstructural_noncomposite,162S125-30,33,16,7.5,L/240,88.0,
nonstructural_noncomposite,162S125-30,33,16,7.5,L/360,77.0,
nonstructural_noncomposite,162S125-30,33,16,10,L/120,93.0,
nonstructural_noncomposite,162S125-30,33,16,10,L/240,80.0,
nonstructural_noncomposite,162S125-30,33,16,10,L/360,70.0,
nonstructural_noncomposite,162S125-30,33,24,5,L/120,107.0,
nonstructural_noncomposite,162S125-30,33,24,5,L/240,88.0,
nonstructural_noncomposite,162S125-30,33,24,5,L/360,77.0,
nonstructural_noncomposite,162S125-30,33,24,7.5,L/120,88.0,
nonstructural_noncomposite,162S125-30,33,24,7.5,L/240,77.0,
nonstructural_noncomposite,162S125-30,33,24,7.5,L/360,67.0,
nonstructural_noncomposite,162S125-30,33,24,10,L/120,76.0,
nonstructural_noncomposite,162S125-30,33,24,10,L/240,70.0,
nonstructural_noncomposite,162S125-30,33,24,10,L/360,61.0,
nonstructural_noncomposite,162S125-33,33,12,5,L/120,144.0,
nonstructural_noncomposite,162S125-33,33,12,5,L/240,114.0,
nonstructural_noncomposite,162S125-33,33,12,5,L/360,100.0,
nonstructural_noncomposite,162S125-33,33,12,7.5,L/120,126.0,
nonstructural_noncomposite,162S125-33,33,12,7.5,L/240,100.0,
nonstructural_noncomposite,162S125-33,33,12,7.5,L/360,87.0,
nonstructural_noncomposite,162S125-33,33,12,10,L/120,114.0,
nonstructural_noncomposite,162S125-33,33,12,10,L/240,91.0,
nonstructural_noncomposite,162S125-33,33,12,10,L/360,79.0,
nonstructural_noncomposite,162S125-33,33,16,5,L/120,131.0,
nonstructural_noncomposite,162S125-33,33,16,5,L/240,104.0,
nonstructural_noncomposite,162S125-33,33,16,5,L/360,91.0,
nonstructural_noncomposite,162S125-33,33,16,7.5,L/120,114.0,
nonstructural_noncomposite,162S125-33,33,16,7.5,L/240,91.0,
nonstructural_noncomposite,162S125-33,33,16,7.5,L/360,79.0,
nonstructural_noncomposite,162S125-33,33,16,10,L/120,100.0,
nonstructural_noncomposite,162S125-33,33,16,10,L/240,83.0,
nonstructural_noncomposite,162S125-33,33,16,10,L/360,72.0,
nonstructural_noncomposite,162S125-33,33,24,5,L/120,114.0,
nonstructural_noncomposite,162S125-33,33,24,5,L/240,91.0,
nonstructural_noncomposite,162S125-33,33,24,5,L/360,79.0,
nonstructural_noncomposite,162S125-33,33,24,7.5,L/120,94.0,
nonstructural_noncomposite,162S125-33,33,24,7.5,L/240,79.0,
nonstructural_noncomposite,162S125-33,33,24,7.5,L/360,69.0,
nonstructural_noncomposite,162S125-33,33,24,10,L/120,81.0,
nonstructural_noncomposite,162S125-33,33,24,10,L/240,72.0,
nonstructural_noncomposite,162S125-33,33,24,10,L/360,63.0,
nonstructural_noncomposite,250S125-18,33,12,5,L/120,148.0,
nonstructural_noncomposite,250S125-18,33,12,5,L/240,127.0,
nonstructural_noncomposite,250S125-18,33,12,5,L/360,111.0,
nonstructural_noncomposite,250S125-18,33,12,7.5,L/120,121.0,
nonstructural_noncomposite,250S125-18,33,12,7.5,L/240,111.0,
nonstructural_noncomposite,250S125-18,33,12,7.5,L/360,97.0,
nonstructural_noncomposite,250S125-18,33,12,10,L/120,105.0,
nonstructural_noncomposite,250S125-18,33,12,10,L/240,101.0,
nonstructural_noncomposite,250S125-18,33,12,10,L/360,88.0,
nonstructural_noncomposite,250S125-18,33,16,5,L/120,128.0,
nonstructural_noncomposite,250S125-18,33,16,5,L/240,115.0,
nonstructural_noncomposite,250S125-18,33,16,5,L/360,101.0,
nonstructural_noncomposite,250S125-18,33,16,7.5,L/120,105.0,
nonstructural_noncomposite,250S125-18,33,16,7.5,L/240,101.0,
nonstructural_noncomposite,250S125-18,33,16,7.5,L/360,88.0,
nonstructural_noncomposite,250S125-18,33,16,10,L/120,91.0,
nonstructural_noncomposite,250S125-18,33,16,10,L/240,91.0,
nonstructural_noncomposite,250S125-18,33,16,10,L/360,80.0,
nonstructural_noncomposite,250S125-18,33,24,5,L/120,105.0,
nonstructural_noncomposite,250S125-18,33,24,5,L/240,101.0,
nonstructural_noncomposite,250S125-18,33,24,5,L/360,88.0,
nonstructural_noncomposite,250S125-18,33,24,7.5,L/120,85.0,
nonstructural_noncomposite,250S125-18,33,24,7.5,L/240,85.0,
nonstructural_noncomposite,250S125-18,33,24,7.5,L/360,77.0,
nonstructural_noncomposite,250S125-18,33,24,10,L/120,74.0,
nonstructural_noncomposite,250S125-18,33,24,10,L/240,74.0,
nonstructural_noncomposite,250S125-18,33,24,10,L/360,70.0,
nonstructural_noncomposite,250S125-27,33,12,5,L/120,187.0,
nonstructural_noncomposite,250S125-27,33,12,5,L/240,149.0,
nonstructural_noncomposite,250S125-27,33,12,5,L/360,130.0,
nonstructural_noncomposite,250S125-27,33,12,7.5,L/120,155.0,
nonstructural_noncomposite,250S125-27,33,12,7.5,L/240,130.0,
nonstructural_noncomposite,250S125-27,33,12,7.5,L/360,113.0,
nonstructural_noncomposite,250S125-27,33,12,10,L/120,135.0,
nonstructural_noncomposite,250S125-27,33,12,10,L/240,118.0,
nonstructural_noncomposite,250S125-27,33,12,10,L/360,103.0,
nonstructural_noncomposite,250S125-27,33,16,5,L/120,165.0,
nonstructural_noncomposite,250S125-27,33,16,5,L/240,135.0,
nonstructural_noncomposite,250S125-27,33,16,5,L/360,118.0,
nonstructural_noncomposite,250S125-27,33,16,7.5,L/120,135.0,
nonstructural_noncomposite,250S125-27,33,16,7.5,L/240,118.0,
nonstructural_noncomposite,250S125-27,33,16,7.5,L/360,103.0,
nonstructural_noncomposite,250S125-27,33,16,10,L/120,117.0,
nonstructural_noncomposite,250S125-27,33,16,10,L/240,107.0,
nonstructural_noncomposite,250S125-27,33,16,10,L/360,94.0,
nonstructural_noncomposite,250S125-27,33,24,5,L/120,135.0,
nonstructural_noncomposite,250S125-27,33,24,5,L/240,118.0,
nonstructural_noncomposite,250S125-27,33,24,5,L/360,103.0,
nonstructural_noncomposite,250S125-27,33,24,7.5,L/120,110.0,
nonstructural_noncomposite,250S125-27,33,24,7.5,L/240,103.0,
nonstructural_noncomposite,250S125-27,33,24,7.5,L/360,90.0,
nonstructural_noncomposite,250S125-27,33,24,10,L/120,95.0,
nonstructural_noncomposite,250S125-27,33,24,10,L/240,94.0,
nonstructural_noncomposite,250S125-27,33,24,10,L/360,82.0,
nonstructural_noncomposite,250S125-30,33,12,5,L/120,193.0,
nonstructural_noncomposite,250S125-30,33,12,5,L/240,153.0,
nonstructural_noncomposite,250S125-30,33,12,5,L/360,134.0,
nonstructural_noncomposite,250S125-30,33,12,7.5,L/120,165.0,
nonstructural_noncomposite,250S125-30,33,12,7.5,L/240,134.0,
nonstructural_noncomposite,250S125-30,33,12,7.5,L/360,117.0,
nonstructural_noncomposite,250S125-30,33,12,10,L/120,143.0,
nonstructural_noncomposite,250S125-30,33,12,10,L/240,122.0,
nonstructural_noncomposite,250S125-30,33,12,10,L/360,106.0,
nonstructural_noncomposite,250S125-30,33,16,5,L/120,175.0,
nonstructural_noncomposite,250S125-30,33,16,5,L/240,139.0,
nonstructural_noncomposite,250S125-30,33,16,5,L/360,122.0,
nonstructural_noncomposite,250S125-30,33,16,7.5,L/120,143.0,
nonstructural_noncomposite,250S125-30,33,16,7.5,L/240,122.0,
nonstructural_noncomposite,250S125-30,33,16,7.5,L/360,106.0,
nonstructural_noncomposite,250S125-30,33,16,10,L/120,124.0,
nonstructural_noncomposite,250S125-30,33,16,10,L/240,110.0,
nonstructural_noncomposite,250S125-30,33,16,10,L/360,97.0,
nonstructural_noncomposite,250S125-30,33,24,5,L/120,143.0,
nonstructural_noncomposite,250S125-30,33,24,5,L/240,122.0,
nonstructural_noncomposite,250S125-30,33,24,5,L/360,106.0,
nonstructural_noncomposite,250S125-30,33,24,7.5,L/120,117.0,
nonstructural_noncomposite,250S125-30,33,24,7.5,L/240,106.0,
nonstructural_noncomposite,250S125-30,33,24,7.5,L/360,93.0,
nonstructural_noncomposite,250S125-30,33,24,10,L/120,101.0,
nonstructural_noncomposite,250S125-30,33,24,10,L/240,97.0,
nonstructural_noncomposite,250S125-30,33,24,10,L/360,84.0,
nonstructural_noncomposite,250S125-33,33,12,5,L/120,200.0,
nonstructural_noncomposite,250S125-33,33,12,5,L/240,158.0,
nonstructural_noncomposite,250S125-33,33,12,5,L/360,138.0,
nonstructural_noncomposite,250S125-33,33,12,7.5,L/120,174.0,
nonstructural_noncomposite,250S125-33,33,12,7.5,L/240,138.0,
nonstructural_noncomposite,250S125-33,33,12,7.5,L/360,121.0,
nonstructural_noncomposite,250S125-33,33,12,10,L/120,153.0,
nonstructural_noncomposite,250S125-33,33,12,10,L/240,126.0,
nonstructural_noncomposite,250S125-33,33,12,10,L/360,110.0,
nonstructural_noncomposite,250S125-33,33,16,5,L/120,181.0,
nonstructural_noncomposite,250S125-33,33,16,5,L/240,144.0,
nonstructural_noncomposite,250S125-33,33,16,5,L/360,126.0,
nonstructural_noncomposite,250S125-33,33,16,7.5,L/120,153.0,
nonstructural_noncomposite,250S125-33,33,16,7.5,L/240,126.0,
nonstructural_noncomposite,250S125-33,33,16,7.5,L/360,110.0,
nonstructural_noncomposite,250S125-33,33,16,10,L/120,133.0,
nonstructural_noncomposite,250S125-33,33,16,10,L/240,114.0,
nonstructural_noncomposite,250S125-33,33,16,10,L/360,100.0,
nonstructural_noncomposite,250S125-33,33,24,5,L/120,153.0,
nonstructural_noncomposite,250S125-33,33,24,5,L/240,126.0,
nonstructural_noncomposite,250S125-33,33,24,5,L/360,110.0,
nonstructural_noncomposite,250S125-33,33,24,7.5,L/120,125.0,
nonstructural_noncomposite,250S125-33,33,24,7.5,L/240,110.0,
nonstructural_noncomposite,250S125-33,33,24,7.5,L/360,96.0,
nonstructural_noncomposite,250S125-33,33,24,10,L/120,108.0,
nonstructural_noncomposite,250S125-33,33,24,10,L/240,100.0,
nonstructural_noncomposite,250S125-33,33,24,10,L/360,87.0,
nonstructural_noncomposite,250S125-43,33,12,5,L/120,217.0,
nonstructural_noncomposite,250S125-43,33,12,5,L/240,172.0,
nonstructural_noncomposite,250S125-43,33,12,5,L/360,151.0,
nonstructural_noncomposite,250S125-43,33,12,7.5,L/120,190.0,
nonstructural_noncomposite,250S125-43,33,12,7.5,L/240,151.0,
nonstructural_noncomposite,250S125-43,33,12,7.5,L/360,131.0,
nonstructural_noncomposite,250S125-43,33,12,10,L/120,172.0,
nonstructural_noncomposite,250S125-43,33,12,10,L/240,137.0,
nonstructural_noncomposite,250S125-43,33,12,10,L/360,119.0,
nonstructural_noncomposite,250S125-43,33,16,5,L/120,197.0,
nonstructural_noncomposite,250S125-43,33,16,5,L/240,157.0,
nonstructural_noncomposite,250S125-43,33,16,5,L/360,137.0,
nonstructural_noncomposite,250S125-43,33,16,7.5,L/120,172.0,
nonstructural_noncomposite,250S125-43,33,16,7.5,L/240,137.0,
nonstructural_noncomposite,250S125-43,33,16,7.5,L/360,119.0,
nonstructural_noncomposite,250S125-43,33,16,10,L/120,157.0,
nonstructural_noncomposite,250S125-43,33,16,10,L/240,124.0,
nonstructural_noncomposite,250S125-43,33,16,10,L/360,109.0,
nonstructural_noncomposite,250S125-43,33,24,5,L/120,172.0,
nonstructural_noncomposite,250S125-43,33,24,5,L/240,137.0,
nonstructural_noncomposite,250S125-43,33,24,5,L/360,119.0,
nonstructural_noncomposite,250S125-43,33,24,7.5,L/120,149.0,
nonstructural_noncomposite,250S125-43,33,24,7.5,L/240,119.0,
nonstructural_noncomposite,250S125-43,33,24,7.5,L/360,104.0,
nonstructural_noncomposite,250S125-43,33,24,10,L/120,129.0,
nonstructural_noncomposite,250S125-43,33,24,10,L/240,109.0,
nonstructural_noncomposite,250S125-43,33,24,10,L/360,95.0,
nonstructural_noncomposite,250S125-54,33,12,5,L/120,232.0,
nonstructural_noncomposite,250S125-54,33,12,5,L/240,185.0,
nonstructural_noncomposite,250S125-54,33,12,5,L/360,161.0,
nonstructural_noncomposite,250S125-54,33,12,7.5,L/120,203.0,
nonstructural_noncomposite,250S125-54,33,12,7.5,L/240,161.0,
nonstructural_noncomposite,250S125-54,33,12,7.5,L/360,141.0,
nonstructural_noncomposite,250S125-54,33,12,10,L/120,185.0,
nonstructural_noncomposite,250S125-54,33,12,10,L/240,146.0,
nonstructural_noncomposite,250S125-54,33,12,10,L/360,128.0,
nonstructural_noncomposite,250S125-54,33,16,5,L/120,211.0,
nonstructural_noncomposite,250S125-54,33,16,5,L/240,168.0,
nonstructural_noncomposite,250S125-54,33,16,5,L/360,146.0,
nonstructural_noncomposite,250S125-54,33,16,7.5,L/120,185.0,
nonstructural_noncomposite,250S125-54,33,16,7.5,L/240,146.0,
nonstructural_noncomposite,250S125-54,33,16,7.5,L/360,128.0,
nonstructural_noncomposite,250S125-54,33,16,10,L/120,168.0,
nonstructural_noncomposite,250S125-54,33,16,10,L/240,133.0,
nonstructural_noncomposite,250S125-54,33,16,10,L/360,116.0,
nonstructural_noncomposite,250S125-54,33,24,5,L/120,185.0,
nonstructural_noncomposite,250S125-54,33,24,5,L/240,146.0,
nonstructural_noncomposite,250S125-54,33,24,5,L/360,128.0,
nonstructural_noncomposite,250S125-54,33,24,7.5,L/120,161.0,
nonstructural_noncomposite,250S125-54,33,24,7.5,L/240,128.0,
nonstructural_noncomposite,250S125-54,33,24,7.5,L/360,112.0,
nonstructural_noncomposite,250S125-54,33,24,10,L/120,143.0,
nonstructural_noncomposite,250S125-54,33,24,10,L/240,116.0,
nonstructural_noncomposite,250S125-54,33,24,10,L/360,102.0,
nonstructural_noncomposite,350S125-18,33,12,5,L/120,168.0,
nonstructural_noncomposite,350S125-18,33,12,5,L/240,166.0,
nonstructural_noncomposite,350S125-18,33,12,5,L/360,145.0,
nonstructural_noncomposite,350S125-18,33,12,7.5,L/120,138.0,
nonstructural_noncomposite,350S125-18,33,12,7.5,L/240,138.0,
nonstructural_noncomposite,350S125-18,33,12,7.5,L/360,127.0,
nonstructural_noncomposite,350S125-18,33,12,10,L/120,119.0,
nonstructural_noncomposite,350S125-18,33,12,10,L/240,119.0,
nonstructural_noncomposite,350S125-18,33,12,10,L/360,115.0,
nonstructural_noncomposite,350S125-18,33,16,5,L/120,146.0,
nonstructural_noncomposite,350S125-18,33,16,5,L/240,146.0,
nonstructural_noncomposite,350S125-18,33,16,5,L/360,132.0,
nonstructural_noncomposite,350S125-18,33,16,7.5,L/120,119.0,
nonstructural_noncomposite,350S125-18,33,16,7.5,L/240,119.0,
nonstructural_noncomposite,350S125-18,33,16,7.5,L/360,115.0,
nonstructural_noncomposite,350S125-18,33,16,10,L/120,103.0,
nonstructural_noncomposite,350S125-18,33,16,10,L/240,103.0,
nonstructural_noncomposite,350S125-18,33,16,10,L/360,103.0,
nonstructural_noncomposite,350S125-18,33,24,5,L/120,119.0,
nonstructural_noncomposite,350S125-18,33,24,5,L/240,119.0,
nonstructural_noncomposite,350S125-18,33,24,5,L/360,115.0,
nonstructural_noncomposite,350S125-18,33,24,7.5,L/120,97.0,
nonstructural_noncomposite,350S125-18,33,24,7.5,L/240,97.0,
nonstructural_noncomposite,350S125-18,33,24,7.5,L/360,97.0,
nonstructural_noncomposite,350S125-18,33,24,10,L/120,84.0,
nonstructural_noncomposite,350S125-18,33,24,10,L/240,84.0,
nonstructural_noncomposite,350S125-18,33,24,10,L/360,84.0,
nonstructural_noncomposite,350S125-27,33,12,5,L/120,226.0,
nonstructural_noncomposite,350S125-27,33,12,5,L/240,193.0,
nonstructural_noncomposite,350S125-27,33,12,5,L/360,168.0,
nonstructural_noncomposite,350S125-27,33,12,7.5,L/120,185.0,
nonstructural_noncomposite,350S125-27,33,12,7.5,L/240,168.0,
nonstructural_noncomposite,350S125-27,33,12,7.5,L/360,147.0,
nonstructural_noncomposite,350S125-27,33,12,10,L/120,160.0,
nonstructural_noncomposite,350S125-27,33,12,10,L/240,153.0,
nonstructural_noncomposite,350S125-27,33,12,10,L/360,133.0,
nonstructural_noncomposite,350S125-27,33,16,5,L/120,196.0,
nonstructural_noncomposite,350S125-27,33,16,5,L/240,175.0,
nonstructural_noncomposite,350S125-27,33,16,5,L/360,153.0,
nonstructural_noncomposite,350S125-27,33,16,7.5,L/120,160.0,
nonstructural_noncomposite,350S125-27,33,16,7.5,L/240,153.0,
nonstructural_noncomposite,350S125-27,33,16,7.5,L/360,133.0,
nonstructural_noncomposite,350S125-27,33,16,10,L/120,139.0,
nonstructural_noncomposite,350S125-27,33,16,10,L/240,139.0,
nonstructural_noncomposite,350S125-27,33,16,10,L/360,121.0,
nonstructural_noncomposite,350S125-27,33,24,5,L/120,160.0,
nonstructural_noncomposite,350S125-27,33,24,5,L/240,153.0,
nonstructural_noncomposite,350S125-27,33,24,5,L/360,133.0,
nonstructural_noncomposite,350S125-27,33,24,7.5,L/120,131.0,
nonstructural_noncomposite,350S125-27,33,24,7.5,L/240,131.0,
nonstructural_noncomposite,350S125-27,33,24,7.5,L/360,117.0,
nonstructural_noncomposite,350S125-27,33,24,10,L/120,113.0,
nonstructural_noncomposite,350S125-27,33,24,10,L/240,113.0,
nonstructural_noncomposite,350S125-27,33,24,10,L/360,106.0,
nonstructural_noncomposite,350S125-30,33,12,5,L/120,243.0,
nonstructural_noncomposite,350S125-30,33,12,5,L/240,199.0,
nonstructural_noncomposite,350S125-30,33,12,5,L/360,174.0,
nonstructural_noncomposite,350S125-30,33,12,7.5,L/120,198.0,
nonstructural_noncomposite,350S125-30,33,12,7.5,L/240,174.0,
nonstructural_noncomposite,350S125-30,33,12,7.5,L/360,152.0,
nonstructural_noncomposite,350S125-30,33,12,10,L/120,172.0,
nonstructural_noncomposite,350S125-30,33,12,10,L/240,158.0,
nonstructural_noncomposite,350S125-30,33,12,10,L/360,138.0,
nonstructural_noncomposite,350S125-30,33,16,5,L/120,210.0,
nonstructural_noncomposite,350S125-30,33,16,5,L/240,180.0,
nonstructural_noncomposite,350S125-30,33,16,5,L/360,158.0,
nonstructural_noncomposite,350S125-30,33,16,7.5,L/120,172.0,
nonstructural_noncomposite,350S125-30,33,16,7.5,L/240,158.0,
nonstructural_noncomposite,350S125-30,33,16,7.5,L/360,138.0,
nonstructural_noncomposite,350S125-30,33,16,10,L/120,149.0,
nonstructural_noncomposite,350S125-30,33,16,10,L/240,143.0,
nonstructural_noncomposite,350S125-30,33,16,10,L/360,125.0,
nonstructural_noncomposite,350S125-30,33,24,5,L/120,172.0,
nonstructural_noncomposite,350S125-30,33,24,5,L/240,158.0,
nonstructural_noncomposite,350S125-30,33,24,5,L/360,138.0,
nonstructural_noncomposite,350S125-30,33,24,7.5,L/120,140.0,
nonstructural_noncomposite,350S125-30,33,24,7.5,L/240,138.0,
nonstructural_noncomposite,350S125-30,33,24,7.5,L/360,120.0,
nonstructural_noncomposite,350S125-30,33,24,10,L/120,121.0,
nonstructural_noncomposite,350S125-30,33,24,10,L/240,121.0,
nonstructural_noncomposite,350S125-30,33,24,10,L/360,109.0,
nonstructural_noncomposite,350S125-33,33,12,5,L/120,259.0,
nonstructural_noncomposite,350S125-33,33,12,5,L/240,205.0,
nonstructural_noncomposite,350S125-33,33,12,5,L/360,179.0,
nonstructural_noncomposite,350S125-33,33,12,7.5,L/120,214.0,
nonstructural_noncomposite,350S125-33,33,12,7.5,L/240,179.0,
nonstructural_noncomposite,350S125-33,33,12,7.5,L/360,157.0,
nonstructural_noncomposite,350S125-33,33,12,10,L/120,185.0,
nonstructural_noncomposite,350S125-33,33,12,10,L/240,163.0,
nonstructural_noncomposite,350S125-33,33,12,10,L/360,142.0,
nonstructural_noncomposite,350S125-33,33,16,5,L/120,227.0,
nonstructural_noncomposite,350S125-33,33,16,5,L/240,187.0,
nonstructural_noncomposite,350S125-33,33,16,5,L/360,163.0,
nonstructural_noncomposite,350S125-33,33,16,7.5,L/120,185.0,
nonstructural_noncomposite,350S125-33,33,16,7.5,L/240,163.0,
nonstructural_noncomposite,350S125-33,33,16,7.5,L/360,142.0,
nonstructural_noncomposite,350S125-33,33,16,10,L/120,160.0,
nonstructural_noncomposite,350S125-33,33,16,10,L/240,148.0,
nonstructural_noncomposite,350S125-33,33,16,10,L/360,129.0,
nonstructural_noncomposite,350S125-33,33,24,5,L/120,185.0,
nonstructural_noncomposite,350S125-33,33,24,5,L/240,163.0,
nonstructural_noncomposite,350S125-33,33,24,5,L/360,142.0,
nonstructural_noncomposite,350S125-33,33,24,7.5,L/120,151.0,
nonstructural_noncomposite,350S125-33,33,24,7.5,L/240,142.0,
nonstructural_noncomposite,350S125-33,33,24,7.5,L/360,124.0,
nonstructural_noncomposite,350S125-33,33,24,10,L/120,131.0,
nonstructural_noncomposite,350S125-33,33,24,10,L/240,129.0,
nonstructural_noncomposite,350S125-33,33,24,10,L/360,113.0,
nonstructural_noncomposite,350S125-43,33,12,5,L/120,282.0,
nonstructural_noncomposite,350S125-43,33,12,5,L/240,224.0,
nonstructural_noncomposite,350S125-43,33,12,5,L/360,195.0,
nonstructural_noncomposite,350S125-43,33,12,7.5,L/120,246.0,
nonstructural_noncomposite,350S125-43,33,12,7.5,L/240,195.0,
nonstructural_noncomposite,350S125-43,33,12,7.5,L/360,171.0,
nonstructural_noncomposite,350S125-43,33,12,10,L/120,224.0,
nonstructural_noncomposite,350S125-43,33,12,10,L/240,178.0,
nonstructural_noncomposite,350S125-43,33,12,10,L/360,155.0,
nonstructural_noncomposite,350S125-43,33,16,5,L/120,256.0,
nonstructural_noncomposite,350S125-43,33,16,5,L/240,203.0,
nonstructural_noncomposite,350S125-43,33,16,5,L/360,178.0,
nonstructural_noncomposite,350S125-43,33,16,7.5,L/120,224.0,
nonstructural_noncomposite,350S125-43,33,16,7.5,L/240,178.0,
nonstructural_noncomposite,350S125-43,33,16,7.5,L/360,155.0,
nonstructural_noncomposite,350S125-43,33,16,10,L/120,194.0,
nonstructural_noncomposite,350S125-43,33,16,10,L/240,161.0,
nonstructural_noncomposite,350S125-43,33,16,10,L/360,141.0,
nonstructural_noncomposite,350S125-43,33,24,5,L/120,224.0,
nonstructural_noncomposite,350S125-43,33,24,5,L/240,178.0,
nonstructural_noncomposite,350S125-43,33,24,5,L/360,155.0,
nonstructural_noncomposite,350S125-43,33,24,7.5,L/120,183.0,
nonstructural_noncomposite,350S125-43,33,24,7.5,L/240,155.0,
nonstructural_noncomposite,350S125-43,33,24,7.5,L/360,136.0,
nonstructural_noncomposite,350S125-43,33,24,10,L/120,159.0,
nonstructural_noncomposite,350S125-43,33,24,10,L/240,141.0,
nonstructural_noncomposite,350S125-43,33,24,10,L/360,123.0,
nonstructural_noncomposite,350S125-54,33,12,5,L/120,302.0,
nonstructural_noncomposite,350S125-54,33,12,5,L/240,240.0,
nonstructural_noncomposite,350S125-54,33,12,5,L/360,209.0,
nonstructural_noncomposite,350S125-54,33,12,7.5,L/120,264.0,
nonstructural_noncomposite,350S125-54,33,12,7.5,L/240,209.0,
nonstructural_noncomposite,350S125-54,33,12,7.5,L/360,183.0,
nonstructural_noncomposite,350S125-54,33,12,10,L/120,240.0,
nonstructural_noncomposite,350S125-54,33,12,10,L/240,190.0,
nonstructural_noncomposite,350S125-54,33,12,10,L/360,166.0,
nonstructural_noncomposite,350S125-54,33,16,5,L/120,274.0,
nonstructural_noncomposite,350S125-54,33,16,5,L/240,218.0,
nonstructural_noncomposite,350S125-54,33,16,5,L/360,190.0,
nonstructural_noncomposite,350S125-54,33,16,7.5,L/120,240.0,
nonstructural_noncomposite,350S125-54,33,16,7.5,L/240,190.0,
nonstructural_noncomposite,350S125-54,33,16,7.5,L/360,166.0,
nonstructural_noncomposite,350S125-54,33,16,10,L/120,217.0,
nonstructural_noncomposite,350S125-54,33,16,10,L/240,173.0,
nonstructural_noncomposite,350S125-54,33,16,10,L/360,151.0,
nonstructural_noncomposite,350S125-54,33,24,5,L/120,240.0,
nonstructural_noncomposite,350S125-54,33,24,5,L/240,190.0,
nonstructural_noncomposite,350S125-54,33,24,5,L/360,166.0,
nonstructural_noncomposite,350S125-54,33,24,7.5,L/120,205.0,
nonstructural_noncomposite,350S125-54,33,24,7.5,L/240,166.0,
nonstructural_noncomposite,350S125-54,33,24,7.5,L/360,145.0,
nonstructural_noncomposite,350S125-54,33,24,10,L/120,178.0,
nonstructural_noncomposite,350S125-54,33,24,10,L/240,151.0,
nonstructural_noncomposite,350S125-54,33,24,10,L/360,132.0,
nonstructural_noncomposite,362S125-18,33,12,5,L/120,172.0,
nonstructural_noncomposite,362S125-18,33,12,5,L/240,171.0,
nonstructural_noncomposite,362S125-18,33,12,5,L/360,149.0,
nonstructural_noncomposite,362S125-18,33,12,7.5,L/120,140.0,
nonstructural_noncomposite,362S125-18,33,12,7.5,L/240,140.0,
nonstructural_noncomposite,362S125-18,33,12,7.5,L/360,130.0,
nonstructural_noncomposite,362S125-18,33,12,10,L/120,121.0,
nonstructural_noncomposite,362S125-18,33,12,10,L/240,121.0,
nonstructural_noncomposite,362S125-18,33,12,10,L/360,118.0,
nonstructural_noncomposite,362S125-18,33,16,5,L/120,149.0,
nonstructural_noncomposite,362S125-18,33,16,5,L/240,149.0,
nonstructural_noncomposite,362S125-18,33,16,5,L/360,136.0,
nonstructural_noncomposite,362S125-18,33,16,7.5,L/120,121.0,
nonstructural_noncomposite,362S125-18,33,16,7.5,L/240,121.0,
nonstructural_noncomposite,362S125-18,33,16,7.5,L/360,118.0,
nonstructural_noncomposite,362S125-18,33,16,10,L/120,105.0,
nonstructural_noncomposite,362S125-18,33,16,10,L/240,105.0,
nonstructural_noncomposite,362S125-18,33,16,10,L/360,105.0,
nonstructural_noncomposite,362S125-18,33,24,5,L/120,121.0,
nonstructural_noncomposite,362S125-18,33,24,5,L/240,121.0,
nonstructural_noncomposite,362S125-18,33,24,5,L/360,118.0,
nonstructural_noncomposite,362S125-18,33,24,7.5,L/120,99.0,
nonstructural_noncomposite,362S125-18,33,24,7.5,L/240,99.0,
nonstructural_noncomposite,362S125-18,33,24,7.5,L/360,99.0,
nonstructural_noncomposite,362S125-18,33,24,10,L/120,86.0,
nonstructural_noncomposite,362S125-18,33,24,10,L/240,86.0,
nonstructural_noncomposite,362S125-18,33,24,10,L/360,86.0,
nonstructural_noncomposite,362S125-27,33,12,5,L/120,231.0,
nonstructural_noncomposite,362S125-27,33,12,5,L/240,198.0,
nonstructural_noncomposite,362S125-27,33,12,5,L/360,173.0,
nonstructural_noncomposite,362S125-27,33,12,7.5,L/120,189.0,
nonstructural_noncomposite,362S125-27,33,12,7.5,L/240,173.0,
nonstructural_noncomposite,362S125-27,33,12,7.5,L/360,151.0,
nonstructural_noncomposite,362S125-27,33,12,10,L/120,163.0,
nonstructural_noncomposite,362S125-27,33,12,10,L/240,157.0,
nonstructural_noncomposite,362S125-27,33,12,10,L/360,137.0,
nonstructural_noncomposite,362S125-27,33,16,5,L/120,200.0,
nonstructural_noncomposite,362S125-27,33,16,5,L/240,180.0,
nonstructural_noncomposite,362S125-27,33,16,5,L/360,157.0,
nonstructural_noncomposite,362S125-27,33,16,7.5,L/120,163.0,
nonstructural_noncomposite,362S125-27,33,16,7.5,L/240,157.0,
nonstructural_noncomposite,362S125-27,33,16,7.5,L/360,137.0,
nonstructural_noncomposite,362S125-27,33,16,10,L/120,141.0,
nonstructural_noncomposite,362S125-27,33,16,10,L/240,141.0,
nonstructural_noncomposite,362S125-27,33,16,10,L/360,125.0,
nonstructural_noncomposite,362S125-27,33,24,5,L/120,163.0,
nonstructural_noncomposite,362S125-27,33,24,5,L/240,157.0,
nonstructural_noncomposite,362S125-27,33,24,5,L/360,137.0,
nonstructural_noncomposite,362S125-27,33,24,7.5,L/120,133.0,
nonstructural_noncomposite,362S125-27,33,24,7.5,L/240,133.0,
nonstructural_noncomposite,362S125-27,33,24,7.5,L/360,120.0,
nonstructural_noncomposite,362S125-27,33,24,10,L/120,116.0,
nonstructural_noncomposite,362S125-27,33,24,10,L/240,116.0,
nonstructural_noncomposite,362S125-27,33,24,10,L/360,109.0,
nonstructural_noncomposite,362S125-30,33,12,5,L/120,248.0,
nonstructural_noncomposite,362S125-30,33,12,5,L/240,204.0,
nonstructural_noncomposite,362S125-30,33,12,5,L/360,178.0,
nonstructural_noncomposite,362S125-30,33,12,7.5,L/120,203.0,
nonstructural_noncomposite,362S125-30,33,12,7.5,L/240,178.0,
nonstructural_noncomposite,362S125-30,33,12,7.5,L/360,156.0,
nonstructural_noncomposite,362S125-30,33,12,10,L/120,175.0,
nonstructural_noncomposite,362S125-30,33,12,10,L/240,162.0,
nonstructural_noncomposite,362S125-30,33,12,10,L/360,142.0,
nonstructural_noncomposite,362S125-30,33,16,5,L/120,215.0,
nonstructural_noncomposite,362S125-30,33,16,5,L/240,185.0,
nonstructural_noncomposite,362S125-30,33,16,5,L/360,162.0,
nonstructural_noncomposite,362S125-30,33,16,7.5,L/120,175.0,
nonstructural_noncomposite,362S125-30,33,16,7.5,L/240,162.0,
nonstructural_noncomposite,362S125-30,33,16,7.5,L/360,142.0,
nonstructural_noncomposite,362S125-30,33,16,10,L/120,152.0,
nonstructural_noncomposite,362S125-30,33,16,10,L/240,147.0,
nonstructural_noncomposite,362S125-30,33,16,10,L/360,129.0,
nonstructural_noncomposite,362S125-30,33,24,5,L/120,175.0,
nonstructural_noncomposite,362S125-30,33,24,5,L/240,162.0,
nonstructural_noncomposite,362S125-30,33,24,5,L/360,142.0,
nonstructural_noncomposite,362S125-30,33,24,7.5,L/120,143.0,
nonstructural_noncomposite,362S125-30,33,24,7.5,L/240,142.0,
nonstructural_noncomposite,362S125-30,33,24,7.5,L/360,124.0,
nonstructural_noncomposite,362S125-30,33,24,10,L/120,124.0,
nonstructural_noncomposite,362S125-30,33,24,10,L/240,124.0,
nonstructural_noncomposite,362S125-30,33,24,10,L/360,112.0,
nonstructural_noncomposite,362S125-33,33,12,5,L/120,266.0,
nonstructural_noncomposite,362S125-33,33,12,5,L/240,211.0,
nonstructural_noncomposite,362S125-33,33,12,5,L/360,184.0,
nonstructural_noncomposite,362S125-33,33,12,7.5,L/120,219.0,
nonstructural_noncomposite,362S125-33,33,12,7.5,L/240,184.0,
nonstructural_noncomposite,362S125-33,33,12,7.5,L/360,161.0,
nonstructural_noncomposite,362S125-33,33,12,10,L/120,189.0,
nonstructural_noncomposite,362S125-33,33,12,10,L/240,168.0,
nonstructural_noncomposite,362S125-33,33,12,10,L/360,146.0,
nonstructural_noncomposite,362S125-33,33,16,5,L/120,232.0,
nonstructural_noncomposite,362S125-33,33,16,5,L/240,192.0,
nonstructural_noncomposite,362S125-33,33,16,5,L/360,168.0,
nonstructural_noncomposite,362S125-33,33,16,7.5,L/120,189.0,
nonstructural_noncomposite,362S125-33,33,16,7.5,L/240,168.0,
nonstructural_noncomposite,362S125-33,33,16,7.5,L/360,146.0,
nonstructural_noncomposite,362S125-33,33,16,10,L/120,164.0,
nonstructural_noncomposite,362S125-33,33,16,10,L/240,152.0,
nonstructural_noncomposite,362S125-33,33,16,10,L/360,133.0,
nonstructural_noncomposite,362S125-33,33,24,5,L/120,189.0,
nonstructural_noncomposite,362S125-33,33,24,5,L/240,168.0,
nonstructural_noncomposite,362S125-33,33,24,5,L/360,146.0,
nonstructural_noncomposite,362S125-33,33,24,7.5,L/120,155.0,
nonstructural_noncomposite,362S125-33,33,24,7.5,L/240,146.0,
nonstructural_noncomposite,362S125-33,33,24,7.5,L/360,128.0,
nonstructural_noncomposite,362S125-33,33,24,10,L/120,134.0,
nonstructural_noncomposite,362S125-33,33,24,10,L/240,133.0,
nonstructural_noncomposite,362S125-33,33,24,10,L/360,116.0,
nonstructural_noncomposite,362S125-43,33,12,5,L/120,290.0,
nonstructural_noncomposite,362S125-43,33,12,5,L/240,230.0,
nonstructural_noncomposite,362S125-43,33,12,5,L/360,201.0,
nonstructural_noncomposite,362S125-43,33,12,7.5,L/120,253.0,
nonstructural_noncomposite,362S125-43,33,12,7.5,L/240,201.0,
nonstructural_noncomposite,362S125-43,33,12,7.5,L/360,176.0,
nonstructural_noncomposite,362S125-43,33,12,10,L/120,229.0,
nonstructural_noncomposite,362S125-43,33,12,10,L/240,183.0,
nonstructural_noncomposite,362S125-43,33,12,10,L/360,159.0,
nonstructural_noncomposite,362S125-43,33,16,5,L/120,263.0,
nonstructural_noncomposite,362S125-43,33,16,5,L/240,209.0,
nonstructural_noncomposite,362S125-43,33,16,5,L/360,183.0,
nonstructural_noncomposite,362S125-43,33,16,7.5,L/120,229.0,
nonstructural_noncomposite,362S125-43,33,16,7.5,L/240,183.0,
nonstructural_noncomposite,362S125-43,33,16,7.5,L/360,159.0,
nonstructural_noncomposite,362S125-43,33,16,10,L/120,199.0,
nonstructural_noncomposite,362S125-43,33,16,10,L/240,166.0,
nonstructural_noncomposite,362S125-43,33,16,10,L/360,145.0,
nonstructural_noncomposite,362S125-43,33,24,5,L/120,229.0,
nonstructural_noncomposite,362S125-43,33,24,5,L/240,183.0,
nonstructural_noncomposite,362S125-43,33,24,5,L/360,159.0,
nonstructural_noncomposite,362S125-43,33,24,7.5,L/120,187.0,
nonstructural_noncomposite,362S125-43,33,24,7.5,L/240,159.0,
nonstructural_noncomposite,362S125-43,33,24,7.5,L/360,139.0,
nonstructural_noncomposite,362S125-43,33,24,10,L/120,162.0,
nonstructural_noncomposite,362S125-43,33,24,10,L/240,145.0,
nonstructural_noncomposite,362S125-43,33,24,10,L/360,127.0,
nonstructural_noncomposite,362S125-54,33,12,5,L/120,311.0,
nonstructural_noncomposite,362S125-54,33,12,5,L/240,247.0,
nonstructural_noncomposite,362S125-54,33,12,5,L/360,215.0,
nonstructural_noncomposite,362S125-54,33,12,7.5,L/120,271.0,
nonstructural_noncomposite,362S125-54,33,12,7.5,L/240,215.0,
nonstructural_noncomposite,362S125-54,33,12,7.5,L/360,188.0,
nonstructural_noncomposite,362S125-54,33,12,10,L/120,247.0,
nonstructural_noncomposite,362S125-54,33,12,10,L/240,196.0,
nonstructural_noncomposite,362S125-54,33,12,10,L/360,171.0,
nonstructural_noncomposite,362S125-54,33,16,5,L/120,282.0,
nonstructural_noncomposite,362S125-54,33,16,5,L/240,224.0,
nonstructural_noncomposite,362S125-54,33,16,5,L/360,196.0,
nonstructural_noncomposite,362S125-54,33,16,7.5,L/120,247.0,
nonstructural_noncomposite,362S125-54,33,16,7.5,L/240,196.0,
nonstructural_noncomposite,362S125-54,33,16,7.5,L/360,171.0,
nonstructural_noncomposite,362S125-54,33,16,10,L/120,223.0,
nonstructural_noncomposite,362S125-54,33,16,10,L/240,178.0,
nonstructural_noncomposite,362S125-54,33,16,10,L/360,155.0,
nonstructural_noncomposite,362S125-54,33,24,5,L/120,247.0,
nonstructural_noncomposite,362S125-54,33,24,5,L/240,196.0,
nonstructural_noncomposite,362S125-54,33,24,5,L/360,171.0,
nonstructural_noncomposite,362S125-54,33,24,7.5,L/120,210.0,
nonstructural_noncomposite,362S125-54,33,24,7.5,L/240,171.0,
nonstructural_noncomposite,362S125-54,33,24,7.5,L/360,149.0,
nonstructural_noncomposite,362S125-54,33,24,10,L/120,182.0,
nonstructural_noncomposite,362S125-54,33,24,10,L/240,155.0,
nonstructural_noncomposite,362S125-54,33,24,10,L/360,136.0,
nonstructural_noncomposite,400S125-18,33,12,5,L/120,166.0,
nonstructural_noncomposite,400S125-18,33,12,5,L/240,166.0,
nonstructural_noncomposite,400S125-18,33,12,5,L/360,161.0,
nonstructural_noncomposite,400S125-18,33,12,7.5,L/120,135.0,
nonstructural_noncomposite,400S125-18,33,12,7.5,L/240,135.0,
nonstructural_noncomposite,400S125-18,33,12,7.5,L/360,135.0,
nonstructural_noncomposite,400S125-18,33,12,10,L/120,117.0,
nonstructural_noncomposite,400S125-18,33,12,10,L/240,117.0,
nonstructural_noncomposite,400S125-18,33,12,10,L/360,117.0,
nonstructural_noncomposite,400S125-18,33,16,5,L/120,144.0,
nonstructural_noncomposite,400S125-18,33,16,5,L/240,144.0,
nonstructural_noncomposite,400S125-18,33,16,5,L/360,144.0,
nonstructural_noncomposite,400S125-18,33,16,7.5,L/120,117.0,
nonstructural_noncomposite,400S125-18,33,16,7.5,L/240,117.0,
nonstructural_noncomposite,400S125-18,33,16,7.5,L/360,117.0,
nonstructural_noncomposite,400S125-18,33,16,10,L/120,102.0,
nonstructural_noncomposite,400S125-18,33,16,10,L/240,102.0,
nonstructural_noncomposite,400S125-18,33,16,10,L/360,102.0,
nonstructural_noncomposite,400S125-18,33,24,5,L/120,117.0,
nonstructural_noncomposite,400S125-18,33,24,5,L/240,117.0,
nonstructural_noncomposite,400S125-18,33,24,5,L/360,117.0,
nonstructural_noncomposite,400S125-18,33,24,7.5,L/120,96.0,
nonstructural_noncomposite,400S125-18,33,24,7.5,L/240,96.0,
nonstructural_noncomposite,400S125-18,33,24,7.5,L/360,96.0,
nonstructural_noncomposite,400S125-18,33,24,10,L/120,83.0,
nonstructural_noncomposite,400S125-18,33,24,10,L/240,83.0,
nonstructural_noncomposite,400S125-18,33,24,10,L/360,83.0,
nonstructural_noncomposite,400S125-27,33,12,5,L/120,245.0,
nonstructural_noncomposite,400S125-27,33,12,5,L/240,214.0,
nonstructural_noncomposite,400S125-27,33,12,5,L/360,187.0,
nonstructural_noncomposite,400S125-27,33,12,7.5,L/120,200.0,
nonstructural_noncomposite,400S125-27,33,12,7.5,L/240,187.0,
nonstructural_noncomposite,400S125-27,33,12,7.5,L/360,163.0,
nonstructural_noncomposite,400S125-27,33,12,10,L/120,173.0,
nonstructural_noncomposite,400S125-27,33,12,10,L/240,170.0,
nonstructural_noncomposite,400S125-27,33,12,10,L/360,148.0,
nonstructural_noncomposite,400S125-27,33,16,5,L/120,212.0,
nonstructural_noncomposite,400S125-27,33,16,5,L/240,194.0,
nonstructural_noncomposite,400S125-27,33,16,5,L/360,170.0,
nonstructural_noncomposite,400S125-27,33,16,7.5,L/120,173.0,
nonstructural_noncomposite,400S125-27,33,16,7.5,L/240,170.0,
nonstructural_noncomposite,400S125-27,33,16,7.5,L/360,148.0,
nonstructural_noncomposite,400S125-27,33,16,10,L/120,150.0,
nonstructural_noncomposite,400S125-27,33,16,10,L/240,150.0,
nonstructural_noncomposite,400S125-27,33,16,10,L/360,135.0,
nonstructural_noncomposite,400S125-27,33,24,5,L/120,173.0,
nonstructural_noncomposite,400S125-27,33,24,5,L/240,170.0,
nonstructural_noncomposite,400S125-27,33,24,5,L/360,148.0,
nonstructural_noncomposite,400S125-27,33,24,7.5,L/120,141.0,
nonstructural_noncomposite,400S125-27,33,24,7.5,L/240,141.0,
nonstructural_noncomposite,400S125-27,33,24,7.5,L/360,129.0,
nonstructural_noncomposite,400S125-27,33,24,10,L/120,122.0,
nonstructural_noncomposite,400S125-27,33,24,10,L/240,122.0,
nonstructural_noncomposite,400S125-27,33,24,10,L/360,118.0,
nonstructural_noncomposite,400S125-30,33,12,5,L/120,263.0,
nonstructural_noncomposite,400S125-30,33,12,5,L/240,221.0,
nonstructural_noncomposite,400S125-30,33,12,5,L/360,193.0,
nonstructural_noncomposite,400S125-30,33,12,7.5,L/120,215.0,
nonstructural_noncomposite,400S125-30,33,12,7.5,L/240,193.0,
nonstructural_noncomposite,400S125-30,33,12,7.5,L/360,168.0,
nonstructural_noncomposite,400S125-30,33,12,10,L/120,186.0,
nonstructural_noncomposite,400S125-30,33,12,10,L/240,175.0,
nonstructural_noncomposite,400S125-30,33,12,10,L/360,153.0,
nonstructural_noncomposite,400S125-30,33,16,5,L/120,228.0,
nonstructural_noncomposite,400S125-30,33,16,5,L/240,200.0,
nonstructural_noncomposite,400S125-30,33,16,5,L/360,175.0,
nonstructural_noncomposite,400S125-30,33,16,7.5,L/120,186.0,
nonstructural_noncomposite,400S125-30,33,16,7.5,L/240,175.0,
nonstructural_noncomposite,400S125-30,33,16,7.5,L/360,153.0,
nonstructural_noncomposite,400S125-30,33,16,10,L/120,161.0,
nonstructural_noncomposite,400S125-30,33,16,10,L/240,159.0,
nonstructural_noncomposite,400S125-30,33,16,10,L/360,139.0,
nonstructural_noncomposite,400S125-30,33,24,5,L/120,186.0,
nonstructural_noncomposite,400S125-30,33,24,5,L/240,175.0,
nonstructural_noncomposite,400S125-30,33,24,5,L/360,153.0,
nonstructural_noncomposite,400S125-30,33,24,7.5,L/120,152.0,
nonstructural_noncomposite,400S125-30,33,24,7.5,L/240,152.0,
nonstructural_noncomposite,400S125-30,33,24,7.5,L/360,134.0,
nonstructural_noncomposite,400S125-30,33,24,10,L/120,132.0,
nonstructural_noncomposite,400S125-30,33,24,10,L/240,132.0,
nonstructural_noncomposite,400S125-30,33,24,10,L/360,121.0,
nonstructural_noncomposite,400S125-33,33,12,5,L/120,284.0,
nonstructural_noncomposite,400S125-33,33,12,5,L/240,228.0,
nonstructural_noncomposite,400S125-33,33,12,5,L/360,199.0,
nonstructural_noncomposite,400S125-33,33,12,7.5,L/120,232.0,
nonstructural_noncomposite,400S125-33,33,12,7.5,L/240,199.0,
nonstructural_noncomposite,400S125-33,33,12,7.5,L/360,174.0,
nonstructural_noncomposite,400S125-33,33,12,10,L/120,201.0,
nonstructural_noncomposite,400S125-33,33,12,10,L/240,181.0,
nonstructural_noncomposite,400S125-33,33,12,10,L/360,158.0,
nonstructural_noncomposite,400S125-33,33,16,5,L/120,246.0,
nonstructural_noncomposite,400S125-33,33,16,5,L/240,207.0,
nonstructural_noncomposite,400S125-33,33,16,5,L/360,181.0,
nonstructural_noncomposite,400S125-33,33,16,7.5,L/120,201.0,
nonstructural_noncomposite,400S125-33,33,16,7.5,L/240,181.0,
nonstructural_noncomposite,400S125-33,33,16,7.5,L/360,158.0,
nonstructural_noncomposite,400S125-33,33,16,10,L/120,174.0,
nonstructural_noncomposite,400S125-33,33,16,10,L/240,164.0,
nonstructural_noncomposite,400S125-33,33,16,10,L/360,144.0,
nonstructural_noncomposite,400S125-33,33,24,5,L/120,201.0,
nonstructural_noncomposite,400S125-33,33,24,5,L/240,181.0,
nonstructural_noncomposite,400S125-33,33,24,5,L/360,158.0,
nonstructural_noncomposite,400S125-33,33,24,7.5,L/120,164.0,
nonstructural_noncomposite,400S125-33,33,24,7.5,L/240,158.0,
nonstructural_noncomposite,400S125-33,33,24,7.5,L/360,138.0,
nonstructural_noncomposite,400S125-33,33,24,10,L/120,142.0,
nonstructural_noncomposite,400S125-33,33,24,10,L/240,142.0,
nonstructural_noncomposite,400S125-33,33,24,10,L/360,126.0,
nonstructural_noncomposite,400S125-43,33,12,5,L/120,313.0,
nonstructural_noncomposite,400S125-43,33,12,5,L/240,249.0,
nonstructural_noncomposite,400S125-43,33,12,5,L/360,217.0,
nonstructural_noncomposite,400S125-43,33,12,7.5,L/120,274.0,
nonstructural_noncomposite,400S125-43,33,12,7.5,L/240,217.0,
nonstructural_noncomposite,400S125-43,33,12,7.5,L/360,190.0,
nonstructural_noncomposite,400S125-43,33,12,10,L/120,244.0,
nonstructural_noncomposite,400S125-43,33,12,10,L/240,197.0,
nonstructural_noncomposite,400S125-43,33,12,10,L/360,172.0,
nonstructural_noncomposite,400S125-43,33,16,5,L/120,285.0,
nonstructural_noncomposite,400S125-43,33,16,5,L/240,226.0,
nonstructural_noncomposite,400S125-43,33,16,5,L/360,197.0,
nonstructural_noncomposite,400S125-43,33,16,7.5,L/120,244.0,
nonstructural_noncomposite,400S125-43,33,16,7.5,L/240,197.0,
nonstructural_noncomposite,400S125-43,33,16,7.5,L/360,172.0,
nonstructural_noncomposite,400S125-43,33,16,10,L/120,211.0,
nonstructural_noncomposite,400S125-43,33,16,10,L/240,179.0,
nonstructural_noncomposite,400S125-43,33,16,10,L/360,157.0,
nonstructural_noncomposite,400S125-43,33,24,5,L/120,244.0,
nonstructural_noncomposite,400S125-43,33,24,5,L/240,197.0,
nonstructural_noncomposite,400S125-43,33,24,5,L/360,172.0,
nonstructural_noncomposite,400S125-43,33,24,7.5,L/120,199.0,
nonstructural_noncomposite,400S125-43,33,24,7.5,L/240,172.0,
nonstructural_noncomposite,400S125-43,33,24,7.5,L/360,151.0,
nonstructural_noncomposite,400S125-43,33,24,10,L/120,173.0,
nonstructural_noncomposite,400S125-43,33,24,10,L/240,157.0,
nonstructural_noncomposite,400S125-43,33,24,10,L/360,137.0,
nonstructural_noncomposite,400S125-54,33,12,5,L/120,336.0,
nonstructural_noncomposite,400S125-54,33,12,5,L/240,267.0,
nonstructural_noncomposite,400S125-54,33,12,5,L/360,233.0,
nonstructural_noncomposite,400S125-54,33,12,7.5,L/120,293.0,
nonstructural_noncomposite,400S125-54,33,12,7.5,L/240,233.0,
nonstructural_noncomposite,400S125-54,33,12,7.5,L/360,203.0,
nonstructural_noncomposite,400S125-54,33,12,10,L/120,267.0,
nonstructural_noncomposite,400S125-54,33,12,10,L/240,212.0,
nonstructural_noncomposite,400S125-54,33,12,10,L/360,185.0,
nonstructural_noncomposite,400S125-54,33,16,5,L/120,305.0,
nonstructural_noncomposite,400S125-54,33,16,5,L/240,242.0,
nonstructural_noncomposite,400S125-54,33,16,5,L/360,212.0,
nonstructural_noncomposite,400S125-54,33,16,7.5,L/120,267.0,
nonstructural_noncomposite,400S125-54,33,16,7.5,L/240,212.0,
nonstructural_noncomposite,400S125-54,33,16,7.5,L/360,185.0,
nonstructural_noncomposite,400S125-54,33,16,10,L/120,238.0,
nonstructural_noncomposite,400S125-54,33,16,10,L/240,192.0,
nonstructural_noncomposite,400S125-54,33,16,10,L/360,168.0,
nonstructural_noncomposite,400S125-54,33,24,5,L/120,267.0,
nonstructural_noncomposite,400S125-54,33,24,5,L/240,212.0,
nonstructural_noncomposite,400S125-54,33,24,5,L/360,185.0,
nonstructural_noncomposite,400S125-54,33,24,7.5,L/120,225.0,
nonstructural_noncomposite,400S125-54,33,24,7.5,L/240,185.0,
nonstructural_noncomposite,400S125-54,33,24,7.5,L/360,161.0,
nonstructural_noncomposite,400S125-54,33,24,10,L/120,195.0,
nonstructural_noncomposite,400S125-54,33,24,10,L/240,168.0,
nonstructural_noncomposite,400S125-54,33,24,10,L/360,147.0,
nonstructural_noncomposite,550S125-18,33,12,5,L/120,203.0,
nonstructural_noncomposite,550S125-18,33,12,5,L/240,203.0,
nonstructural_noncomposite,550S125-18,33,12,5,L/360,201.0,
nonstructural_noncomposite,550S125-18,33,12,7.5,L/120,165.0,
nonstructural_noncomposite,550S125-18,33,12,7.5,L/240,165.0,
nonstructural_noncomposite,550S125-18,33,12,7.5,L/360,165.0,
nonstructural_noncomposite,550S125-18,33,12,10,L/120,143.0,
nonstructural_noncomposite,550S125-18,33,12,10,L/240,143.0,
nonstructural_noncomposite,550S125-18,33,12,10,L/360,143.0,
nonstructural_noncomposite,550S125-18,33,16,5,L/120,175.0,
nonstructural_noncomposite,550S125-18,33,16,5,L/240,175.0,
nonstructural_noncomposite,550S125-18,33,16,5,L/360,175.0,
nonstructural_noncomposite,550S125-18,33,16,7.5,L/120,143.0,
nonstructural_noncomposite,550S125-18,33,16,7.5,L/240,143.0,
nonstructural_noncomposite,550S125-18,33,16,7.5,L/360,143.0,
nonstructural_noncomposite,550S125-18,33,16,10,L/120,124.0,
nonstructural_noncomposite,550S125-18,33,16,10,L/240,124.0,
nonstructural_noncomposite,550S125-18,33,16,10,L/360,124.0,
nonstructural_noncomposite,550S125-18,33,24,5,L/120,143.0,
nonstructural_noncomposite,550S125-18,33,24,5,L/240,143.0,
nonstructural_noncomposite,550S125-18,33,24,5,L/360,143.0,
nonstructural_noncomposite,550S125-18,33,24,7.5,L/120,117.0,
nonstructural_noncomposite,550S125-18,33,24,7.5,L/240,117.0,
nonstructural_noncomposite,550S125-18,33,24,7.5,L/360,117.0,
nonstructural_noncomposite,550S125-18,33,24,10,L/120,101.0,
nonstructural_noncomposite,550S125-18,33,24,10,L/240,101.0,
nonstructural_noncomposite,550S125-18,33,24,10,L/360,101.0,
nonstructural_noncomposite,550S125-27,33,12,5,L/120,300.0,
nonstructural_noncomposite,550S125-27,33,12,5,L/240,273.0,
nonstructural_noncomposite,550S125-27,33,12,5,L/360,239.0,
nonstructural_noncomposite,550S125-27,33,12,7.5,L/120,245.0,
nonstructural_noncomposite,550S125-27,33,12,7.5,L/240,239.0,
nonstructural_noncomposite,550S125-27,33,12,7.5,L/360,209.0,
nonstructural_noncomposite,550S125-27,33,12,10,L/120,212.0,
nonstructural_noncomposite,550S125-27,33,12,10,L/240,212.0,
nonstructural_noncomposite,550S125-27,33,12,10,L/360,189.0,
nonstructural_noncomposite,550S125-27,33,16,5,L/120,260.0,
nonstructural_noncomposite,550S125-27,33,16,5,L/240,248.0,
nonstructural_noncomposite,550S125-27,33,16,5,L/360,217.0,
nonstructural_noncomposite,550S125-27,33,16,7.5,L/120,212.0,
nonstructural_noncomposite,550S125-27,33,16,7.5,L/240,212.0,
nonstructural_noncomposite,550S125-27,33,16,7.5,L/360,189.0,
nonstructural_noncomposite,550S125-27,33,16,10,L/120,184.0,
nonstructural_noncomposite,550S125-27,33,16,10,L/240,184.0,
nonstructural_noncomposite,550S125-27,33,16,10,L/360,172.0,
nonstructural_noncomposite,550S125-27,33,24,5,L/120,212.0,
nonstructural_noncomposite,550S125-27,33,24,5,L/240,212.0,
nonstructural_noncomposite,550S125-27,33,24,5,L/360,189.0,
nonstructural_noncomposite,550S125-27,33,24,7.5,L/120,173.0,
nonstructural_noncomposite,550S125-27,33,24,7.5,L/240,173.0,
nonstructural_noncomposite,550S125-27,33,24,7.5,L/360,165.0,
nonstructural_noncomposite,550S125-27,33,24,10,L/120,150.0,
nonstructural_noncomposite,550S125-27,33,24,10,L/240,150.0,
nonstructural_noncomposite,550S125-27,33,24,10,L/360,150.0,
nonstructural_noncomposite,550S125-30,33,12,5,L/120,323.0,
nonstructural_noncomposite,550S125-30,33,12,5,L/240,283.0,
nonstructural_noncomposite,550S125-30,33,12,5,L/360,247.0,
nonstructural_noncomposite,550S125-30,33,12,7.5,L/120,264.0,
nonstructural_noncomposite,550S125-30,33,12,7.5,L/240,247.0,
nonstructural_noncomposite,550S125-30,33,12,7.5,L/360,216.0,
nonstructural_noncomposite,550S125-30,33,12,10,L/120,228.0,
nonstructural_noncomposite,550S125-30,33,12,10,L/240,225.0,
nonstructural_noncomposite,550S125-30,33,12,10,L/360,196.0,
nonstructural_noncomposite,550S125-30,33,16,5,L/120,280.0,
nonstructural_noncomposite,550S125-30,33,16,5,L/240,257.0,
nonstructural_noncomposite,550S125-30,33,16,5,L/360,225.0,
nonstructural_noncomposite,550S125-30,33,16,7.5,L/120,228.0,
nonstructural_noncomposite,550S125-30,33,16,7.5,L/240,225.0,
nonstructural_noncomposite,550S125-30,33,16,7.5,L/360,196.0,
nonstructural_noncomposite,550S125-30,33,16,10,L/120,198.0,
nonstructural_noncomposite,550S125-30,33,16,10,L/240,198.0,
nonstructural_noncomposite,550S125-30,33,16,10,L/360,178.0,
nonstructural_noncomposite,550S125-30,33,24,5,L/120,228.0,
nonstructural_noncomposite,550S125-30,33,24,5,L/240,225.0,
nonstructural_noncomposite,550S125-30,33,24,5,L/360,196.0,
nonstructural_noncomposite,550S125-30,33,24,7.5,L/120,187.0,
nonstructural_noncomposite,550S125-30,33,24,7.5,L/240,187.0,
nonstructural_noncomposite,550S125-30,33,24,7.5,L/360,171.0,
nonstructural_noncomposite,550S125-30,33,24,10,L/120,162.0,
nonstructural_noncomposite,550S125-30,33,24,10,L/240,162.0,
nonstructural_noncomposite,550S125-30,33,24,10,L/360,156.0,
nonstructural_noncomposite,550S125-33,33,12,5,L/120,349.0,
nonstructural_noncomposite,550S125-33,33,12,5,L/240,293.0,
nonstructural_noncomposite,550S125-33,33,12,5,L/360,256.0,
nonstructural_noncomposite,550S125-33,33,12,7.5,L/120,285.0,
nonstructural_noncomposite,550S125-33,33,12,7.5,L/240,256.0,
nonstructural_noncomposite,550S125-33,33,12,7.5,L/360,224.0,
nonstructural_noncomposite,550S125-33,33,12,10,L/120,247.0,
nonstructural_noncomposite,550S125-33,33,12,10,L/240,233.0,
nonstructural_noncomposite,550S125-33,33,12,10,L/360,203.0,
nonstructural_noncomposite,550S125-33,33,16,5,L/120,302.0,
nonstructural_noncomposite,550S125-33,33,16,5,L/240,267.0,
nonstructural_noncomposite,550S125-33,33,16,5,L/360,233.0,
nonstructural_noncomposite,550S125-33,33,16,7.5,L/120,247.0,
nonstructural_noncomposite,550S125-33,33,16,7.5,L/240,233.0,
nonstructural_noncomposite,550S125-33,33,16,7.5,L/360,203.0,
nonstructural_noncomposite,550S125-33,33,16,10,L/120,214.0,
nonstructural_noncomposite,550S125-33,33,16,10,L/240,212.0,
nonstructural_noncomposite,550S125-33,33,16,10,L/360,185.0,
nonstructural_noncomposite,550S125-33,33,24,5,L/120,247.0,
nonstructural_noncomposite,550S125-33,33,24,5,L/240,233.0,
nonstructural_noncomposite,550S125-33,33,24,5,L/360,203.0,
nonstructural_noncomposite,550S125-33,33,24,7.5,L/120,202.0,
nonstructural_noncomposite,550S125-33,33,24,7.5,L/240,202.0,
nonstructural_noncomposite,550S125-33,33,24,7.5,L/360,178.0,
nonstructural_noncomposite,550S125-33,33,24,10,L/120,175.0,
nonstructural_noncomposite,550S125-33,33,24,10,L/240,175.0,
nonstructural_noncomposite,550S125-33,33,24,10,L/360,161.0,
nonstructural_noncomposite,550S125-43,33,12,5,L/120,404.0,
nonstructural_noncomposite,550S125-43,33,12,5,L/240,321.0,
nonstructural_noncomposite,550S125-43,33,12,5,L/360,280.0,
nonstructural_noncomposite,550S125-43,33,12,7.5,L/120,353.0,
nonstructural_noncomposite,550S125-43,33,12,7.5,L/240,280.0,
nonstructural_noncomposite,550S125-43,33,12,7.5,L/360,245.0,
nonstructural_noncomposite,550S125-43,33,12,10,L/120,305.0,
nonstructural_noncomposite,550S125-43,33,12,10,L/240,255.0,
nonstructural_noncomposite,550S125-43,33,12,10,L/360,223.0,
nonstructural_noncomposite,550S125-43,33,16,5,L/120,367.0,
nonstructural_noncomposite,550S125-43,33,16,5,L/240,292.0,
nonstructural_noncomposite,550S125-43,33,16,5,L/360,255.0,
nonstructural_noncomposite,550S125-43,33,16,7.5,L/120,305.0,
nonstructural_noncomposite,550S125-43,33,16,7.5,L/240,255.0,
nonstructural_noncomposite,550S125-43,33,16,7.5,L/360,223.0,
nonstructural_noncomposite,550S125-43,33,16,10,L/120,265.0,
nonstructural_noncomposite,550S125-43,33,16,10,L/240,231.0,
nonstructural_noncomposite,550S125-43,33,16,10,L/360,202.0,
nonstructural_noncomposite,550S125-43,33,24,5,L/120,305.0,
nonstructural_noncomposite,550S125-43,33,24,5,L/240,255.0,
nonstructural_noncomposite,550S125-43,33,24,5,L/360,223.0,
nonstructural_noncomposite,550S125-43,33,24,7.5,L/120,249.0,
nonstructural_noncomposite,550S125-43,33,24,7.5,L/240,223.0,
nonstructural_noncomposite,550S125-43,33,24,7.5,L/360,194.0,
nonstructural_noncomposite,550S125-43,33,24,10,L/120,216.0,
nonstructural_noncomposite,550S125-43,33,24,10,L/240,202.0,
nonstructural_noncomposite,550S125-43,33,24,10,L/360,177.0,
nonstructural_noncomposite,550S125-54,33,12,5,L/120,434.0,
nonstructural_noncomposite,550S125-54,33,12,5,L/240,345.0,
nonstructural_noncomposite,550S125-54,33,12,5,L/360,301.0,
nonstructural_noncomposite,550S125-54,33,12,7.5,L/120,379.0,
nonstructural_noncomposite,550S125-54,33,12,7.5,L/240,301.0,
nonstructural_noncomposite,550S125-54,33,12,7.5,L/360,263.0,
nonstructural_noncomposite,550S125-54,33,12,10,L/120,345.0,
nonstructural_noncomposite,550S125-54,33,12,10,L/240,273.0,
nonstructural_noncomposite,550S125-54,33,12,10,L/360,239.0,
nonstructural_noncomposite,550S125-54,33,16,5,L/120,394.0,
nonstructural_noncomposite,550S125-54,33,16,5,L/240,313.0,
nonstructural_noncomposite,550S125-54,33,16,5,L/360,273.0,
nonstructural_noncomposite,550S125-54,33,16,7.5,L/120,345.0,
nonstructural_noncomposite,550S125-54,33,16,7.5,L/240,273.0,
nonstructural_noncomposite,550S125-54,33,16,7.5,L/360,239.0,
nonstructural_noncomposite,550S125-54,33,16,10,L/120,302.0,
nonstructural_noncomposite,550S125-54,33,16,10,L/240,248.0,
nonstructural_noncomposite,550S125-54,33,16,10,L/360,217.0,
nonstructural_noncomposite,550S125-54,33,24,5,L/120,345.0,
nonstructural_noncomposite,550S125-54,33,24,5,L/240,273.0,
nonstructural_noncomposite,550S125-54,33,24,5,L/360,239.0,
nonstructural_noncomposite,550S125-54,33,24,7.5,L/120,285.0,
nonstructural_noncomposite,550S125-54,33,24,7.5,L/240,239.0,
nonstructural_noncomposite,550S125-54,33,24,7.5,L/360,209.0,
nonstructural_noncomposite,550S125-54,33,24,10,L/120,247.0,
nonstructural_noncomposite,550S125-54,33,24,10,L/240,217.0,
nonstructural_noncomposite,550S125-54,33,24,10,L/360,190.0,
nonstructural_noncomposite,600S125-18,33,12,5,L/120,212.0,
nonstructural_noncomposite,600S125-18,33,12,5,L/240,212.0,
nonstructural_noncomposite,600S125-18,33,12,5,L/360,212.0,
nonstructural_noncomposite,600S125-18,33,12,7.5,L/120,173.0,
nonstructural_noncomposite,600S125-18,33,12,7.5,L/240,173.0,
nonstructural_noncomposite,600S125-18,33,12,7.5,L/360,173.0,
nonstructural_noncomposite,600S125-18,33,12,10,L/120,150.0,
nonstructural_noncomposite,600S125-18,33,12,10,L/240,150.0,
nonstructural_noncomposite,600S125-18,33,12,10,L/360,150.0,
nonstructural_noncomposite,600S125-18,33,16,5,L/120,184.0,
nonstructural_noncomposite,600S125-18,33,16,5,L/240,184.0,
nonstructural_noncomposite,600S125-18,33,16,5,L/360,184.0,
nonstructural_noncomposite,600S125-18,33,16,7.5,L/120,150.0,
nonstructural_noncomposite,600S125-18,33,16,7.5,L/240,150.0,
nonstructural_noncomposite,600S125-18,33,16,7.5,L/360,150.0,
nonstructural_noncomposite,600S125-18,33,16,10,L/120,130.0,
nonstructural_noncomposite,600S125-18,33,16,10,L/240,130.0,
nonstructural_noncomposite,600S125-18,33,16,10,L/360,130.0,
nonstructural_noncomposite,600S125-18,33,24,5,L/120,150.0,
nonstructural_noncomposite,600S125-18,33,24,5,L/240,150.0,
nonstructural_noncomposite,600S125-18,33,24,5,L/360,150.0,
nonstructural_noncomposite,600S125-18,33,24,7.5,L/120,123.0,
nonstructural_noncomposite,600S125-18,33,24,7.5,L/240,123.0,
nonstructural_noncomposite,600S125-18,33,24,7.5,L/360,123.0,
nonstructural_noncomposite,600S125-18,33,24,10,L/120,98.0,
nonstructural_noncomposite,600S125-18,33,24,10,L/240,98.0,
nonstructural_noncomposite,600S125-18,33,24,10,L/360,98.0,
nonstructural_noncomposite,600S125-27,33,12,5,L/120,288.0,
nonstructural_noncomposite,600S125-27,33,12,5,L/240,288.0,
nonstructural_noncomposite,600S125-27,33,12,5,L/360,255.0,
nonstructural_noncomposite,600S125-27,33,12,7.5,L/120,235.0,
nonstructural_noncomposite,600S125-27,33,12,7.5,L/240,235.0,
nonstructural_noncomposite,600S125-27,33,12,7.5,L/360,223.0,
nonstructural_noncomposite,600S125-27,33,12,10,L/120,204.0,
nonstructural_noncomposite,600S125-27,33,12,10,L/240,204.0,
nonstructural_noncomposite,600S125-27,33,12,10,L/360,203.0,
nonstructural_noncomposite,600S125-27,33,16,5,L/120,250.0,
nonstructural_noncomposite,600S125-27,33,16,5,L/240,250.0,
nonstructural_noncomposite,600S125-27,33,16,5,L/360,232.0,
nonstructural_noncomposite,600S125-27,33,16,7.5,L/120,204.0,
nonstructural_noncomposite,600S125-27,33,16,7.5,L/240,204.0,
nonstructural_noncomposite,600S125-27,33,16,7.5,L/360,203.0,
nonstructural_noncomposite,600S125-27,33,16,10,L/120,176.0,
nonstructural_noncomposite,600S125-27,33,16,10,L/240,176.0,
nonstructural_noncomposite,600S125-27,33,16,10,L/360,176.0,
nonstructural_noncomposite,600S125-27,33,24,5,L/120,204.0,
nonstructural_noncomposite,600S125-27,33,24,5,L/240,204.0,
nonstructural_noncomposite,600S125-27,33,24,5,L/360,203.0,
nonstructural_noncomposite,600S125-27,33,24,7.5,L/120,166.0,
nonstructural_noncomposite,600S125-27,33,24,7.5,L/240,166.0,
nonstructural_noncomposite,600S125-27,33,24,7.5,L/360,166.0,
nonstructural_noncomposite,600S125-27,33,24,10,L/120,144.0,
nonstructural_noncomposite,600S125-27,33,24,10,L/240,144.0,
nonstructural_noncomposite,600S125-27,33,24,10,L/360,144.0,
nonstructural_noncomposite,600S125-30,33,12,5,L/120,339.0,
nonstructural_noncomposite,600S125-30,33,12,5,L/240,303.0,
nonstructural_noncomposite,600S125-30,33,12,5,L/360,264.0,
nonstructural_noncomposite,600S125-30,33,12,7.5,L/120,277.0,
nonstructural_noncomposite,600S125-30,33,12,7.5,L/240,264.0,
nonstructural_noncomposite,600S125-30,33,12,7.5,L/360,231.0,
nonstructural_noncomposite,600S125-30,33,12,10,L/120,240.0,
nonstructural_noncomposite,600S125-30,33,12,10,L/240,240.0,
nonstructural_noncomposite,600S125-30,33,12,10,L/360,210.0,
nonstructural_noncomposite,600S125-30,33,16,5,L/120,294.0,
nonstructural_noncomposite,600S125-30,33,16,5,L/240,275.0,
nonstructural_noncomposite,600S125-30,33,16,5,L/360,240.0,
nonstructural_noncomposite,600S125-30,33,16,7.5,L/120,240.0,
nonstructural_noncomposite,600S125-30,33,16,7.5,L/240,240.0,
nonstructural_noncomposite,600S125-30,33,16,7.5,L/360,210.0,
nonstructural_noncomposite,600S125-30,33,16,10,L/120,208.0,
nonstructural_noncomposite,600S125-30,33,16,10,L/240,208.0,
nonstructural_noncomposite,600S125-30,33,16,10,L/360,191.0,
nonstructural_noncomposite,600S125-30,33,24,5,L/120,240.0,
nonstructural_noncomposite,600S125-30,33,24,5,L/240,240.0,
nonstructural_noncomposite,600S125-30,33,24,5,L/360,210.0,
nonstructural_noncomposite,600S125-30,33,24,7.5,L/120,196.0,
nonstructural_noncomposite,600S125-30,33,24,7.5,L/240,196.0,
nonstructural_noncomposite,600S125-30,33,24,7.5,L/360,183.0,
nonstructural_noncomposite,600S125-30,33,24,10,L/120,170.0,
nonstructural_noncomposite,600S125-30,33,24,10,L/240,170.0,
nonstructural_noncomposite,600S125-30,33,24,10,L/360,166.0,
nonstructural_noncomposite,600S125-33,33,12,5,L/120,367.0,
nonstructural_noncomposite,600S125-33,33,12,5,L/240,314.0,
nonstructural_noncomposite,600S125-33,33,12,5,L/360,274.0,
nonstructural_noncomposite,600S125-33,33,12,7.5,L/120,300.0,
nonstructural_noncomposite,600S125-33,33,12,7.5,L/240,274.0,
nonstructural_noncomposite,600S125-33,33,12,7.5,L/360,240.0,
nonstructural_noncomposite,600S125-33,33,12,10,L/120,259.0,
nonstructural_noncomposite,600S125-33,33,12,10,L/240,249.0,
nonstructural_noncomposite,600S125-33,33,12,10,L/360,218.0,
nonstructural_noncomposite,600S125-33,33,16,5,L/120,318.0,
nonstructural_noncomposite,600S125-33,33,16,5,L/240,285.0,
nonstructural_noncomposite,600S125-33,33,16,5,L/360,249.0,
nonstructural_noncomposite,600S125-33,33,16,7.5,L/120,259.0,
nonstructural_noncomposite,600S125-33,33,16,7.5,L/240,249.0,
nonstructural_noncomposite,600S125-33,33,16,7.5,L/360,218.0,
nonstructural_noncomposite,600S125-33,33,16,10,L/120,225.0,
nonstructural_noncomposite,600S125-33,33,16,10,L/240,225.0,
nonstructural_noncomposite,600S125-33,33,16,10,L/360,198.0,
nonstructural_noncomposite,600S125-33,33,24,5,L/120,259.0,
nonstructural_noncomposite,600S125-33,33,24,5,L/240,249.0,
nonstructural_noncomposite,600S125-33,33,24,5,L/360,218.0,
nonstructural_noncomposite,600S125-33,33,24,7.5,L/120,212.0,
nonstructural_noncomposite,600S125-33,33,24,7.5,L/240,212.0,
nonstructural_noncomposite,600S125-33,33,24,7.5,L/360,190.0,
nonstructural_noncomposite,600S125-33,33,24,10,L/120,183.0,
nonstructural_noncomposite,600S125-33,33,24,10,L/240,183.0,
nonstructural_noncomposite,600S125-33,33,24,10,L/360,173.0,
nonstructural_noncomposite,600S125-43,33,12,5,L/120,434.0,
nonstructural_noncomposite,600S125-43,33,12,5,L/240,345.0,
nonstructural_noncomposite,600S125-43,33,12,5,L/360,301.0,
nonstructural_noncomposite,600S125-43,33,12,7.5,L/120,371.0,
nonstructural_noncomposite,600S125-43,33,12,7.5,L/240,301.0,
nonstructural_noncomposite,600S125-43,33,12,7.5,L/360,263.0,
nonstructural_noncomposite,600S125-43,33,12,10,L/120,321.0,
nonstructural_noncomposite,600S125-43,33,12,10,L/240,274.0,
nonstructural_noncomposite,600S125-43,33,12,10,L/360,239.0,
nonstructural_noncomposite,600S125-43,33,16,5,L/120,393.0,
nonstructural_noncomposite,600S125-43,33,16,5,L/240,313.0,
nonstructural_noncomposite,600S125-43,33,16,5,L/360,274.0,
nonstructural_noncomposite,600S125-43,33,16,7.5,L/120,321.0,
nonstructural_noncomposite,600S125-43,33,16,7.5,L/240,274.0,
nonstructural_noncomposite,600S125-43,33,16,7.5,L/360,239.0,
nonstructural_noncomposite,600S125-43,33,16,10,L/120,278.0,
nonstructural_noncomposite,600S125-43,33,16,10,L/240,249.0,
nonstructural_noncomposite,600S125-43,33,16,10,L/360,217.0,
nonstructural_noncomposite,600S125-43,33,24,5,L/120,321.0,
nonstructural_noncomposite,600S125-43,33,24,5,L/240,274.0,
nonstructural_noncomposite,600S125-43,33,24,5,L/360,239.0,
nonstructural_noncomposite,600S125-43,33,24,7.5,L/120,262.0,
nonstructural_noncomposite,600S125-43,33,24,7.5,L/240,239.0,
nonstructural_noncomposite,600S125-43,33,24,7.5,L/360,209.0,
nonstructural_noncomposite,600S125-43,33,24,10,L/120,227.0,
nonstructural_noncomposite,600S125-43,33,24,10,L/240,217.0,
nonstructural_noncomposite,600S125-43,33,24,10,L/360,190.0,
nonstructural_noncomposite,600S125-54,33,12,5,L/120,466.0,
nonstructural_noncomposite,600S125-54,33,12,5,L/240,370.0,
nonstructural_noncomposite,600S125-54,33,12,5,L/360,323.0,
nonstructural_noncomposite,600S125-54,33,12,7.5,L/120,407.0,
nonstructural_noncomposite,600S125-54,33,12,7.5,L/240,323.0,
nonstructural_noncomposite,600S125-54,33,12,7.5,L/360,282.0,
nonstructural_noncomposite,600S125-54,33,12,10,L/120,370.0,
nonstructural_noncomposite,600S125-54,33,12,10,L/240,294.0,
nonstructural_noncomposite,600S125-54,33,12,10,L/360,257.0,
nonstructural_noncomposite,600S125-54,33,16,5,L/120,424.0,
nonstructural_noncomposite,600S125-54,33,16,5,L/240,336.0,
nonstructural_noncomposite,600S125-54,33,16,5,L/360,294.0,
nonstructural_noncomposite,600S125-54,33,16,7.5,L/120,370.0,
nonstructural_noncomposite,600S125-54,33,16,7.5,L/240,294.0,
nonstructural_noncomposite,600S125-54,33,16,7.5,L/360,257.0,
nonstructural_noncomposite,600S125-54,33,16,10,L/120,320.0,
nonstructural_noncomposite,600S125-54,33,16,10,L/240,267.0,
nonstructural_noncomposite,600S125-54,33,16,10,L/360,233.0,
nonstructural_noncomposite,600S125-54,33,24,5,L/120,370.0,
nonstructural_noncomposite,600S125-54,33,24,5,L/240,294.0,
nonstructural_noncomposite,600S125-54,33,24,5,L/360,257.0,
nonstructural_noncomposite,600S125-54,33,24,7.5,L/120,302.0,
nonstructural_noncomposite,600S125-54,33,24,7.5,L/240,257.0,
nonstructural_noncomposite,600S125-54,33,24,7.5,L/360,224.0,
nonstructural_noncomposite,600S125-54,33,24,10,L/120,261.0,
nonstructural_noncomposite,600S125-54,33,24,10,L/240,233.0,
nonstructural_noncomposite,600S125-54,33,24,10,L/360,204.0,
nonstructural_noncomposite,800S125-33,33,12,5,L/120,395.0,
nonstructural_noncomposite,800S125-33,33,12,5,L/240,392.0,
nonstructural_noncomposite,800S125-33,33,12,5,L/360,343.0,
nonstructural_noncomposite,800S125-33,33,12,7.5,L/120,322.0,
nonstructural_noncomposite,800S125-33,33,12,7.5,L/240,322.0,
nonstructural_noncomposite,800S125-33,33,12,7.5,L/360,299.0,
nonstructural_noncomposite,800S125-33,33,12,10,L/120,279.0,
nonstructural_noncomposite,800S125-33,33,12,10,L/240,279.0,
nonstructural_noncomposite,800S125-33,33,12,10,L/360,272.0,
nonstructural_noncomposite,800S125-33,33,16,5,L/120,342.0,
nonstructural_noncomposite,800S125-33,33,16,5,L/240,342.0,
nonstructural_noncomposite,800S125-33,33,16,5,L/360,311.0,
nonstructural_noncomposite,800S125-33,33,16,7.5,L/120,279.0,
nonstructural_noncomposite,800S125-33,33,16,7.5,L/240,279.0,
nonstructural_noncomposite,800S125-33,33,16,7.5,L/360,272.0,
nonstructural_noncomposite,800S125-33,33,16,10,L/120,242.0,
nonstructural_noncomposite,800S125-33,33,16,10,L/240,242.0,
nonstructural_noncomposite,800S125-33,33,16,10,L/360,242.0,
nonstructural_noncomposite,800S125-33,33,24,5,L/120,279.0,
nonstructural_noncomposite,800S125-33,33,24,5,L/240,279.0,
nonstructural_noncomposite,800S125-33,33,24,5,L/360,272.0,
nonstructural_noncomposite,800S125-33,33,24,7.5,L/120,228.0,
nonstructural_noncomposite,800S125-33,33,24,7.5,L/240,228.0,
nonstructural_noncomposite,800S125-33,33,24,7.5,L/360,228.0,
nonstructural_noncomposite,800S125-33,33,24,10,L/120,197.0,
nonstructural_noncomposite,800S125-33,33,24,10,L/240,197.0,
nonstructural_noncomposite,800S125-33,33,24,10,L/360,197.0,
nonstructural_noncomposite,800S125-43,33,12,5,L/120,533.0,
nonstructural_noncomposite,800S125-43,33,12,5,L/240,434.0,
nonstructural_noncomposite,800S125-43,33,12,5,L/360,379.0,
nonstructural_noncomposite,800S125-43,33,12,7.5,L/120,436.0,
nonstructural_noncomposite,800S125-43,33,12,7.5,L/240,379.0,
nonstructural_noncomposite,800S125-43,33,12,7.5,L/360,331.0,
nonstructural_noncomposite,800S125-43,33,12,10,L/120,377.0,
nonstructural_noncomposite,800S125-43,33,12,10,L/240,344.0,
nonstructural_noncomposite,800S125-43,33,12,10,L/360,301.0,
nonstructural_noncomposite,800S125-43,33,16,5,L/120,462.0,
nonstructural_noncomposite,800S125-43,33,16,5,L/240,394.0,
nonstructural_noncomposite,800S125-43,33,16,5,L/360,344.0,
nonstructural_noncomposite,800S125-43,33,16,7.5,L/120,377.0,
nonstructural_noncomposite,800S125-43,33,16,7.5,L/240,344.0,
nonstructural_noncomposite,800S125-43,33,16,7.5,L/360,301.0,
nonstructural_noncomposite,800S125-43,33,16,10,L/120,327.0,
nonstructural_noncomposite,800S125-43,33,16,10,L/240,313.0,
nonstructural_noncomposite,800S125-43,33,16,10,L/360,273.0,
nonstructural_noncomposite,800S125-43,33,24,5,L/120,377.0,
nonstructural_noncomposite,800S125-43,33,24,5,L/240,344.0,
nonstructural_noncomposite,800S125-43,33,24,5,L/360,301.0,
nonstructural_noncomposite,800S125-43,33,24,7.5,L/120,308.0,
nonstructural_noncomposite,800S125-43,33,24,7.5,L/240,301.0,
nonstructural_noncomposite,800S125-43,33,24,7.5,L/360,263.0,
nonstructural_noncomposite,800S125-43,33,24,10,L/120,267.0,
nonstructural_noncomposite,800S125-43,33,24,10,L/240,267.0,
nonstructural_noncomposite,800S125-43,33,24,10,L/360,239.0,
nonstructural_noncomposite,800S125-54,33,12,5,L/120,592.0,
nonstructural_noncomposite,800S125-54,33,12,5,L/240,470.0,
nonstructural_noncomposite,800S125-54,33,12,5,L/360,410.0,
nonstructural_noncomposite,800S125-54,33,12,7.5,L/120,507.0,
nonstructural_noncomposite,800S125-54,33,12,7.5,L/240,410.0,
nonstructural_noncomposite,800S125-54,33,12,7.5,L/360,358.0,
nonstructural_noncomposite,800S125-54,33,12,10,L/120,439.0,
nonstructural_noncomposite,800S125-54,33,12,10,L/240,373.0,
nonstructural_noncomposite,800S125-54,33,12,10,L/360,326.0,
nonstructural_noncomposite,800S125-54,33,16,5,L/120,538.0,
nonstructural_noncomposite,800S125-54,33,16,5,L/240,427.0,
nonstructural_noncomposite,800S125-54,33,16,5,L/360,373.0,
nonstructural_noncomposite,800S125-54,33,16,7.5,L/120,439.0,
nonstructural_noncomposite,800S125-54,33,16,7.5,L/240,373.0,
nonstructural_noncomposite,800S125-54,33,16,7.5,L/360,326.0,
nonstructural_noncomposite,800S125-54,33,16,10,L/120,381.0,
nonstructural_noncomposite,800S125-54,33,16,10,L/240,339.0,
nonstructural_noncomposite,800S125-54,33,16,10,L/360,296.0,
nonstructural_noncomposite,800S125-54,33,24,5,L/120,439.0,
nonstructural_noncomposite,800S125-54,33,24,5,L/240,373.0,
nonstructural_noncomposite,800S125-54,33,24,5,L/360,326.0,
nonstructural_noncomposite,800S125-54,33,24,7.5,L/120,359.0,
nonstructural_noncomposite,800S125-54,33,24,7.5,L/240,326.0,
nonstructural_noncomposite,800S125-54,33,24,7.5,L/360,284.0,
nonstructural_noncomposite,800S125-54,33,24,10,L/120,311.0,
nonstructural_noncomposite,800S125-54,33,24,10,L/240,296.0,
nonstructural_noncomposite,800S125-54,33,24,10,L/360,258.0,
curtainwall_single,250S137-33,33,12,5,L/120,210.0,
curtainwall_single,250S137-33,33,12,5,L/240,166.0,
curtainwall_single,250S137-33,33,12,5,L/360,145.0,
curtainwall_single,250S137-33,33,12,15,L/240,130.0,
curtainwall_single,250S137-33,33,12,15,L/360,113.0,
curtainwall_single,250S137-33,33,12,15,L/600,96.0,
curtainwall_single,250S137-33,33,12,20,L/240,118.0,
curtainwall_single,250S137-33,33,12,20,L/360,103.0,
curtainwall_single,250S137-33,33,12,20,L/600,87.0,
curtainwall_single,250S137-33,33,12,25,L/240,109.0,
curtainwall_single,250S137-33,33,12,25,L/360,96.0,
curtainwall_single,250S137-33,33,12,25,L/600,81.0,
curtainwall_single,250S137-33,33,12,30,L/240,99.0,
curtainwall_single,250S137-33,33,12,30,L/360,90.0,
curtainwall_single,250S137-33,33,12,30,L/600,76.0,
curtainwall_single,250S137-33,33,12,35,L/240,92.0,
curtainwall_single,250S137-33,33,12,35,L/360,86.0,
curtainwall_single,250S137-33,33,12,35,L/600,72.0,
curtainwall_single,250S137-33,33,12,40,L/240,86.0,e
curtainwall_single,250S137-33,33,12,40,L/360,82.0,
curtainwall_single,250S137-33,33,12,40,L/600,69.0,
curtainwall_single,250S137-33,33,16,5,L/120,190.0,
curtainwall_single,250S137-33,33,16,5,L/240,151.0,
curtainwall_single,250S137-33,33,16,5,L/360,132.0,
curtainwall_single,250S137-33,33,16,15,L/240,118.0,
curtainwall_single,250S137-33,33,16,15,L/360,103.0,
curtainwall_single,250S137-33,33,16,15,L/600,87.0,
curtainwall_single,250S137-33,33,16,20,L/240,106.0,
curtainwall_single,250S137-33,33,16,20,L/360,94.0,
curtainwall_single,250S137-33,33,16,20,L/600,79.0,
curtainwall_single,250S137-33,33,16,25,L/240,94.0,
curtainwall_single,250S137-33,33,16,25,L/360,87.0,
curtainwall_single,250S137-33,33,16,25,L/600,73.0,
curtainwall_single,250S137-33,33,16,30,L/240,86.0,e
curtainwall_single,250S137-33,33,16,30,L/360,82.0,
curtainwall_single,250S137-33,33,16,30,L/600,69.0,
curtainwall_single,250S137-33,33,16,35,L/240,80.0,e
curtainwall_single,250S137-33,33,16,35,L/360,78.0,e
curtainwall_single,250S137-33,33,16,35,L/600,66.0,
curtainwall_single,250S137-33,33,16,40,L/240,75.0,e
curtainwall_single,250S137-33,33,16,40,L/360,74.0,e
curtainwall_single,250S137-33,33,16,40,L/600,63.0,
curtainwall_single,250S137-33,33,24,5,L/120,166.0,
curtainwall_single,250S137-33,33,24,5,L/240,132.0,
curtainwall_single,250S137-33,33,24,5,L/360,115.0,
curtainwall_single,250S137-33,33,24,15,L/240,99.0,
curtainwall_single,250S137-33,33,24,15,L/360,90.0,
curtainwall_single,250S137-33,33,24,15,L/600,76.0,
curtainwall_single,250S137-33,33,24,20,L/240,86.0,e
curtainwall_single,250S137-33,33,24,20,L/360,82.0,
curtainwall_single,250S137-33,33,24,20,L/600,69.0,
curtainwall_single,250S137-33,33,24,25,L/240,77.0,e
curtainwall_single,250S137-33,33,24,25,L/360,76.0,e
curtainwall_single,250S137-33,33,24,25,L/600,64.0,
curtainwall_single,250S137-33,33,24,30,L/240,70.0,e
curtainwall_single,250S137-33,33,24,30,L/360,70.0,e
curtainwall_single,250S137-33,33,24,30,L/600,60.0,e
curtainwall_single,250S137-33,33,24,35,L/240,65.0,e
curtainwall_single,250S137-33,33,24,35,L/360,65.0,e
curtainwall_single,250S137-33,33,24,35,L/600,57.0,e
curtainwall_single,250S137-33,33,24,40,L/240,61.0,e
curtainwall_single,250S137-33,33,24,40,L/360,61.0,e
curtainwall_single,250S137-33,33,24,40,L/600,55.0,e
curtainwall_single,250S137-43,33,12,5,L/120,228.0,
curtainwall_single,250S137-43,33,12,5,L/240,181.0,
curtainwall_single,250S137-43,33,12,5,L/360,158.0,
curtainwall_single,250S137-43,33,12,15,L/240,141.0,
curtainwall_single,250S137-43,33,12,15,L/360,123.0,
curtainwall_single,250S137-43,33,12,15,L/600,104.0,
curtainwall_single,250S137-43,33,12,20,L/240,128.0,
curtainwall_single,250S137-43,33,12,20,L/360,112.0,
curtainwall_single,250S137-43,33,12,20,L/600,94.0,
curtainwall_single,250S137-43,33,12,25,L/240,119.0,
curtainwall_single,250S137-43,33,12,25,L/360,104.0,
curtainwall_single,250S137-43,33,12,25,L/600,88.0,
curtainwall_single,250S137-43,33,12,30,L/240,112.0,
curtainwall_single,250S137-43,33,12,30,L/360,98.0,
curtainwall_single,250S137-43,33,12,30,L/600,83.0,
curtainwall_single,250S137-43,33,12,35,L/240,106.0,
curtainwall_single,250S137-43,33,12,35,L/360,93.0,
curtainwall_single,250S137-43,33,12,35,L/600,78.0,
curtainwall_single,250S137-43,33,12,40,L/240,101.0,
curtainwall_single,250S137-43,33,12,40,L/360,89.0,
curtainwall_single,250S137-43,33,12,40,L/600,75.0,
curtainwall_single,250S137-43,33,16,5,L/120,207.0,
curtainwall_single,250S137-43,33,16,5,L/240,164.0,
curtainwall_single,250S137-43,33,16,5,L/360,143.0,
curtainwall_single,250S137-43,33,16,15,L/240,128.0,
curtainwall_single,250S137-43,33,16,15,L/360,112.0,
curtainwall_single,250S137-43,33,16,15,L/600,94.0,
curtainwall_single,250S137-43,33,16,20,L/240,117.0,
curtainwall_single,250S137-43,33,16,20,L/360,102.0,
curtainwall_single,250S137-43,33,16,20,L/600,86.0,
curtainwall_single,250S137-43,33,16,25,L/240,108.0,
curtainwall_single,250S137-43,33,16,25,L/360,94.0,
curtainwall_single,250S137-43,33,16,25,L/600,80.0,
curtainwall_single,250S137-43,33,16,30,L/240,101.0,
curtainwall_single,250S137-43,33,16,30,L/360,89.0,
curtainwall_single,250S137-43,33,16,30,L/600,75.0,
curtainwall_single,250S137-43,33,16,35,L/240,94.0,
curtainwall_single,250S137-43,33,16,35,L/360,84.0,
curtainwall_single,250S137-43,33,16,35,L/600,71.0,
curtainwall_single,250S137-43,33,16,40,L/240,87.0,
curtainwall_single,250S137-43,33,16,40,L/360,81.0,
curtainwall_single,250S137-43,33,16,40,L/600,68.0,
curtainwall_single,250S137-43,33,24,5,L/120,181.0,
curtainwall_single,250S137-43,33,24,5,L/240,143.0,
curtainwall_single,250S137-43,33,24,5,L/360,125.0,
curtainwall_single,250S137-43,33,24,15,L/240,112.0,
curtainwall_single,250S137-43,33,24,15,L/360,98.0,
curtainwall_single,250S137-43,33,24,15,L/600,83.0,
curtainwall_single,250S137-43,33,24,20,L/240,101.0,
curtainwall_single,250S137-43,33,24,20,L/360,89.0,
curtainwall_single,250S137-43,33,24,20,L/600,75.0,
curtainwall_single,250S137-43,33,24,25,L/240,90.0,
curtainwall_single,250S137-43,33,24,25,L/360,83.0,
curtainwall_single,250S137-43,33,24,25,L/600,70.0,
curtainwall_single,250S137-43,33,24,30,L/240,82.0,
curtainwall_single,250S137-43,33,24,30,L/360,78.0,
curtainwall_single,250S137-43,33,24,30,L/600,66.0,
curtainwall_single,250S137-43,33,24,35,L/240,76.0,
curtainwall_single,250S137-43,33,24,35,L/360,74.0,
curtainwall_single,250S137-43,33,24,35,L/600,62.0,
curtainwall_single,250S137-43,33,24,40,L/240,71.0,
curtainwall_single,250S137-43,33,24,40,L/360,71.0,
curtainwall_single,250S137-43,33,24,40,L/600,60.0,
curtainwall_single,250S137-54,33,12,5,L/120,243.0,
curtainwall_single,250S137-54,33,12,5,L/240,193.0,
curtainwall_single,250S137-54,33,12,5,L/360,169.0,
curtainwall_single,250S137-54,33,12,15,L/240,151.0,
curtainwall_single,250S137-54,33,12,15,L/360,132.0,
curtainwall_single,250S137-54,33,12,15,L/600,111.0,
curtainwall_single,250S137-54,33,12,20,L/240,137.0,
curtainwall_single,250S137-54,33,12,20,L/360,120.0,
curtainwall_single,250S137-54,33,12,20,L/600,101.0,
curtainwall_single,250S137-54,33,12,25,L/240,127.0,
curtainwall_single,250S137-54,33,12,25,L/360,111.0,
curtainwall_single,250S137-54,33,12,25,L/600,94.0,
curtainwall_single,250S137-54,33,12,30,L/240,120.0,
curtainwall_single,250S137-54,33,12,30,L/360,105.0,
curtainwall_single,250S137-54,33,12,30,L/600,88.0,
curtainwall_single,250S137-54,33,12,35,L/240,114.0,
curtainwall_single,250S137-54,33,12,35,L/360,99.0,
curtainwall_single,250S137-54,33,12,35,L/600,84.0,
curtainwall_single,250S137-54,33,12,40,L/240,109.0,
curtainwall_single,250S137-54,33,12,40,L/360,95.0,
curtainwall_single,250S137-54,33,12,40,L/600,80.0,
curtainwall_single,250S137-54,33,16,5,L/120,221.0,
curtainwall_single,250S137-54,33,16,5,L/240,176.0,
curtainwall_single,250S137-54,33,16,5,L/360,153.0,
curtainwall_single,250S137-54,33,16,15,L/240,137.0,
curtainwall_single,250S137-54,33,16,15,L/360,120.0,
curtainwall_single,250S137-54,33,16,15,L/600,101.0,
curtainwall_single,250S137-54,33,16,20,L/240,125.0,
curtainwall_single,250S137-54,33,16,20,L/360,109.0,
curtainwall_single,250S137-54,33,16,20,L/600,92.0,
curtainwall_single,250S137-54,33,16,25,L/240,116.0,
curtainwall_single,250S137-54,33,16,25,L/360,101.0,
curtainwall_single,250S137-54,33,16,25,L/600,85.0,
curtainwall_single,250S137-54,33,16,30,L/240,109.0,
curtainwall_single,250S137-54,33,16,30,L/360,95.0,
curtainwall_single,250S137-54,33,16,30,L/600,80.0,
curtainwall_single,250S137-54,33,16,35,L/240,103.0,
curtainwall_single,250S137-54,33,16,35,L/360,90.0,
curtainwall_single,250S137-54,33,16,35,L/600,76.0,
curtainwall_single,250S137-54,33,16,40,L/240,99.0,
curtainwall_single,250S137-54,33,16,40,L/360,86.0,
curtainwall_single,250S137-54,33,16,40,L/600,73.0,
curtainwall_single,250S137-54,33,24,5,L/120,193.0,
curtainwall_single,250S137-54,33,24,5,L/240,153.0,
curtainwall_single,250S137-54,33,24,5,L/360,134.0,
curtainwall_single,250S137-54,33,24,15,L/240,120.0,
curtainwall_single,250S137-54,33,24,15,L/360,105.0,
curtainwall_single,250S137-54,33,24,15,L/600,88.0,
curtainwall_single,250S137-54,33,24,20,L/240,109.0,
curtainwall_single,250S137-54,33,24,20,L/360,95.0,
curtainwall_single,250S137-54,33,24,20,L/600,80.0,
curtainwall_single,250S137-54,33,24,25,L/240,101.0,
curtainwall_single,250S137-54,33,24,25,L/360,88.0,
curtainwall_single,250S137-54,33,24,25,L/600,74.0,
curtainwall_single,250S137-54,33,24,30,L/240,95.0,
curtainwall_single,250S137-54,33,24,30,L/360,83.0,
curtainwall_single,250S137-54,33,24,30,L/600,70.0,
curtainwall_single,250S137-54,33,24,35,L/240,89.0,
curtainwall_single,250S137-54,33,24,35,L/360,79.0,
curtainwall_single,250S137-54,33,24,35,L/600,67.0,
curtainwall_single,250S137-54,33,24,40,L/240,83.0,
curtainwall_single,250S137-54,33,24,40,L/360,75.0,
curtainwall_single,250S137-54,33,24,40,L/600,64.0,
curtainwall_single,250S137-54,50,12,5,L/120,243.0,
curtainwall_single,250S137-54,50,12,5,L/240,193.0,
curtainwall_single,250S137-54,50,12,5,L/360,169.0,
curtainwall_single,250S137-54,50,12,15,L/240,151.0,
curtainwall_single,250S137-54,50,12,15,L/360,132.0,
curtainwall_single,250S137-54,50,12,15,L/600,111.0,
curtainwall_single,250S137-54,50,12,20,L/240,137.0,
curtainwall_single,250S137-54,50,12,20,L/360,120.0,
curtainwall_single,250S137-54,50,12,20,L/600,101.0,
curtainwall_single,250S137-54,50,12,25,L/240,127.0,
curtainwall_single,250S137-54,50,12,25,L/360,111.0,
curtainwall_single,250S137-54,50,12,25,L/600,94.0,
curtainwall_single,250S137-54,50,12,30,L/240,120.0,
curtainwall_single,250S137-54,50,12,30,L/360,105.0,
curtainwall_single,250S137-54,50,12,30,L/600,88.0,
curtainwall_single,250S137-54,50,12,35,L/240,114.0,
curtainwall_single,250S137-54,50,12,35,L/360,99.0,
curtainwall_single,250S137-54,50,12,35,L/600,84.0,
curtainwall_single,250S137-54,50,12,40,L/240,109.0,
curtainwall_single,250S137-54,50,12,40,L/360,95.0,
curtainwall_single,250S137-54,50,12,40,L/600,80.0,
curtainwall_single,250S137-54,50,16,5,L/120,221.0,
curtainwall_single,250S137-54,50,16,5,L/240,176.0,
curtainwall_single,250S137-54,50,16,5,L/360,153.0,
curtainwall_single,250S137-54,50,16,15,L/240,137.0,
curtainwall_single,250S137-54,50,16,15,L/360,120.0,
curtainwall_single,250S137-54,50,16,15,L/600,101.0,
curtainwall_single,250S137-54,50,16,20,L/240,125.0,
curtainwall_single,250S137-54,50,16,20,L/360,109.0,
curtainwall_single,250S137-54,50,16,20,L/600,92.0,
curtainwall_single,250S137-54,50,16,25,L/240,116.0,
curtainwall_single,250S137-54,50,16,25,L/360,101.0,
curtainwall_single,250S137-54,50,16,25,L/600,85.0,
curtainwall_single,250S137-54,50,16,30,L/240,109.0,
curtainwall_single,250S137-54,50,16,30,L/360,95.0,
curtainwall_single,250S137-54,50,16,30,L/600,80.0,
curtainwall_single,250S137-54,50,16,35,L/240,103.0,
curtainwall_single,250S137-54,50,16,35,L/360,90.0,
curtainwall_single,250S137-54,50,16,35,L/600,76.0,
curtainwall_single,250S137-54,50,16,40,L/240,99.0,
curtainwall_single,250S137-54,50,16,40,L/360,86.0,
curtainwall_single,250S137-54,50,16,40,L/600,73.0,
curtainwall_single,250S137-54,50,24,5,L/120,193.0,
curtainwall_single,250S137-54,50,24,5,L/240,153.0,
curtainwall_single,250S137-54,50,24,5,L/360,134.0,
curtainwall_single,250S137-54,50,24,15,L/240,120.0,
curtainwall_single,250S137-54,50,24,15,L/360,105.0,
curtainwall_single,250S137-54,50,24,15,L/600,88.0,
curtainwall_single,250S137-54,50,24,20,L/240,109.0,
curtainwall_single,250S137-54,50,24,20,L/360,95.0,
curtainwall_single,250S137-54,50,24,20,L/600,80.0,
curtainwall_single,250S137-54,50,24,25,L/240,101.0,
curtainwall_single,250S137-54,50,24,25,L/360,88.0,
curtainwall_single,250S137-54,50,24,25,L/600,74.0,
curtainwall_single,250S137-54,50,24,30,L/240,95.0,
curtainwall_single,250S137-54,50,24,30,L/360,83.0,
curtainwall_single,250S137-54,50,24,30,L/600,70.0,
curtainwall_single,250S137-54,50,24,35,L/240,90.0,
curtainwall_single,250S137-54,50,24,35,L/360,79.0,
curtainwall_single,250S137-54,50,24,35,L/600,67.0,
curtainwall_single,250S137-54,50,24,40,L/240,86.0,
curtainwall_single,250S137-54,50,24,40,L/360,75.0,
curtainwall_single,250S137-54,50,24,40,L/600,64.0,
curtainwall_single,250S137-68,50,12,5,L/120,260.0,
curtainwall_single,250S137-68,50,12,5,L/240,206.0,
curtainwall_single,250S137-68,50,12,5,L/360,180.0,
curtainwall_single,250S137-68,50,12,15,L/240,161.0,
curtainwall_single,250S137-68,50,12,15,L/360,141.0,
curtainwall_single,250S137-68,50,12,15,L/600,119.0,
curtainwall_single,250S137-68,50,12,20,L/240,146.0,
curtainwall_single,250S137-68,50,12,20,L/360,128.0,
curtainwall_single,250S137-68,50,12,20,L/600,108.0,
curtainwall_single,250S137-68,50,12,25,L/240,136.0,
curtainwall_single,250S137-68,50,12,25,L/360,119.0,
curtainwall_single,250S137-68,50,12,25,L/600,100.0,
curtainwall_single,250S137-68,50,12,30,L/240,128.0,
curtainwall_single,250S137-68,50,12,30,L/360,112.0,
curtainwall_single,250S137-68,50,12,30,L/600,94.0,
curtainwall_single,250S137-68,50,12,35,L/240,121.0,
curtainwall_single,250S137-68,50,12,35,L/360,106.0,
curtainwall_single,250S137-68,50,12,35,L/600,89.0,
curtainwall_single,250S137-68,50,12,40,L/240,116.0,
curtainwall_single,250S137-68,50,12,40,L/360,101.0,
curtainwall_single,250S137-68,50,12,40,L/600,85.0,
curtainwall_single,250S137-68,50,16,5,L/120,236.0,
curtainwall_single,250S137-68,50,16,5,L/240,187.0,
curtainwall_single,250S137-68,50,16,5,L/360,164.0,
curtainwall_single,250S137-68,50,16,15,L/240,146.0,
curtainwall_single,250S137-68,50,16,15,L/360,128.0,
curtainwall_single,250S137-68,50,16,15,L/600,108.0,
curtainwall_single,250S137-68,50,16,20,L/240,133.0,
curtainwall_single,250S137-68,50,16,20,L/360,116.0,
curtainwall_single,250S137-68,50,16,20,L/600,98.0,
curtainwall_single,250S137-68,50,16,25,L/240,123.0,
curtainwall_single,250S137-68,50,16,25,L/360,108.0,
curtainwall_single,250S137-68,50,16,25,L/600,91.0,
curtainwall_single,250S137-68,50,16,30,L/240,116.0,
curtainwall_single,250S137-68,50,16,30,L/360,101.0,
curtainwall_single,250S137-68,50,16,30,L/600,85.0,
curtainwall_single,250S137-68,50,16,35,L/240,110.0,
curtainwall_single,250S137-68,50,16,35,L/360,96.0,
curtainwall_single,250S137-68,50,16,35,L/600,81.0,
curtainwall_single,250S137-68,50,16,40,L/240,105.0,
curtainwall_single,250S137-68,50,16,40,L/360,92.0,
curtainwall_single,250S137-68,50,16,40,L/600,78.0,
curtainwall_single,250S137-68,50,24,5,L/120,206.0,
curtainwall_single,250S137-68,50,24,5,L/240,164.0,
curtainwall_single,250S137-68,50,24,5,L/360,143.0,
curtainwall_single,250S137-68,50,24,15,L/240,128.0,
curtainwall_single,250S137-68,50,24,15,L/360,112.0,
curtainwall_single,250S137-68,50,24,15,L/600,94.0,
curtainwall_single,250S137-68,50,24,20,L/240,116.0,
curtainwall_single,250S137-68,50,24,20,L/360,101.0,
curtainwall_single,250S137-68,50,24,20,L/600,85.0,
curtainwall_single,250S137-68,50,24,25,L/240,108.0,
curtainwall_single,250S137-68,50,24,25,L/360,94.0,
curtainwall_single,250S137-68,50,24,25,L/600,79.0,
curtainwall_single,250S137-68,50,24,30,L/240,101.0,
curtainwall_single,250S137-68,50,24,30,L/360,89.0,
curtainwall_single,250S137-68,50,24,30,L/600,75.0,
curtainwall_single,250S137-68,50,24,35,L/240,96.0,
curtainwall_single,250S137-68,50,24,35,L/360,84.0,
curtainwall_single,250S137-68,50,24,35,L/600,71.0,
curtainwall_single,250S137-68,50,24,40,L/240,92.0,
curtainwall_single,250S137-68,50,24,40,L/360,80.0,
curtainwall_single,250S137-68,50,24,40,L/600,68.0,
curtainwall_single,250S162-33,33,12,5,L/120,220.0,
curtainwall_single,250S162-33,33,12,5,L/240,175.0,
curtainwall_single,250S162-33,33,12,5,L/360,153.0,
curtainwall_single,250S162-33,33,12,15,L/240,136.0,
curtainwall_single,250S162-33,33,12,15,L/360,119.0,
curtainwall_single,250S162-33,33,12,15,L/600,101.0,
curtainwall_single,250S162-33,33,12,20,L/240,124.0,
curtainwall_single,250S162-33,33,12,20,L/360,108.0,
curtainwall_single,250S162-33,33,12,20,L/600,91.0,
curtainwall_single,250S162-33,33,12,25,L/240,115.0,
curtainwall_single,250S162-33,33,12,25,L/360,101.0,
curtainwall_single,250S162-33,33,12,25,L/600,85.0,
curtainwall_single,250S162-33,33,12,30,L/240,106.0,
curtainwall_single,250S162-33,33,12,30,L/360,95.0,
curtainwall_single,250S162-33,33,12,30,L/600,80.0,
curtainwall_single,250S162-33,33,12,35,L/240,99.0,
curtainwall_single,250S162-33,33,12,35,L/360,90.0,
curtainwall_single,250S162-33,33,12,35,L/600,76.0,
curtainwall_single,250S162-33,33,12,40,L/240,92.0,e
curtainwall_single,250S162-33,33,12,40,L/360,86.0,
curtainwall_single,250S162-33,33,12,40,L/600,72.0,
curtainwall_single,250S162-33,33,16,5,L/120,200.0,
curtainwall_single,250S162-33,33,16,5,L/240,159.0,
curtainwall_single,250S162-33,33,16,5,L/360,139.0,
curtainwall_single,250S162-33,33,16,15,L/240,124.0,
curtainwall_single,250S162-33,33,16,15,L/360,108.0,
curtainwall_single,250S162-33,33,16,15,L/600,91.0,
curtainwall_single,250S162-33,33,16,20,L/240,113.0,
curtainwall_single,250S162-33,33,16,20,L/360,98.0,
curtainwall_single,250S162-33,33,16,20,L/600,83.0,
curtainwall_single,250S162-33,33,16,25,L/240,101.0,
curtainwall_single,250S162-33,33,16,25,L/360,91.0,
curtainwall_single,250S162-33,33,16,25,L/600,77.0,
curtainwall_single,250S162-33,33,16,30,L/240,92.0,e
curtainwall_single,250S162-33,33,16,30,L/360,86.0,
curtainwall_single,250S162-33,33,16,30,L/600,72.0,
curtainwall_single,250S162-33,33,16,35,L/240,85.0,e
curtainwall_single,250S162-33,33,16,35,L/360,82.0,e
curtainwall_single,250S162-33,33,16,35,L/600,69.0,
curtainwall_single,250S162-33,33,16,40,L/240,80.0,e
curtainwall_single,250S162-33,33,16,40,L/360,78.0,e
curtainwall_single,250S162-33,33,16,40,L/600,66.0,
curtainwall_single,250S162-33,33,24,5,L/120,175.0,
curtainwall_single,250S162-33,33,24,5,L/240,139.0,
curtainwall_single,250S162-33,33,24,5,L/360,121.0,
curtainwall_single,250S162-33,33,24,15,L/240,106.0,
curtainwall_single,250S162-33,33,24,15,L/360,95.0,
curtainwall_single,250S162-33,33,24,15,L/600,80.0,
curtainwall_single,250S162-33,33,24,20,L/240,92.0,e
curtainwall_single,250S162-33,33,24,20,L/360,86.0,
curtainwall_single,250S162-33,33,24,20,L/600,72.0,
curtainwall_single,250S162-33,33,24,25,L/240,82.0,e
curtainwall_single,250S162-33,33,24,25,L/360,80.0,e
curtainwall_single,250S162-33,33,24,25,L/600,67.0,
curtainwall_single,250S162-33,33,24,30,L/240,75.0,e
curtainwall_single,250S162-33,33,24,30,L/360,75.0,e
curtainwall_single,250S162-33,33,24,30,L/600,63.0,e
curtainwall_single,250S162-33,33,24,35,L/240,70.0,e
curtainwall_single,250S162-33,33,24,35,L/360,70.0,e
curtainwall_single,250S162-33,33,24,35,L/600,60.0,e
curtainwall_single,250S162-33,33,24,40,L/240,65.0,e
curtainwall_single,250S162-33,33,24,40,L/360,65.0,e
curtainwall_single,250S162-33,33,24,40,L/600,58.0,e
curtainwall_single,250S162-43,33,12,5,L/120,239.0,
curtainwall_single,250S162-43,33,12,5,L/240,190.0,
curtainwall_single,250S162-43,33,12,5,L/360,166.0,
curtainwall_single,250S162-43,33,12,15,L/240,148.0,
curtainwall_single,250S162-43,33,12,15,L/360,130.0,
curtainwall_single,250S162-43,33,12,15,L/600,109.0,
curtainwall_single,250S162-43,33,12,20,L/240,135.0,
curtainwall_single,250S162-43,33,12,20,L/360,118.0,
curtainwall_single,250S162-43,33,12,20,L/600,99.0,
curtainwall_single,250S162-43,33,12,25,L/240,125.0,
curtainwall_single,250S162-43,33,12,25,L/360,109.0,
curtainwall_single,250S162-43,33,12,25,L/600,92.0,
curtainwall_single,250S162-43,33,12,30,L/240,118.0,
curtainwall_single,250S162-43,33,12,30,L/360,103.0,
curtainwall_single,250S162-43,33,12,30,L/600,87.0,
curtainwall_single,250S162-43,33,12,35,L/240,112.0,
curtainwall_single,250S162-43,33,12,35,L/360,98.0,
curtainwall_single,250S162-43,33,12,35,L/600,82.0,
curtainwall_single,250S162-43,33,12,40,L/240,107.0,
curtainwall_single,250S162-43,33,12,40,L/360,93.0,
curtainwall_single,250S162-43,33,12,40,L/600,79.0,
curtainwall_single,250S162-43,33,16,5,L/120,217.0,
curtainwall_single,250S162-43,33,16,5,L/240,173.0,
curtainwall_single,250S162-43,33,16,5,L/360,151.0,
curtainwall_single,250S162-43,33,16,15,L/240,135.0,
curtainwall_single,250S162-43,33,16,15,L/360,118.0,
curtainwall_single,250S162-43,33,16,15,L/600,99.0,
curtainwall_single,250S162-43,33,16,20,L/240,122.0,
curtainwall_single,250S162-43,33,16,20,L/360,107.0,
curtainwall_single,250S162-43,33,16,20,L/600,90.0,
curtainwall_single,250S162-43,33,16,25,L/240,114.0,
curtainwall_single,250S162-43,33,16,25,L/360,99.0,
curtainwall_single,250S162-43,33,16,25,L/600,84.0,
curtainwall_single,250S162-43,33,16,30,L/240,107.0,
curtainwall_single,250S162-43,33,16,30,L/360,93.0,
curtainwall_single,250S162-43,33,16,30,L/600,79.0,
curtainwall_single,250S162-43,33,16,35,L/240,102.0,
curtainwall_single,250S162-43,33,16,35,L/360,89.0,
curtainwall_single,250S162-43,33,16,35,L/600,75.0,
curtainwall_single,250S162-43,33,16,40,L/240,96.0,
curtainwall_single,250S162-43,33,16,40,L/360,85.0,
curtainwall_single,250S162-43,33,16,40,L/600,72.0,
curtainwall_single,250S162-43,33,24,5,L/120,190.0,
curtainwall_single,250S162-43,33,24,5,L/240,151.0,
curtainwall_single,250S162-43,33,24,5,L/360,132.0,
curtainwall_single,250S162-43,33,24,15,L/240,118.0,
curtainwall_single,250S162-43,33,24,15,L/360,103.0,
curtainwall_single,250S162-43,33,24,15,L/600,87.0,
curtainwall_single,250S162-43,33,24,20,L/240,107.0,
curtainwall_single,250S162-43,33,24,20,L/360,93.0,
curtainwall_single,250S162-43,33,24,20,L/600,79.0,
curtainwall_single,250S162-43,33,24,25,L/240,99.0,
curtainwall_single,250S162-43,33,24,25,L/360,87.0,
curtainwall_single,250S162-43,33,24,25,L/600,73.0,
curtainwall_single,250S162-43,33,24,30,L/240,91.0,
curtainwall_single,250S162-43,33,24,30,L/360,82.0,
curtainwall_single,250S162-43,33,24,30,L/600,69.0,
curtainwall_single,250S162-43,33,24,35,L/240,84.0,
curtainwall_single,250S162-43,33,24,35,L/360,78.0,
curtainwall_single,250S162-43,33,24,35,L/600,65.0,
curtainwall_single,250S162-43,33,24,40,L/240,79.0,
curtainwall_single,250S162-43,33,24,40,L/360,74.0,
curtainwall_single,250S162-43,33,24,40,L/600,63.0,
curtainwall_single,250S162-54,33,12,5,L/120,256.0,
curtainwall_single,250S162-54,33,12,5,L/240,203.0,
curtainwall_single,250S162-54,33,12,5,L/360,177.0,
curtainwall_single,250S162-54,33,12,15,L/240,159.0,
curtainwall_single,250S162-54,33,12,15,L/360,139.0,
curtainwall_single,250S162-54,33,12,15,L/600,117.0,
curtainwall_single,250S162-54,33,12,20,L/240,144.0,
curtainwall_single,250S162-54,33,12,20,L/360,126.0,
curtainwall_single,250S162-54,33,12,20,L/600,106.0,
curtainwall_single,250S162-54,33,12,25,L/240,134.0,
curtainwall_single,250S162-54,33,12,25,L/360,117.0,
curtainwall_single,250S162-54,33,12,25,L/600,99.0,
curtainwall_single,250S162-54,33,12,30,L/240,126.0,
curtainwall_single,250S162-54,33,12,30,L/360,110.0,
curtainwall_single,250S162-54,33,12,30,L/600,93.0,
curtainwall_single,250S162-54,33,12,35,L/240,120.0,
curtainwall_single,250S162-54,33,12,35,L/360,104.0,
curtainwall_single,250S162-54,33,12,35,L/600,88.0,
curtainwall_single,250S162-54,33,12,40,L/240,114.0,
curtainwall_single,250S162-54,33,12,40,L/360,100.0,
curtainwall_single,250S162-54,33,12,40,L/600,84.0,
curtainwall_single,250S162-54,33,16,5,L/120,233.0,
curtainwall_single,250S162-54,33,16,5,L/240,185.0,
curtainwall_single,250S162-54,33,16,5,L/360,161.0,
curtainwall_single,250S162-54,33,16,15,L/240,144.0,
curtainwall_single,250S162-54,33,16,15,L/360,126.0,
curtainwall_single,250S162-54,33,16,15,L/600,106.0,
curtainwall_single,250S162-54,33,16,20,L/240,131.0,
curtainwall_single,250S162-54,33,16,20,L/360,114.0,
curtainwall_single,250S162-54,33,16,20,L/600,96.0,
curtainwall_single,250S162-54,33,16,25,L/240,122.0,
curtainwall_single,250S162-54,33,16,25,L/360,106.0,
curtainwall_single,250S162-54,33,16,25,L/600,90.0,
curtainwall_single,250S162-54,33,16,30,L/240,114.0,
curtainwall_single,250S162-54,33,16,30,L/360,100.0,
curtainwall_single,250S162-54,33,16,30,L/600,84.0,
curtainwall_single,250S162-54,33,16,35,L/240,109.0,
curtainwall_single,250S162-54,33,16,35,L/360,95.0,
curtainwall_single,250S162-54,33,16,35,L/600,80.0,
curtainwall_single,250S162-54,33,16,40,L/240,104.0,
curtainwall_single,250S162-54,33,16,40,L/360,91.0,
curtainwall_single,250S162-54,33,16,40,L/600,77.0,
curtainwall_single,250S162-54,33,24,5,L/120,203.0,
curtainwall_single,250S162-54,33,24,5,L/240,161.0,
curtainwall_single,250S162-54,33,24,5,L/360,141.0,
curtainwall_single,250S162-54,33,24,15,L/240,126.0,
curtainwall_single,250S162-54,33,24,15,L/360,110.0,
curtainwall_single,250S162-54,33,24,15,L/600,93.0,
curtainwall_single,250S162-54,33,24,20,L/240,114.0,
curtainwall_single,250S162-54,33,24,20,L/360,100.0,
curtainwall_single,250S162-54,33,24,20,L/600,84.0,
curtainwall_single,250S162-54,33,24,25,L/240,106.0,
curtainwall_single,250S162-54,33,24,25,L/360,93.0,
curtainwall_single,250S162-54,33,24,25,L/600,78.0,
curtainwall_single,250S162-54,33,24,30,L/240,100.0,
curtainwall_single,250S162-54,33,24,30,L/360,87.0,
curtainwall_single,250S162-54,33,24,30,L/600,74.0,
curtainwall_single,250S162-54,33,24,35,L/240,95.0,
curtainwall_single,250S162-54,33,24,35,L/360,83.0,
curtainwall_single,250S162-54,33,24,35,L/600,70.0,
curtainwall_single,250S162-54,33,24,40,L/240,89.0,
curtainwall_single,250S162-54,33,24,40,L/360,79.0,
curtainwall_single,250S162-54,33,24,40,L/600,67.0,
curtainwall_single,250S162-54,50,12,5,L/120,256.0,
curtainwall_single,250S162-54,50,12,5,L/240,203.0,
curtainwall_single,250S162-54,50,12,5,L/360,177.0,
curtainwall_single,250S162-54,50,12,15,L/240,159.0,
curtainwall_single,250S162-54,50,12,15,L/360,139.0,
curtainwall_single,250S162-54,50,12,15,L/600,117.0,
curtainwall_single,250S162-54,50,12,20,L/240,144.0,
curtainwall_single,250S162-54,50,12,20,L/360,126.0,
curtainwall_single,250S162-54,50,12,20,L/600,106.0,
curtainwall_single,250S162-54,50,12,25,L/240,134.0,
curtainwall_single,250S162-54,50,12,25,L/360,117.0,
curtainwall_single,250S162-54,50,12,25,L/600,99.0,
curtainwall_single,250S162-54,50,12,30,L/240,126.0,
curtainwall_single,250S162-54,50,12,30,L/360,110.0,
curtainwall_single,250S162-54,50,12,30,L/600,93.0,
curtainwall_single,250S162-54,50,12,35,L/240,120.0,
curtainwall_single,250S162-54,50,12,35,L/360,104.0,
curtainwall_single,250S162-54,50,12,35,L/600,88.0,
curtainwall_single,250S162-54,50,12,40,L/240,114.0,
curtainwall_single,250S162-54,50,12,40,L/360,100.0,
curtainwall_single,250S162-54,50,12,40,L/600,84.0,
curtainwall_single,250S162-54,50,16,5,L/120,233.0,
curtainwall_single,250S162-54,50,16,5,L/240,185.0,
curtainwall_single,250S162-54,50,16,5,L/360,161.0,
curtainwall_single,250S162-54,50,16,15,L/240,144.0,
curtainwall_single,250S162-54,50,16,15,L/360,126.0,
curtainwall_single,250S162-54,50,16,15,L/600,106.0,
curtainwall_single,250S162-54,50,16,20,L/240,131.0,
curtainwall_single,250S162-54,50,16,20,L/360,114.0,
curtainwall_single,250S162-54,50,16,20,L/600,96.0,
curtainwall_single,250S162-54,50,16,25,L/240,122.0,
curtainwall_single,250S162-54,50,16,25,L/360,106.0,
curtainwall_single,250S162-54,50,16,25,L/600,90.0,
curtainwall_single,250S162-54,50,16,30,L/240,114.0,
curtainwall_single,250S162-54,50,16,30,L/360,100.0,
curtainwall_single,250S162-54,50,16,30,L/600,84.0,
curtainwall_single,250S162-54,50,16,35,L/240,109.0,
curtainwall_single,250S162-54,50,16,35,L/360,95.0,
curtainwall_single,250S162-54,50,16,35,L/600,80.0,
curtainwall_single,250S162-54,50,16,40,L/240,104.0,
curtainwall_single,250S162-54,50,16,40,L/360,91.0,
curtainwall_single,250S162-54,50,16,40,L/600,77.0,
curtainwall_single,250S162-54,50,24,5,L/120,203.0,
curtainwall_single,250S162-54,50,24,5,L/240,161.0,
curtainwall_single,250S162-54,50,24,5,L/360,141.0,
curtainwall_single,250S162-54,50,24,15,L/240,126.0,
curtainwall_single,250S162-54,50,24,15,L/360,110.0,
curtainwall_single,250S162-54,50,24,15,L/600,93.0,
curtainwall_single,250S162-54,50,24,20,L/240,114.0,
curtainwall_single,250S162-54,50,24,20,L/360,100.0,
curtainwall_single,250S162-54,50,24,20,L/600,84.0,
curtainwall_single,250S162-54,50,24,25,L/240,106.0,
curtainwall_single,250S162-54,50,24,25,L/360,93.0,
curtainwall_single,250S162-54,50,24,25,L/600,78.0,
curtainwall_single,250S162-54,50,24,30,L/240,100.0,
curtainwall_single,250S162-54,50,24,30,L/360,87.0,
curtainwall_single,250S162-54,50,24,30,L/600,74.0,
curtainwall_single,250S162-54,50,24,35,L/240,95.0,
curtainwall_single,250S162-54,50,24,35,L/360,83.0,
curtainwall_single,250S162-54,50,24,35,L/600,70.0,
curtainwall_single,250S162-54,50,24,40,L/240,91.0,
curtainwall_single,250S162-54,50,24,40,L/360,79.0,
curtainwall_single,250S162-54,50,24,40,L/600,67.0,
curtainwall_single,250S162-68,50,12,5,L/120,273.0,
curtainwall_single,250S162-68,50,12,5,L/240,217.0,
curtainwall_single,250S162-68,50,12,5,L/360,190.0,
curtainwall_single,250S162-68,50,12,15,L/240,169.0,
curtainwall_single,250S162-68,50,12,15,L/360,148.0,
curtainwall_single,250S162-68,50,12,15,L/600,125.0,
curtainwall_single,250S162-68,50,12,20,L/240,154.0,
curtainwall_single,250S162-68,50,12,20,L/360,134.0,
curtainwall_single,250S162-68,50,12,20,L/600,113.0,
curtainwall_single,250S162-68,50,12,25,L/240,143.0,
curtainwall_single,250S162-68,50,12,25,L/360,125.0,
curtainwall_single,250S162-68,50,12,25,L/600,105.0,
curtainwall_single,250S162-68,50,12,30,L/240,134.0,
curtainwall_single,250S162-68,50,12,30,L/360,117.0,
curtainwall_single,250S162-68,50,12,30,L/600,99.0,
curtainwall_single,250S162-68,50,12,35,L/240,128.0,
curtainwall_single,250S162-68,50,12,35,L/360,112.0,
curtainwall_single,250S162-68,50,12,35,L/600,94.0,
curtainwall_single,250S162-68,50,12,40,L/240,122.0,
curtainwall_single,250S162-68,50,12,40,L/360,107.0,
curtainwall_single,250S162-68,50,12,40,L/600,90.0,
curtainwall_single,250S162-68,50,16,5,L/120,248.0,
curtainwall_single,250S162-68,50,16,5,L/240,197.0,
curtainwall_single,250S162-68,50,16,5,L/360,172.0,
curtainwall_single,250S162-68,50,16,15,L/240,154.0,
curtainwall_single,250S162-68,50,16,15,L/360,134.0,
curtainwall_single,250S162-68,50,16,15,L/600,113.0,
curtainwall_single,250S162-68,50,16,20,L/240,140.0,
curtainwall_single,250S162-68,50,16,20,L/360,122.0,
curtainwall_single,250S162-68,50,16,20,L/600,103.0,
curtainwall_single,250S162-68,50,16,25,L/240,130.0,
curtainwall_single,250S162-68,50,16,25,L/360,113.0,
curtainwall_single,250S162-68,50,16,25,L/600,96.0,
curtainwall_single,250S162-68,50,16,30,L/240,122.0,
curtainwall_single,250S162-68,50,16,30,L/360,107.0,
curtainwall_single,250S162-68,50,16,30,L/600,90.0,
curtainwall_single,250S162-68,50,16,35,L/240,116.0,
curtainwall_single,250S162-68,50,16,35,L/360,101.0,
curtainwall_single,250S162-68,50,16,35,L/600,85.0,
curtainwall_single,250S162-68,50,16,40,L/240,111.0,
curtainwall_single,250S162-68,50,16,40,L/360,97.0,
curtainwall_single,250S162-68,50,16,40,L/600,82.0,
curtainwall_single,250S162-68,50,24,5,L/120,217.0,
curtainwall_single,250S162-68,50,24,5,L/240,172.0,
curtainwall_single,250S162-68,50,24,5,L/360,150.0,
curtainwall_single,250S162-68,50,24,15,L/240,134.0,
curtainwall_single,250S162-68,50,24,15,L/360,117.0,
curtainwall_single,250S162-68,50,24,15,L/600,99.0,
curtainwall_single,250S162-68,50,24,20,L/240,122.0,
curtainwall_single,250S162-68,50,24,20,L/360,107.0,
curtainwall_single,250S162-68,50,24,20,L/600,90.0,
curtainwall_single,250S162-68,50,24,25,L/240,113.0,
curtainwall_single,250S162-68,50,24,25,L/360,99.0,
curtainwall_single,250S162-68,50,24,25,L/600,84.0,
curtainwall_single,250S162-68,50,24,30,L/240,107.0,
curtainwall_single,250S162-68,50,24,30,L/360,93.0,
curtainwall_single,250S162-68,50,24,30,L/600,79.0,
curtainwall_single,250S162-68,50,24,35,L/240,101.0,
curtainwall_single,250S162-68,50,24,35,L/360,89.0,
curtainwall_single,250S162-68,50,24,35,L/600,75.0,
curtainwall_single,250S162-68,50,24,40,L/240,97.0,
curtainwall_single,250S162-68,50,24,40,L/360,85.0,
curtainwall_single,250S162-68,50,24,40,L/600,71.0,
curtainwall_single,350S162-33,33,12,5,L/120,285.0,
curtainwall_single,350S162-33,33,12,5,L/240,226.0,
curtainwall_single,350S162-33,33,12,5,L/360,197.0,
curtainwall_single,350S162-33,33,12,15,L/240,176.0,
curtainwall_single,350S162-33,33,12,15,L/360,154.0,
curtainwall_single,350S162-33,33,12,15,L/600,130.0,
curtainwall_single,350S162-33,33,12,20,L/240,158.0,e
curtainwall_single,350S162-33,33,12,20,L/360,140.0,
curtainwall_single,350S162-33,33,12,20,L/600,118.0,
curtainwall_single,350S162-33,33,12,25,L/240,142.0,e
curtainwall_single,350S162-33,33,12,25,L/360,130.0,e
curtainwall_single,350S162-33,33,12,25,L/600,110.0,
curtainwall_single,350S162-33,33,12,30,L/240,129.0,e
curtainwall_single,350S162-33,33,12,30,L/360,122.0,e
curtainwall_single,350S162-33,33,12,30,L/600,103.0,
curtainwall_single,350S162-33,33,12,35,L/240,120.0,e
curtainwall_single,350S162-33,33,12,35,L/360,116.0,e
curtainwall_single,350S162-33,33,12,35,L/600,98.0,e
curtainwall_single,350S162-33,33,12,40,L/240,112.0,e
curtainwall_single,350S162-33,33,12,40,L/360,111.0,e
curtainwall_single,350S162-33,33,12,40,L/600,94.0,e
curtainwall_single,350S162-33,33,16,5,L/120,259.0,
curtainwall_single,350S162-33,33,16,5,L/240,205.0,
curtainwall_single,350S162-33,33,16,5,L/360,179.0,
curtainwall_single,350S162-33,33,16,15,L/240,158.0,e
curtainwall_single,350S162-33,33,16,15,L/360,140.0,
curtainwall_single,350S162-33,33,16,15,L/600,118.0,
curtainwall_single,350S162-33,33,16,20,L/240,137.0,e
curtainwall_single,350S162-33,33,16,20,L/360,127.0,e
curtainwall_single,350S162-33,33,16,20,L/600,107.0,
curtainwall_single,350S162-33,33,16,25,L/240,123.0,e
curtainwall_single,350S162-33,33,16,25,L/360,118.0,e
curtainwall_single,350S162-33,33,16,25,L/600,100.0,e
curtainwall_single,350S162-33,33,16,30,L/240,112.0,e
curtainwall_single,350S162-33,33,16,30,L/360,111.0,e
curtainwall_single,350S162-33,33,16,30,L/600,94.0,e
curtainwall_single,350S162-33,33,16,35,L/240,104.0,e
curtainwall_single,350S162-33,33,16,35,L/360,104.0,e
curtainwall_single,350S162-33,33,16,35,L/600,89.0,e
curtainwall_single,350S162-33,33,16,40,L/240,97.0,e
curtainwall_single,350S162-33,33,16,40,L/360,97.0,e
curtainwall_single,350S162-33,33,16,40,L/600,85.0,e
curtainwall_single,350S162-33,33,24,5,L/120,224.0,
curtainwall_single,350S162-33,33,24,5,L/240,179.0,
curtainwall_single,350S162-33,33,24,5,L/360,157.0,
curtainwall_single,350S162-33,33,24,15,L/240,129.0,e
curtainwall_single,350S162-33,33,24,15,L/360,122.0,e
curtainwall_single,350S162-33,33,24,15,L/600,103.0,
curtainwall_single,350S162-33,33,24,20,L/240,112.0,e
curtainwall_single,350S162-33,33,24,20,L/360,111.0,e
curtainwall_single,350S162-33,33,24,20,L/600,94.0,e
curtainwall_single,350S162-33,33,24,25,L/240,100.0,e
curtainwall_single,350S162-33,33,24,25,L/360,100.0,e
curtainwall_single,350S162-33,33,24,25,L/600,87.0,e
curtainwall_single,350S162-33,33,24,30,L/240,91.0,e
curtainwall_single,350S162-33,33,24,30,L/360,91.0,e
curtainwall_single,350S162-33,33,24,30,L/600,82.0,e
curtainwall_single,350S162-33,33,24,35,L/240,85.0,e
curtainwall_single,350S162-33,33,24,35,L/360,85.0,e
curtainwall_single,350S162-33,33,24,35,L/600,78.0,e
curtainwall_single,350S162-33,33,24,40,L/240,79.0,e
curtainwall_single,350S162-33,33,24,40,L/360,79.0,e
curtainwall_single,350S162-33,33,24,40,L/600,74.0,e
curtainwall_single,350S162-43,33,12,5,L/120,310.0,
curtainwall_single,350S162-43,33,12,5,L/240,246.0,
curtainwall_single,350S162-43,33,12,5,L/360,215.0,
curtainwall_single,350S162-43,33,12,15,L/240,192.0,
curtainwall_single,350S162-43,33,12,15,L/360,168.0,
curtainwall_single,350S162-43,33,12,15,L/600,141.0,
curtainwall_single,350S162-43,33,12,20,L/240,174.0,
curtainwall_single,350S162-43,33,12,20,L/360,152.0,
curtainwall_single,350S162-43,33,12,20,L/600,128.0,
curtainwall_single,350S162-43,33,12,25,L/240,162.0,
curtainwall_single,350S162-43,33,12,25,L/360,141.0,
curtainwall_single,350S162-43,33,12,25,L/600,119.0,
curtainwall_single,350S162-43,33,12,30,L/240,152.0,
curtainwall_single,350S162-43,33,12,30,L/360,133.0,
curtainwall_single,350S162-43,33,12,30,L/600,112.0,
curtainwall_single,350S162-43,33,12,35,L/240,140.0,
curtainwall_single,350S162-43,33,12,35,L/360,126.0,
curtainwall_single,350S162-43,33,12,35,L/600,107.0,
curtainwall_single,350S162-43,33,12,40,L/240,131.0,
curtainwall_single,350S162-43,33,12,40,L/360,121.0,
curtainwall_single,350S162-43,33,12,40,L/600,102.0,
curtainwall_single,350S162-43,33,16,5,L/120,281.0,
curtainwall_single,350S162-43,33,16,5,L/240,223.0,
curtainwall_single,350S162-43,33,16,5,L/360,195.0,
curtainwall_single,350S162-43,33,16,15,L/240,174.0,
curtainwall_single,350S162-43,33,16,15,L/360,152.0,
curtainwall_single,350S162-43,33,16,15,L/600,128.0,
curtainwall_single,350S162-43,33,16,20,L/240,158.0,
curtainwall_single,350S162-43,33,16,20,L/360,138.0,
curtainwall_single,350S162-43,33,16,20,L/600,117.0,
curtainwall_single,350S162-43,33,16,25,L/240,144.0,
curtainwall_single,350S162-43,33,16,25,L/360,128.0,
curtainwall_single,350S162-43,33,16,25,L/600,108.0,
curtainwall_single,350S162-43,33,16,30,L/240,131.0,
curtainwall_single,350S162-43,33,16,30,L/360,121.0,
curtainwall_single,350S162-43,33,16,30,L/600,102.0,
curtainwall_single,350S162-43,33,16,35,L/240,122.0,
curtainwall_single,350S162-43,33,16,35,L/360,115.0,
curtainwall_single,350S162-43,33,16,35,L/600,97.0,
curtainwall_single,350S162-43,33,16,40,L/240,114.0,
curtainwall_single,350S162-43,33,16,40,L/360,110.0,
curtainwall_single,350S162-43,33,16,40,L/600,93.0,
curtainwall_single,350S162-43,33,24,5,L/120,246.0,
curtainwall_single,350S162-43,33,24,5,L/240,195.0,
curtainwall_single,350S162-43,33,24,5,L/360,170.0,
curtainwall_single,350S162-43,33,24,15,L/240,152.0,
curtainwall_single,350S162-43,33,24,15,L/360,133.0,
curtainwall_single,350S162-43,33,24,15,L/600,112.0,
curtainwall_single,350S162-43,33,24,20,L/240,131.0,
curtainwall_single,350S162-43,33,24,20,L/360,121.0,
curtainwall_single,350S162-43,33,24,20,L/600,102.0,
curtainwall_single,350S162-43,33,24,25,L/240,117.0,
curtainwall_single,350S162-43,33,24,25,L/360,112.0,
curtainwall_single,350S162-43,33,24,25,L/600,95.0,
curtainwall_single,350S162-43,33,24,30,L/240,107.0,e
curtainwall_single,350S162-43,33,24,30,L/360,106.0,e
curtainwall_single,350S162-43,33,24,30,L/600,89.0,
curtainwall_single,350S162-43,33,24,35,L/240,99.0,e
curtainwall_single,350S162-43,33,24,35,L/360,99.0,e
curtainwall_single,350S162-43,33,24,35,L/600,85.0,
curtainwall_single,350S162-43,33,24,40,L/240,93.0,e
curtainwall_single,350S162-43,33,24,40,L/360,93.0,e
curtainwall_single,350S162-43,33,24,40,L/600,81.0,e
curtainwall_single,350S162-54,33,12,5,L/120,332.0,
curtainwall_single,350S162-54,33,12,5,L/240,263.0,
curtainwall_single,350S162-54,33,12,5,L/360,230.0,
curtainwall_single,350S162-54,33,12,15,L/240,206.0,
curtainwall_single,350S162-54,33,12,15,L/360,180.0,
curtainwall_single,350S162-54,33,12,15,L/600,151.0,
curtainwall_single,350S162-54,33,12,20,L/240,187.0,
curtainwall_single,350S162-54,33,12,20,L/360,163.0,
curtainwall_single,350S162-54,33,12,20,L/600,138.0,
curtainwall_single,350S162-54,33,12,25,L/240,173.0,
curtainwall_single,350S162-54,33,12,25,L/360,151.0,
curtainwall_single,350S162-54,33,12,25,L/600,128.0,
curtainwall_single,350S162-54,33,12,30,L/240,163.0,
curtainwall_single,350S162-54,33,12,30,L/360,143.0,
curtainwall_single,350S162-54,33,12,30,L/600,120.0,
curtainwall_single,350S162-54,33,12,35,L/240,155.0,
curtainwall_single,350S162-54,33,12,35,L/360,135.0,
curtainwall_single,350S162-54,33,12,35,L/600,114.0,
curtainwall_single,350S162-54,33,12,40,L/240,148.0,
curtainwall_single,350S162-54,33,12,40,L/360,129.0,
curtainwall_single,350S162-54,33,12,40,L/600,109.0,
curtainwall_single,350S162-54,33,16,5,L/120,301.0,
curtainwall_single,350S162-54,33,16,5,L/240,239.0,
curtainwall_single,350S162-54,33,16,5,L/360,209.0,
curtainwall_single,350S162-54,33,16,15,L/240,187.0,
curtainwall_single,350S162-54,33,16,15,L/360,163.0,
curtainwall_single,350S162-54,33,16,15,L/600,138.0,
curtainwall_single,350S162-54,33,16,20,L/240,170.0,
curtainwall_single,350S162-54,33,16,20,L/360,148.0,
curtainwall_single,350S162-54,33,16,20,L/600,125.0,
curtainwall_single,350S162-54,33,16,25,L/240,157.0,
curtainwall_single,350S162-54,33,16,25,L/360,138.0,
curtainwall_single,350S162-54,33,16,25,L/600,116.0,
curtainwall_single,350S162-54,33,16,30,L/240,148.0,
curtainwall_single,350S162-54,33,16,30,L/360,129.0,
curtainwall_single,350S162-54,33,16,30,L/600,109.0,
curtainwall_single,350S162-54,33,16,35,L/240,141.0,
curtainwall_single,350S162-54,33,16,35,L/360,123.0,
curtainwall_single,350S162-54,33,16,35,L/600,104.0,
curtainwall_single,350S162-54,33,16,40,L/240,134.0,
curtainwall_single,350S162-54,33,16,40,L/360,118.0,
curtainwall_single,350S162-54,33,16,40,L/600,99.0,
curtainwall_single,350S162-54,33,24,5,L/120,263.0,
curtainwall_single,350S162-54,33,24,5,L/240,209.0,
curtainwall_single,350S162-54,33,24,5,L/360,182.0,
curtainwall_single,350S162-54,33,24,15,L/240,163.0,
curtainwall_single,350S162-54,33,24,15,L/360,143.0,
curtainwall_single,350S162-54,33,24,15,L/600,120.0,
curtainwall_single,350S162-54,33,24,20,L/240,148.0,
curtainwall_single,350S162-54,33,24,20,L/360,129.0,
curtainwall_single,350S162-54,33,24,20,L/600,109.0,
curtainwall_single,350S162-54,33,24,25,L/240,138.0,
curtainwall_single,350S162-54,33,24,25,L/360,120.0,
curtainwall_single,350S162-54,33,24,25,L/600,101.0,
curtainwall_single,350S162-54,33,24,30,L/240,127.0,
curtainwall_single,350S162-54,33,24,30,L/360,113.0,
curtainwall_single,350S162-54,33,24,30,L/600,95.0,
curtainwall_single,350S162-54,33,24,35,L/240,117.0,
curtainwall_single,350S162-54,33,24,35,L/360,107.0,
curtainwall_single,350S162-54,33,24,35,L/600,91.0,
curtainwall_single,350S162-54,33,24,40,L/240,110.0,
curtainwall_single,350S162-54,33,24,40,L/360,103.0,
curtainwall_single,350S162-54,33,24,40,L/600,87.0,
curtainwall_single,350S162-54,50,12,5,L/120,332.0,
curtainwall_single,350S162-54,50,12,5,L/240,263.0,
curtainwall_single,350S162-54,50,12,5,L/360,230.0,
curtainwall_single,350S162-54,50,12,15,L/240,206.0,
curtainwall_single,350S162-54,50,12,15,L/360,180.0,
curtainwall_single,350S162-54,50,12,15,L/600,151.0,
curtainwall_single,350S162-54,50,12,20,L/240,187.0,
curtainwall_single,350S162-54,50,12,20,L/360,163.0,
curtainwall_single,350S162-54,50,12,20,L/600,138.0,
curtainwall_single,350S162-54,50,12,25,L/240,173.0,
curtainwall_single,350S162-54,50,12,25,L/360,151.0,
curtainwall_single,350S162-54,50,12,25,L/600,128.0,
curtainwall_single,350S162-54,50,12,30,L/240,163.0,
curtainwall_single,350S162-54,50,12,30,L/360,143.0,
curtainwall_single,350S162-54,50,12,30,L/600,120.0,
curtainwall_single,350S162-54,50,12,35,L/240,155.0,
curtainwall_single,350S162-54,50,12,35,L/360,135.0,
curtainwall_single,350S162-54,50,12,35,L/600,114.0,
curtainwall_single,350S162-54,50,12,40,L/240,148.0,
curtainwall_single,350S162-54,50,12,40,L/360,129.0,
curtainwall_single,350S162-54,50,12,40,L/600,109.0,
curtainwall_single,350S162-54,50,16,5,L/120,301.0,
curtainwall_single,350S162-54,50,16,5,L/240,239.0,
curtainwall_single,350S162-54,50,16,5,L/360,209.0,
curtainwall_single,350S162-54,50,16,15,L/240,187.0,
curtainwall_single,350S162-54,50,16,15,L/360,163.0,
curtainwall_single,350S162-54,50,16,15,L/600,138.0,
curtainwall_single,350S162-54,50,16,20,L/240,170.0,
curtainwall_single,350S162-54,50,16,20,L/360,148.0,
curtainwall_single,350S162-54,50,16,20,L/600,125.0,
curtainwall_single,350S162-54,50,16,25,L/240,157.0,
curtainwall_single,350S162-54,50,16,25,L/360,138.0,
curtainwall_single,350S162-54,50,16,25,L/600,116.0,
curtainwall_single,350S162-54,50,16,30,L/240,148.0,
curtainwall_single,350S162-54,50,16,30,L/360,129.0,
curtainwall_single,350S162-54,50,16,30,L/600,109.0,
curtainwall_single,350S162-54,50,16,35,L/240,141.0,
curtainwall_single,350S162-54,50,16,35,L/360,123.0,
curtainwall_single,350S162-54,50,16,35,L/600,104.0,
curtainwall_single,350S162-54,50,16,40,L/240,135.0,
curtainwall_single,350S162-54,50,16,40,L/360,118.0,
curtainwall_single,350S162-54,50,16,40,L/600,99.0,
curtainwall_single,350S162-54,50,24,5,L/120,263.0,
curtainwall_single,350S162-54,50,24,5,L/240,209.0,
curtainwall_single,350S162-54,50,24,5,L/360,182.0,
curtainwall_single,350S162-54,50,24,15,L/240,163.0,
curtainwall_single,350S162-54,50,24,15,L/360,143.0,
curtainwall_single,350S162-54,50,24,15,L/600,120.0,
curtainwall_single,350S162-54,50,24,20,L/240,148.0,
curtainwall_single,350S162-54,50,24,20,L/360,129.0,
curtainwall_single,350S162-54,50,24,20,L/600,109.0,
curtainwall_single,350S162-54,50,24,25,L/240,138.0,
curtainwall_single,350S162-54,50,24,25,L/360,120.0,
curtainwall_single,350S162-54,50,24,25,L/600,101.0,
curtainwall_single,350S162-54,50,24,30,L/240,129.0,
curtainwall_single,350S162-54,50,24,30,L/360,113.0,
curtainwall_single,350S162-54,50,24,30,L/600,95.0,
curtainwall_single,350S162-54,50,24,35,L/240,123.0,
curtainwall_single,350S162-54,50,24,35,L/360,107.0,
curtainwall_single,350S162-54,50,24,35,L/600,91.0,
curtainwall_single,350S162-54,50,24,40,L/240,118.0,
curtainwall_single,350S162-54,50,24,40,L/360,103.0,
curtainwall_single,350S162-54,50,24,40,L/600,87.0,
curtainwall_single,350S162-68,50,12,5,L/120,355.0,
curtainwall_single,350S162-68,50,12,5,L/240,282.0,
curtainwall_single,350S162-68,50,12,5,L/360,246.0,
curtainwall_single,350S162-68,50,12,15,L/240,220.0,
curtainwall_single,350S162-68,50,12,15,L/360,192.0,
curtainwall_single,350S162-68,50,12,15,L/600,162.0,
curtainwall_single,350S162-68,50,12,20,L/240,200.0,
curtainwall_single,350S162-68,50,12,20,L/360,175.0,
curtainwall_single,350S162-68,50,12,20,L/600,147.0,
curtainwall_single,350S162-68,50,12,25,L/240,185.0,
curtainwall_single,350S162-68,50,12,25,L/360,162.0,
curtainwall_single,350S162-68,50,12,25,L/600,137.0,
curtainwall_single,350S162-68,50,12,30,L/240,175.0,
curtainwall_single,350S162-68,50,12,30,L/360,152.0,
curtainwall_single,350S162-68,50,12,30,L/600,129.0,
curtainwall_single,350S162-68,50,12,35,L/240,166.0,
curtainwall_single,350S162-68,50,12,35,L/360,145.0,
curtainwall_single,350S162-68,50,12,35,L/600,122.0,
curtainwall_single,350S162-68,50,12,40,L/240,159.0,
curtainwall_single,350S162-68,50,12,40,L/360,139.0,
curtainwall_single,350S162-68,50,12,40,L/600,117.0,
curtainwall_single,350S162-68,50,16,5,L/120,322.0,
curtainwall_single,350S162-68,50,16,5,L/240,256.0,
curtainwall_single,350S162-68,50,16,5,L/360,223.0,
curtainwall_single,350S162-68,50,16,15,L/240,200.0,
curtainwall_single,350S162-68,50,16,15,L/360,175.0,
curtainwall_single,350S162-68,50,16,15,L/600,147.0,
curtainwall_single,350S162-68,50,16,20,L/240,181.0,
curtainwall_single,350S162-68,50,16,20,L/360,159.0,
curtainwall_single,350S162-68,50,16,20,L/600,134.0,
curtainwall_single,350S162-68,50,16,25,L/240,168.0,
curtainwall_single,350S162-68,50,16,25,L/360,147.0,
curtainwall_single,350S162-68,50,16,25,L/600,124.0,
curtainwall_single,350S162-68,50,16,30,L/240,159.0,
curtainwall_single,350S162-68,50,16,30,L/360,139.0,
curtainwall_single,350S162-68,50,16,30,L/600,117.0,
curtainwall_single,350S162-68,50,16,35,L/240,151.0,
curtainwall_single,350S162-68,50,16,35,L/360,132.0,
curtainwall_single,350S162-68,50,16,35,L/600,111.0,
curtainwall_single,350S162-68,50,16,40,L/240,144.0,
curtainwall_single,350S162-68,50,16,40,L/360,126.0,
curtainwall_single,350S162-68,50,16,40,L/600,106.0,
curtainwall_single,350S162-68,50,24,5,L/120,282.0,
curtainwall_single,350S162-68,50,24,5,L/240,223.0,
curtainwall_single,350S162-68,50,24,5,L/360,195.0,
curtainwall_single,350S162-68,50,24,15,L/240,175.0,
curtainwall_single,350S162-68,50,24,15,L/360,152.0,
curtainwall_single,350S162-68,50,24,15,L/600,129.0,
curtainwall_single,350S162-68,50,24,20,L/240,159.0,
curtainwall_single,350S162-68,50,24,20,L/360,139.0,
curtainwall_single,350S162-68,50,24,20,L/600,117.0,
curtainwall_single,350S162-68,50,24,25,L/240,147.0,
curtainwall_single,350S162-68,50,24,25,L/360,129.0,
curtainwall_single,350S162-68,50,24,25,L/600,108.0,
curtainwall_single,350S162-68,50,24,30,L/240,139.0,
curtainwall_single,350S162-68,50,24,30,L/360,121.0,
curtainwall_single,350S162-68,50,24,30,L/600,102.0,
curtainwall_single,350S162-68,50,24,35,L/240,132.0,
curtainwall_single,350S162-68,50,24,35,L/360,115.0,
curtainwall_single,350S162-68,50,24,35,L/600,97.0,
curtainwall_single,350S162-68,50,24,40,L/240,126.0,
curtainwall_single,350S162-68,50,24,40,L/360,110.0,
curtainwall_single,350S162-68,50,24,40,L/600,93.0,
curtainwall_single,350S162-97,50,12,5,L/120,391.0,
curtainwall_single,350S162-97,50,12,5,L/240,311.0,
curtainwall_single,350S162-97,50,12,5,L/360,271.0,
curtainwall_single,350S162-97,50,12,15,L/240,243.0,
curtainwall_single,350S162-97,50,12,15,L/360,212.0,
curtainwall_single,350S162-97,50,12,15,L/600,179.0,
curtainwall_single,350S162-97,50,12,20,L/240,220.0,
curtainwall_single,350S162-97,50,12,20,L/360,192.0,
curtainwall_single,350S162-97,50,12,20,L/600,162.0,
curtainwall_single,350S162-97,50,12,25,L/240,205.0,
curtainwall_single,350S162-97,50,12,25,L/360,179.0,
curtainwall_single,350S162-97,50,12,25,L/600,151.0,
curtainwall_single,350S162-97,50,12,30,L/240,192.0,
curtainwall_single,350S162-97,50,12,30,L/360,168.0,
curtainwall_single,350S162-97,50,12,30,L/600,142.0,
curtainwall_single,350S162-97,50,12,35,L/240,183.0,
curtainwall_single,350S162-97,50,12,35,L/360,160.0,
curtainwall_single,350S162-97,50,12,35,L/600,135.0,
curtainwall_single,350S162-97,50,12,40,L/240,175.0,
curtainwall_single,350S162-97,50,12,40,L/360,153.0,
curtainwall_single,350S162-97,50,12,40,L/600,129.0,
curtainwall_single,350S162-97,50,16,5,L/120,356.0,
curtainwall_single,350S162-97,50,16,5,L/240,282.0,
curtainwall_single,350S162-97,50,16,5,L/360,247.0,
curtainwall_single,350S162-97,50,16,15,L/240,220.0,
curtainwall_single,350S162-97,50,16,15,L/360,192.0,
curtainwall_single,350S162-97,50,16,15,L/600,162.0,
curtainwall_single,350S162-97,50,16,20,L/240,200.0,
curtainwall_single,350S162-97,50,16,20,L/360,175.0,
curtainwall_single,350S162-97,50,16,20,L/600,148.0,
curtainwall_single,350S162-97,50,16,25,L/240,186.0,
curtainwall_single,350S162-97,50,16,25,L/360,162.0,
curtainwall_single,350S162-97,50,16,25,L/600,137.0,
curtainwall_single,350S162-97,50,16,30,L/240,175.0,
curtainwall_single,350S162-97,50,16,30,L/360,153.0,
curtainwall_single,350S162-97,50,16,30,L/600,129.0,
curtainwall_single,350S162-97,50,16,35,L/240,166.0,
curtainwall_single,350S162-97,50,16,35,L/360,145.0,
curtainwall_single,350S162-97,50,16,35,L/600,122.0,
curtainwall_single,350S162-97,50,16,40,L/240,159.0,
curtainwall_single,350S162-97,50,16,40,L/360,139.0,
curtainwall_single,350S162-97,50,16,40,L/600,117.0,
curtainwall_single,350S162-97,50,24,5,L/120,311.0,
curtainwall_single,350S162-97,50,24,5,L/240,247.0,
curtainwall_single,350S162-97,50,24,5,L/360,215.0,
curtainwall_single,350S162-97,50,24,15,L/240,192.0,
curtainwall_single,350S162-97,50,24,15,L/360,168.0,
curtainwall_single,350S162-97,50,24,15,L/600,142.0,
curtainwall_single,350S162-97,50,24,20,L/240,175.0,
curtainwall_single,350S162-97,50,24,20,L/360,153.0,
curtainwall_single,350S162-97,50,24,20,L/600,129.0,
curtainwall_single,350S162-97,50,24,25,L/240,162.0,
curtainwall_single,350S162-97,50,24,25,L/360,142.0,
curtainwall_single,350S162-97,50,24,25,L/600,120.0,
curtainwall_single,350S162-97,50,24,30,L/240,153.0,
curtainwall_single,350S162-97,50,24,30,L/360,133.0,
curtainwall_single,350S162-97,50,24,30,L/600,113.0,
curtainwall_single,350S162-97,50,24,35,L/240,145.0,
curtainwall_single,350S162-97,50,24,35,L/360,127.0,
curtainwall_single,350S162-97,50,24,35,L/600,107.0,
curtainwall_single,350S162-97,50,24,40,L/240,139.0,
curtainwall_single,350S162-97,50,24,40,L/360,121.0,
curtainwall_single,350S162-97,50,24,40,L/600,102.0,
curtainwall_single,350S200-43,33,12,5,L/120,327.0,
curtainwall_single,350S200-43,33,12,5,L/240,260.0,
curtainwall_single,350S200-43,33,12,5,L/360,227.0,
curtainwall_single,350S200-43,33,12,15,L/240,203.0,
curtainwall_single,350S200-43,33,12,15,L/360,177.0,
curtainwall_single,350S200-43,33,12,15,L/600,149.0,
curtainwall_single,350S200-43,33,12,20,L/240,184.0,
curtainwall_single,350S200-43,33,12,20,L/360,161.0,
curtainwall_single,350S200-43,33,12,20,L/600,136.0,
curtainwall_single,350S200-43,33,12,25,L/240,171.0,
curtainwall_single,350S200-43,33,12,25,L/360,149.0,
curtainwall_single,350S200-43,33,12,25,L/600,126.0,
curtainwall_single,350S200-43,33,12,30,L/240,161.0,
curtainwall_single,350S200-43,33,12,30,L/360,141.0,
curtainwall_single,350S200-43,33,12,30,L/600,119.0,
curtainwall_single,350S200-43,33,12,35,L/240,150.0,
curtainwall_single,350S200-43,33,12,35,L/360,133.0,
curtainwall_single,350S200-43,33,12,35,L/600,113.0,
curtainwall_single,350S200-43,33,12,40,L/240,141.0,
curtainwall_single,350S200-43,33,12,40,L/360,128.0,
curtainwall_single,350S200-43,33,12,40,L/600,108.0,
curtainwall_single,350S200-43,33,16,5,L/120,297.0,
curtainwall_single,350S200-43,33,16,5,L/240,236.0,
curtainwall_single,350S200-43,33,16,5,L/360,206.0,
curtainwall_single,350S200-43,33,16,15,L/240,184.0,
curtainwall_single,350S200-43,33,16,15,L/360,161.0,
curtainwall_single,350S200-43,33,16,15,L/600,136.0,
curtainwall_single,350S200-43,33,16,20,L/240,167.0,
curtainwall_single,350S200-43,33,16,20,L/360,146.0,
curtainwall_single,350S200-43,33,16,20,L/600,123.0,
curtainwall_single,350S200-43,33,16,25,L/240,154.0,
curtainwall_single,350S200-43,33,16,25,L/360,136.0,
curtainwall_single,350S200-43,33,16,25,L/600,114.0,
curtainwall_single,350S200-43,33,16,30,L/240,141.0,
curtainwall_single,350S200-43,33,16,30,L/360,128.0,
curtainwall_single,350S200-43,33,16,30,L/600,108.0,
curtainwall_single,350S200-43,33,16,35,L/240,130.0,
curtainwall_single,350S200-43,33,16,35,L/360,121.0,
curtainwall_single,350S200-43,33,16,35,L/600,102.0,
curtainwall_single,350S200-43,33,16,40,L/240,122.0,e
curtainwall_single,350S200-43,33,16,40,L/360,116.0,e
curtainwall_single,350S200-43,33,16,40,L/600,98.0,
curtainwall_single,350S200-43,33,24,5,L/120,260.0,
curtainwall_single,350S200-43,33,24,5,L/240,206.0,
curtainwall_single,350S200-43,33,24,5,L/360,180.0,
curtainwall_single,350S200-43,33,24,15,L/240,161.0,
curtainwall_single,350S200-43,33,24,15,L/360,141.0,
curtainwall_single,350S200-43,33,24,15,L/600,119.0,
curtainwall_single,350S200-43,33,24,20,L/240,141.0,
curtainwall_single,350S200-43,33,24,20,L/360,128.0,
curtainwall_single,350S200-43,33,24,20,L/600,108.0,
curtainwall_single,350S200-43,33,24,25,L/240,126.0,e
curtainwall_single,350S200-43,33,24,25,L/360,119.0,
curtainwall_single,350S200-43,33,24,25,L/600,100.0,
curtainwall_single,350S200-43,33,24,30,L/240,115.0,e
curtainwall_single,350S200-43,33,24,30,L/360,112.0,e
curtainwall_single,350S200-43,33,24,30,L/600,94.0,
curtainwall_single,350S200-43,33,24,35,L/240,106.0,e
curtainwall_single,350S200-43,33,24,35,L/360,106.0,e
curtainwall_single,350S200-43,33,24,35,L/600,89.0,e
curtainwall_single,350S200-43,33,24,40,L/240,100.0,e
curtainwall_single,350S200-43,33,24,40,L/360,100.0,e
curtainwall_single,350S200-43,33,24,40,L/600,85.0,e
curtainwall_single,350S200-54,33,12,5,L/120,351.0,
curtainwall_single,350S200-54,33,12,5,L/240,278.0,
curtainwall_single,350S200-54,33,12,5,L/360,243.0,
curtainwall_single,350S200-54,33,12,15,L/240,217.0,
curtainwall_single,350S200-54,33,12,15,L/360,190.0,
curtainwall_single,350S200-54,33,12,15,L/600,160.0,
curtainwall_single,350S200-54,33,12,20,L/240,197.0,
curtainwall_single,350S200-54,33,12,20,L/360,172.0,
curtainwall_single,350S200-54,33,12,20,L/600,145.0,
curtainwall_single,350S200-54,33,12,25,L/240,183.0,
curtainwall_single,350S200-54,33,12,25,L/360,160.0,
curtainwall_single,350S200-54,33,12,25,L/600,135.0,
curtainwall_single,350S200-54,33,12,30,L/240,172.0,
curtainwall_single,350S200-54,33,12,30,L/360,151.0,
curtainwall_single,350S200-54,33,12,30,L/600,127.0,
curtainwall_single,350S200-54,33,12,35,L/240,164.0,
curtainwall_single,350S200-54,33,12,35,L/360,143.0,
curtainwall_single,350S200-54,33,12,35,L/600,121.0,
curtainwall_single,350S200-54,33,12,40,L/240,157.0,
curtainwall_single,350S200-54,33,12,40,L/360,137.0,
curtainwall_single,350S200-54,33,12,40,L/600,115.0,
curtainwall_single,350S200-54,33,16,5,L/120,318.0,
curtainwall_single,350S200-54,33,16,5,L/240,253.0,
curtainwall_single,350S200-54,33,16,5,L/360,221.0,
curtainwall_single,350S200-54,33,16,15,L/240,197.0,
curtainwall_single,350S200-54,33,16,15,L/360,172.0,
curtainwall_single,350S200-54,33,16,15,L/600,145.0,
curtainwall_single,350S200-54,33,16,20,L/240,179.0,
curtainwall_single,350S200-54,33,16,20,L/360,157.0,
curtainwall_single,350S200-54,33,16,20,L/600,132.0,
curtainwall_single,350S200-54,33,16,25,L/240,166.0,
curtainwall_single,350S200-54,33,16,25,L/360,145.0,
curtainwall_single,350S200-54,33,16,25,L/600,123.0,
curtainwall_single,350S200-54,33,16,30,L/240,157.0,
curtainwall_single,350S200-54,33,16,30,L/360,137.0,
curtainwall_single,350S200-54,33,16,30,L/600,115.0,
curtainwall_single,350S200-54,33,16,35,L/240,149.0,
curtainwall_single,350S200-54,33,16,35,L/360,130.0,
curtainwall_single,350S200-54,33,16,35,L/600,110.0,
curtainwall_single,350S200-54,33,16,40,L/240,142.0,
curtainwall_single,350S200-54,33,16,40,L/360,124.0,
curtainwall_single,350S200-54,33,16,40,L/600,105.0,
curtainwall_single,350S200-54,33,24,5,L/120,278.0,
curtainwall_single,350S200-54,33,24,5,L/240,221.0,
curtainwall_single,350S200-54,33,24,5,L/360,193.0,
curtainwall_single,350S200-54,33,24,15,L/240,172.0,
curtainwall_single,350S200-54,33,24,15,L/360,151.0,
curtainwall_single,350S200-54,33,24,15,L/600,127.0,
curtainwall_single,350S200-54,33,24,20,L/240,157.0,
curtainwall_single,350S200-54,33,24,20,L/360,137.0,
curtainwall_single,350S200-54,33,24,20,L/600,115.0,
curtainwall_single,350S200-54,33,24,25,L/240,145.0,
curtainwall_single,350S200-54,33,24,25,L/360,127.0,
curtainwall_single,350S200-54,33,24,25,L/600,107.0,
curtainwall_single,350S200-54,33,24,30,L/240,136.0,
curtainwall_single,350S200-54,33,24,30,L/360,120.0,
curtainwall_single,350S200-54,33,24,30,L/600,101.0,
curtainwall_single,350S200-54,33,24,35,L/240,126.0,
curtainwall_single,350S200-54,33,24,35,L/360,114.0,
curtainwall_single,350S200-54,33,24,35,L/600,96.0,
curtainwall_single,350S200-54,33,24,40,L/240,118.0,
curtainwall_single,350S200-54,33,24,40,L/360,109.0,
curtainwall_single,350S200-54,33,24,40,L/600,92.0,
curtainwall_single,350S200-54,50,12,5,L/120,351.0,
curtainwall_single,350S200-54,50,12,5,L/240,278.0,
curtainwall_single,350S200-54,50,12,5,L/360,243.0,
curtainwall_single,350S200-54,50,12,15,L/240,217.0,
curtainwall_single,350S200-54,50,12,15,L/360,190.0,
curtainwall_single,350S200-54,50,12,15,L/600,160.0,
curtainwall_single,350S200-54,50,12,20,L/240,197.0,
curtainwall_single,350S200-54,50,12,20,L/360,172.0,
curtainwall_single,350S200-54,50,12,20,L/600,145.0,
curtainwall_single,350S200-54,50,12,25,L/240,183.0,
curtainwall_single,350S200-54,50,12,25,L/360,160.0,
curtainwall_single,350S200-54,50,12,25,L/600,135.0,
curtainwall_single,350S200-54,50,12,30,L/240,172.0,
curtainwall_single,350S200-54,50,12,30,L/360,151.0,
curtainwall_single,350S200-54,50,12,30,L/600,127.0,
curtainwall_single,350S200-54,50,12,35,L/240,164.0,
curtainwall_single,350S200-54,50,12,35,L/360,143.0,
curtainwall_single,350S200-54,50,12,35,L/600,121.0,
curtainwall_single,350S200-54,50,12,40,L/240,157.0,
curtainwall_single,350S200-54,50,12,40,L/360,137.0,
curtainwall_single,350S200-54,50,12,40,L/600,115.0,
curtainwall_single,350S200-54,50,16,5,L/120,318.0,
curtainwall_single,350S200-54,50,16,5,L/240,253.0,
curtainwall_single,350S200-54,50,16,5,L/360,221.0,
curtainwall_single,350S200-54,50,16,15,L/240,197.0,
curtainwall_single,350S200-54,50,16,15,L/360,172.0,
curtainwall_single,350S200-54,50,16,15,L/600,145.0,
curtainwall_single,350S200-54,50,16,20,L/240,179.0,
curtainwall_single,350S200-54,50,16,20,L/360,157.0,
curtainwall_single,350S200-54,50,16,20,L/600,132.0,
curtainwall_single,350S200-54,50,16,25,L/240,166.0,
curtainwall_single,350S200-54,50,16,25,L/360,145.0,
curtainwall_single,350S200-54,50,16,25,L/600,123.0,
curtainwall_single,350S200-54,50,16,30,L/240,157.0,
curtainwall_single,350S200-54,50,16,30,L/360,137.0,
curtainwall_single,350S200-54,50,16,30,L/600,115.0,
curtainwall_single,350S200-54,50,16,35,L/240,149.0,
curtainwall_single,350S200-54,50,16,35,L/360,130.0,
curtainwall_single,350S200-54,50,16,35,L/600,110.0,
curtainwall_single,350S200-54,50,16,40,L/240,142.0,
curtainwall_single,350S200-54,50,16,40,L/360,124.0,
curtainwall_single,350S200-54,50,16,40,L/600,105.0,
curtainwall_single,350S200-54,50,24,5,L/120,278.0,
curtainwall_single,350S200-54,50,24,5,L/240,221.0,
curtainwall_single,350S200-54,50,24,5,L/360,193.0,
curtainwall_single,350S200-54,50,24,15,L/240,172.0,
curtainwall_single,350S200-54,50,24,15,L/360,151.0,
curtainwall_single,350S200-54,50,24,15,L/600,127.0,
curtainwall_single,350S200-54,50,24,20,L/240,157.0,
curtainwall_single,350S200-54,50,24,20,L/360,137.0,
curtainwall_single,350S200-54,50,24,20,L/600,115.0,
curtainwall_single,350S200-54,50,24,25,L/240,145.0,
curtainwall_single,350S200-54,50,24,25,L/360,127.0,
curtainwall_single,350S200-54,50,24,25,L/600,107.0,
curtainwall_single,350S200-54,50,24,30,L/240,137.0,
curtainwall_single,350S200-54,50,24,30,L/360,120.0,
curtainwall_single,350S200-54,50,24,30,L/600,101.0,
curtainwall_single,350S200-54,50,24,35,L/240,130.0,
curtainwall_single,350S200-54,50,24,35,L/360,114.0,
curtainwall_single,350S200-54,50,24,35,L/600,96.0,
curtainwall_single,350S200-54,50,24,40,L/240,124.0,
curtainwall_single,350S200-54,50,24,40,L/360,109.0,
curtainwall_single,350S200-54,50,24,40,L/600,92.0,
curtainwall_single,350S200-68,50,12,5,L/120,375.0,
curtainwall_single,350S200-68,50,12,5,L/240,298.0,
curtainwall_single,350S200-68,50,12,5,L/360,260.0,
curtainwall_single,350S200-68,50,12,15,L/240,233.0,
curtainwall_single,350S200-68,50,12,15,L/360,203.0,
curtainwall_single,350S200-68,50,12,15,L/600,171.0,
curtainwall_single,350S200-68,50,12,20,L/240,211.0,
curtainwall_single,350S200-68,50,12,20,L/360,185.0,
curtainwall_single,350S200-68,50,12,20,L/600,156.0,
curtainwall_single,350S200-68,50,12,25,L/240,196.0,
curtainwall_single,350S200-68,50,12,25,L/360,171.0,
curtainwall_single,350S200-68,50,12,25,L/600,145.0,
curtainwall_single,350S200-68,50,12,30,L/240,185.0,
curtainwall_single,350S200-68,50,12,30,L/360,161.0,
curtainwall_single,350S200-68,50,12,30,L/600,136.0,
curtainwall_single,350S200-68,50,12,35,L/240,175.0,
curtainwall_single,350S200-68,50,12,35,L/360,153.0,
curtainwall_single,350S200-68,50,12,35,L/600,129.0,
curtainwall_single,350S200-68,50,12,40,L/240,168.0,
curtainwall_single,350S200-68,50,12,40,L/360,147.0,
curtainwall_single,350S200-68,50,12,40,L/600,124.0,
curtainwall_single,350S200-68,50,16,5,L/120,341.0,
curtainwall_single,350S200-68,50,16,5,L/240,271.0,
curtainwall_single,350S200-68,50,16,5,L/360,236.0,
curtainwall_single,350S200-68,50,16,15,L/240,211.0,
curtainwall_single,350S200-68,50,16,15,L/360,185.0,
curtainwall_single,350S200-68,50,16,15,L/600,156.0,
curtainwall_single,350S200-68,50,16,20,L/240,192.0,
curtainwall_single,350S200-68,50,16,20,L/360,168.0,
curtainwall_single,350S200-68,50,16,20,L/600,142.0,
curtainwall_single,350S200-68,50,16,25,L/240,178.0,
curtainwall_single,350S200-68,50,16,25,L/360,156.0,
curtainwall_single,350S200-68,50,16,25,L/600,131.0,
curtainwall_single,350S200-68,50,16,30,L/240,168.0,
curtainwall_single,350S200-68,50,16,30,L/360,147.0,
curtainwall_single,350S200-68,50,16,30,L/600,124.0,
curtainwall_single,350S200-68,50,16,35,L/240,159.0,
curtainwall_single,350S200-68,50,16,35,L/360,139.0,
curtainwall_single,350S200-68,50,16,35,L/600,117.0,
curtainwall_single,350S200-68,50,16,40,L/240,152.0,
curtainwall_single,350S200-68,50,16,40,L/360,133.0,
curtainwall_single,350S200-68,50,16,40,L/600,112.0,
curtainwall_single,350S200-68,50,24,5,L/120,298.0,
curtainwall_single,350S200-68,50,24,5,L/240,236.0,
curtainwall_single,350S200-68,50,24,5,L/360,207.0,
curtainwall_single,350S200-68,50,24,15,L/240,185.0,
curtainwall_single,350S200-68,50,24,15,L/360,161.0,
curtainwall_single,350S200-68,50,24,15,L/600,136.0,
curtainwall_single,350S200-68,50,24,20,L/240,168.0,
curtainwall_single,350S200-68,50,24,20,L/360,147.0,
curtainwall_single,350S200-68,50,24,20,L/600,124.0,
curtainwall_single,350S200-68,50,24,25,L/240,156.0,
curtainwall_single,350S200-68,50,24,25,L/360,136.0,
curtainwall_single,350S200-68,50,24,25,L/600,115.0,
curtainwall_single,350S200-68,50,24,30,L/240,147.0,
curtainwall_single,350S200-68,50,24,30,L/360,128.0,
curtainwall_single,350S200-68,50,24,30,L/600,108.0,
curtainwall_single,350S200-68,50,24,35,L/240,139.0,
curtainwall_single,350S200-68,50,24,35,L/360,122.0,
curtainwall_single,350S200-68,50,24,35,L/600,103.0,
curtainwall_single,350S200-68,50,24,40,L/240,133.0,
curtainwall_single,350S200-68,50,24,40,L/360,116.0,
curtainwall_single,350S200-68,50,24,40,L/600,98.0,
curtainwall_single,350S200-97,50,12,5,L/120,415.0,
curtainwall_single,350S200-97,50,12,5,L/240,329.0,
curtainwall_single,350S200-97,50,12,5,L/360,288.0,
curtainwall_single,350S200-97,50,12,15,L/240,257.0,
curtainwall_single,350S200-97,50,12,15,L/360,225.0,
curtainwall_single,350S200-97,50,12,15,L/600,190.0,
curtainwall_single,350S200-97,50,12,20,L/240,234.0,
curtainwall_single,350S200-97,50,12,20,L/360,204.0,
curtainwall_single,350S200-97,50,12,20,L/600,172.0,
curtainwall_single,350S200-97,50,12,25,L/240,217.0,
curtainwall_single,350S200-97,50,12,25,L/360,190.0,
curtainwall_single,350S200-97,50,12,25,L/600,160.0,
curtainwall_single,350S200-97,50,12,30,L/240,204.0,
curtainwall_single,350S200-97,50,12,30,L/360,178.0,
curtainwall_single,350S200-97,50,12,30,L/600,150.0,
curtainwall_single,350S200-97,50,12,35,L/240,194.0,
curtainwall_single,350S200-97,50,12,35,L/360,169.0,
curtainwall_single,350S200-97,50,12,35,L/600,143.0,
curtainwall_single,350S200-97,50,12,40,L/240,186.0,
curtainwall_single,350S200-97,50,12,40,L/360,162.0,
curtainwall_single,350S200-97,50,12,40,L/600,137.0,
curtainwall_single,350S200-97,50,16,5,L/120,377.0,
curtainwall_single,350S200-97,50,16,5,L/240,299.0,
curtainwall_single,350S200-97,50,16,5,L/360,261.0,
curtainwall_single,350S200-97,50,16,15,L/240,234.0,
curtainwall_single,350S200-97,50,16,15,L/360,204.0,
curtainwall_single,350S200-97,50,16,15,L/600,172.0,
curtainwall_single,350S200-97,50,16,20,L/240,212.0,
curtainwall_single,350S200-97,50,16,20,L/360,186.0,
curtainwall_single,350S200-97,50,16,20,L/600,156.0,
curtainwall_single,350S200-97,50,16,25,L/240,197.0,
curtainwall_single,350S200-97,50,16,25,L/360,172.0,
curtainwall_single,350S200-97,50,16,25,L/600,145.0,
curtainwall_single,350S200-97,50,16,30,L/240,186.0,
curtainwall_single,350S200-97,50,16,30,L/360,162.0,
curtainwall_single,350S200-97,50,16,30,L/600,137.0,
curtainwall_single,350S200-97,50,16,35,L/240,176.0,
curtainwall_single,350S200-97,50,16,35,L/360,154.0,
curtainwall_single,350S200-97,50,16,35,L/600,130.0,
curtainwall_single,350S200-97,50,16,40,L/240,169.0,
curtainwall_single,350S200-97,50,16,40,L/360,147.0,
curtainwall_single,350S200-97,50,16,40,L/600,124.0,
curtainwall_single,350S200-97,50,24,5,L/120,329.0,
curtainwall_single,350S200-97,50,24,5,L/240,261.0,
curtainwall_single,350S200-97,50,24,5,L/360,228.0,
curtainwall_single,350S200-97,50,24,15,L/240,204.0,
curtainwall_single,350S200-97,50,24,15,L/360,178.0,
curtainwall_single,350S200-97,50,24,15,L/600,150.0,
curtainwall_single,350S200-97,50,24,20,L/240,186.0,
curtainwall_single,350S200-97,50,24,20,L/360,162.0,
curtainwall_single,350S200-97,50,24,20,L/600,137.0,
curtainwall_single,350S200-97,50,24,25,L/240,172.0,
curtainwall_single,350S200-97,50,24,25,L/360,150.0,
curtainwall_single,350S200-97,50,24,25,L/600,127.0,
curtainwall_single,350S200-97,50,24,30,L/240,162.0,
curtainwall_single,350S200-97,50,24,30,L/360,142.0,
curtainwall_single,350S200-97,50,24,30,L/600,119.0,
curtainwall_single,350S200-97,50,24,35,L/240,154.0,
curtainwall_single,350S200-97,50,24,35,L/360,134.0,
curtainwall_single,350S200-97,50,24,35,L/600,113.0,
curtainwall_single,350S200-97,50,24,40,L/240,147.0,
curtainwall_single,350S200-97,50,24,40,L/360,129.0,
curtainwall_single,350S200-97,50,24,40,L/600,108.0,
curtainwall_single,362S137-33,33,12,5,L/120,279.0,
curtainwall_single,362S137-33,33,12,5,L/240,221.0,
curtainwall_single,362S137-33,33,12,5,L/360,193.0,
curtainwall_single,362S137-33,33,12,15,L/240,173.0,
curtainwall_single,362S137-33,33,12,15,L/360,151.0,
curtainwall_single,362S137-33,33,12,15,L/600,127.0,
curtainwall_single,362S137-33,33,12,20,L/240,151.0,
curtainwall_single,362S137-33,33,12,20,L/360,137.0,
curtainwall_single,362S137-33,33,12,20,L/600,116.0,
curtainwall_single,362S137-33,33,12,25,L/240,135.0,e
curtainwall_single,362S137-33,33,12,25,L/360,127.0,e
curtainwall_single,362S137-33,33,12,25,L/600,107.0,
curtainwall_single,362S137-33,33,12,30,L/240,123.0,e
curtainwall_single,362S137-33,33,12,30,L/360,120.0,e
curtainwall_single,362S137-33,33,12,30,L/600,101.0,
curtainwall_single,362S137-33,33,12,35,L/240,114.0,e
curtainwall_single,362S137-33,33,12,35,L/360,114.0,e
curtainwall_single,362S137-33,33,12,35,L/600,96.0,e
curtainwall_single,362S137-33,33,12,40,L/240,107.0,e
curtainwall_single,362S137-33,33,12,40,L/360,107.0,e
curtainwall_single,362S137-33,33,12,40,L/600,92.0,e
curtainwall_single,362S137-33,33,16,5,L/120,253.0,
curtainwall_single,362S137-33,33,16,5,L/240,201.0,
curtainwall_single,362S137-33,33,16,5,L/360,176.0,
curtainwall_single,362S137-33,33,16,15,L/240,151.0,
curtainwall_single,362S137-33,33,16,15,L/360,137.0,
curtainwall_single,362S137-33,33,16,15,L/600,116.0,
curtainwall_single,362S137-33,33,16,20,L/240,131.0,e
curtainwall_single,362S137-33,33,16,20,L/360,125.0,e
curtainwall_single,362S137-33,33,16,20,L/600,105.0,
curtainwall_single,362S137-33,33,16,25,L/240,117.0,e
curtainwall_single,362S137-33,33,16,25,L/360,116.0,e
curtainwall_single,362S137-33,33,16,25,L/600,98.0,e
curtainwall_single,362S137-33,33,16,30,L/240,107.0,e
curtainwall_single,362S137-33,33,16,30,L/360,107.0,e
curtainwall_single,362S137-33,33,16,30,L/600,92.0,e
curtainwall_single,362S137-33,33,16,35,L/240,99.0,e
curtainwall_single,362S137-33,33,16,35,L/360,99.0,e
curtainwall_single,362S137-33,33,16,35,L/600,87.0,e
curtainwall_single,362S137-33,33,16,40,L/240,92.0,e
curtainwall_single,362S137-33,33,16,40,L/360,92.0,e
curtainwall_single,362S137-33,33,16,40,L/600,83.0,e
curtainwall_single,362S137-33,33,24,5,L/120,213.0,
curtainwall_single,362S137-33,33,24,5,L/240,176.0,
curtainwall_single,362S137-33,33,24,5,L/360,154.0,
curtainwall_single,362S137-33,33,24,15,L/240,123.0,e
curtainwall_single,362S137-33,33,24,15,L/360,120.0,e
curtainwall_single,362S137-33,33,24,15,L/600,101.0,
curtainwall_single,362S137-33,33,24,20,L/240,107.0,e
curtainwall_single,362S137-33,33,24,20,L/360,107.0,e
curtainwall_single,362S137-33,33,24,20,L/600,92.0,e
curtainwall_single,362S137-33,33,24,25,L/240,95.0,e
curtainwall_single,362S137-33,33,24,25,L/360,95.0,e
curtainwall_single,362S137-33,33,24,25,L/600,85.0,e
curtainwall_single,362S137-33,33,24,30,L/240,87.0,e
curtainwall_single,362S137-33,33,24,30,L/360,87.0,e
curtainwall_single,362S137-33,33,24,30,L/600,80.0,e
curtainwall_single,362S137-33,33,24,35,L/240,81.0,e
curtainwall_single,362S137-33,33,24,35,L/360,81.0,e
curtainwall_single,362S137-33,33,24,35,L/600,76.0,e
curtainwall_single,362S137-33,33,24,40,L/240,75.0,e
curtainwall_single,362S137-33,33,24,40,L/360,75.0,e
curtainwall_single,362S137-33,33,24,40,L/600,73.0,e
curtainwall_single,362S137-43,33,12,5,L/120,303.0,
curtainwall_single,362S137-43,33,12,5,L/240,241.0,
curtainwall_single,362S137-43,33,12,5,L/360,210.0,
curtainwall_single,362S137-43,33,12,15,L/240,188.0,
curtainwall_single,362S137-43,33,12,15,L/360,164.0,
curtainwall_single,362S137-43,33,12,15,L/600,139.0,
curtainwall_single,362S137-43,33,12,20,L/240,171.0,
curtainwall_single,362S137-43,33,12,20,L/360,149.0,
curtainwall_single,362S137-43,33,12,20,L/600,126.0,
curtainwall_single,362S137-43,33,12,25,L/240,158.0,
curtainwall_single,362S137-43,33,12,25,L/360,139.0,
curtainwall_single,362S137-43,33,12,25,L/600,117.0,
curtainwall_single,362S137-43,33,12,30,L/240,144.0,
curtainwall_single,362S137-43,33,12,30,L/360,130.0,
curtainwall_single,362S137-43,33,12,30,L/600,110.0,
curtainwall_single,362S137-43,33,12,35,L/240,133.0,
curtainwall_single,362S137-43,33,12,35,L/360,124.0,
curtainwall_single,362S137-43,33,12,35,L/600,104.0,
curtainwall_single,362S137-43,33,12,40,L/240,125.0,
curtainwall_single,362S137-43,33,12,40,L/360,118.0,
curtainwall_single,362S137-43,33,12,40,L/600,100.0,
curtainwall_single,362S137-43,33,16,5,L/120,276.0,
curtainwall_single,362S137-43,33,16,5,L/240,219.0,
curtainwall_single,362S137-43,33,16,5,L/360,191.0,
curtainwall_single,362S137-43,33,16,15,L/240,171.0,
curtainwall_single,362S137-43,33,16,15,L/360,149.0,
curtainwall_single,362S137-43,33,16,15,L/600,126.0,
curtainwall_single,362S137-43,33,16,20,L/240,153.0,
curtainwall_single,362S137-43,33,16,20,L/360,136.0,
curtainwall_single,362S137-43,33,16,20,L/600,114.0,
curtainwall_single,362S137-43,33,16,25,L/240,137.0,
curtainwall_single,362S137-43,33,16,25,L/360,126.0,
curtainwall_single,362S137-43,33,16,25,L/600,106.0,
curtainwall_single,362S137-43,33,16,30,L/240,125.0,
curtainwall_single,362S137-43,33,16,30,L/360,118.0,
curtainwall_single,362S137-43,33,16,30,L/600,100.0,
curtainwall_single,362S137-43,33,16,35,L/240,115.0,
curtainwall_single,362S137-43,33,16,35,L/360,113.0,
curtainwall_single,362S137-43,33,16,35,L/600,95.0,
curtainwall_single,362S137-43,33,16,40,L/240,108.0,
curtainwall_single,362S137-43,33,16,40,L/360,108.0,
curtainwall_single,362S137-43,33,16,40,L/600,91.0,
curtainwall_single,362S137-43,33,24,5,L/120,241.0,
curtainwall_single,362S137-43,33,24,5,L/240,191.0,
curtainwall_single,362S137-43,33,24,5,L/360,167.0,
curtainwall_single,362S137-43,33,24,15,L/240,144.0,
curtainwall_single,362S137-43,33,24,15,L/360,130.0,
curtainwall_single,362S137-43,33,24,15,L/600,110.0,
curtainwall_single,362S137-43,33,24,20,L/240,125.0,
curtainwall_single,362S137-43,33,24,20,L/360,118.0,
curtainwall_single,362S137-43,33,24,20,L/600,100.0,
curtainwall_single,362S137-43,33,24,25,L/240,112.0,
curtainwall_single,362S137-43,33,24,25,L/360,110.0,
curtainwall_single,362S137-43,33,24,25,L/600,93.0,
curtainwall_single,362S137-43,33,24,30,L/240,102.0,
curtainwall_single,362S137-43,33,24,30,L/360,102.0,
curtainwall_single,362S137-43,33,24,30,L/600,87.0,
curtainwall_single,362S137-43,33,24,35,L/240,94.0,e
curtainwall_single,362S137-43,33,24,35,L/360,94.0,e
curtainwall_single,362S137-43,33,24,35,L/600,83.0,
curtainwall_single,362S137-43,33,24,40,L/240,88.0,e
curtainwall_single,362S137-43,33,24,40,L/360,88.0,e
curtainwall_single,362S137-43,33,24,40,L/600,79.0,e
curtainwall_single,362S137-54,33,12,5,L/120,325.0,
curtainwall_single,362S137-54,33,12,5,L/240,258.0,
curtainwall_single,362S137-54,33,12,5,L/360,225.0,
curtainwall_single,362S137-54,33,12,15,L/240,201.0,
curtainwall_single,362S137-54,33,12,15,L/360,176.0,
curtainwall_single,362S137-54,33,12,15,L/600,148.0,
curtainwall_single,362S137-54,33,12,20,L/240,183.0,
curtainwall_single,362S137-54,33,12,20,L/360,160.0,
curtainwall_single,362S137-54,33,12,20,L/600,135.0,
curtainwall_single,362S137-54,33,12,25,L/240,170.0,
curtainwall_single,362S137-54,33,12,25,L/360,148.0,
curtainwall_single,362S137-54,33,12,25,L/600,125.0,
curtainwall_single,362S137-54,33,12,30,L/240,160.0,
curtainwall_single,362S137-54,33,12,30,L/360,140.0,
curtainwall_single,362S137-54,33,12,30,L/600,118.0,
curtainwall_single,362S137-54,33,12,35,L/240,152.0,
curtainwall_single,362S137-54,33,12,35,L/360,133.0,
curtainwall_single,362S137-54,33,12,35,L/600,112.0,
curtainwall_single,362S137-54,33,12,40,L/240,145.0,
curtainwall_single,362S137-54,33,12,40,L/360,127.0,
curtainwall_single,362S137-54,33,12,40,L/600,107.0,
curtainwall_single,362S137-54,33,16,5,L/120,295.0,
curtainwall_single,362S137-54,33,16,5,L/240,234.0,
curtainwall_single,362S137-54,33,16,5,L/360,205.0,
curtainwall_single,362S137-54,33,16,15,L/240,183.0,
curtainwall_single,362S137-54,33,16,15,L/360,160.0,
curtainwall_single,362S137-54,33,16,15,L/600,135.0,
curtainwall_single,362S137-54,33,16,20,L/240,166.0,
curtainwall_single,362S137-54,33,16,20,L/360,145.0,
curtainwall_single,362S137-54,33,16,20,L/600,122.0,
curtainwall_single,362S137-54,33,16,25,L/240,154.0,
curtainwall_single,362S137-54,33,16,25,L/360,135.0,
curtainwall_single,362S137-54,33,16,25,L/600,114.0,
curtainwall_single,362S137-54,33,16,30,L/240,145.0,
curtainwall_single,362S137-54,33,16,30,L/360,127.0,
curtainwall_single,362S137-54,33,16,30,L/600,107.0,
curtainwall_single,362S137-54,33,16,35,L/240,135.0,
curtainwall_single,362S137-54,33,16,35,L/360,120.0,
curtainwall_single,362S137-54,33,16,35,L/600,102.0,
curtainwall_single,362S137-54,33,16,40,L/240,126.0,
curtainwall_single,362S137-54,33,16,40,L/360,115.0,
curtainwall_single,362S137-54,33,16,40,L/600,97.0,
curtainwall_single,362S137-54,33,24,5,L/120,258.0,
curtainwall_single,362S137-54,33,24,5,L/240,205.0,
curtainwall_single,362S137-54,33,24,5,L/360,179.0,
curtainwall_single,362S137-54,33,24,15,L/240,160.0,
curtainwall_single,362S137-54,33,24,15,L/360,140.0,
curtainwall_single,362S137-54,33,24,15,L/600,118.0,
curtainwall_single,362S137-54,33,24,20,L/240,145.0,
curtainwall_single,362S137-54,33,24,20,L/360,127.0,
curtainwall_single,362S137-54,33,24,20,L/600,107.0,
curtainwall_single,362S137-54,33,24,25,L/240,130.0,
curtainwall_single,362S137-54,33,24,25,L/360,118.0,
curtainwall_single,362S137-54,33,24,25,L/600,99.0,
curtainwall_single,362S137-54,33,24,30,L/240,119.0,
curtainwall_single,362S137-54,33,24,30,L/360,111.0,
curtainwall_single,362S137-54,33,24,30,L/600,93.0,
curtainwall_single,362S137-54,33,24,35,L/240,110.0,
curtainwall_single,362S137-54,33,24,35,L/360,105.0,
curtainwall_single,362S137-54,33,24,35,L/600,89.0,
curtainwall_single,362S137-54,33,24,40,L/240,103.0,
curtainwall_single,362S137-54,33,24,40,L/360,101.0,
curtainwall_single,362S137-54,33,24,40,L/600,85.0,
curtainwall_single,362S137-54,50,12,5,L/120,325.0,
curtainwall_single,362S137-54,50,12,5,L/240,258.0,
curtainwall_single,362S137-54,50,12,5,L/360,225.0,
curtainwall_single,362S137-54,50,12,15,L/240,201.0,
curtainwall_single,362S137-54,50,12,15,L/360,176.0,
curtainwall_single,362S137-54,50,12,15,L/600,148.0,
curtainwall_single,362S137-54,50,12,20,L/240,183.0,
curtainwall_single,362S137-54,50,12,20,L/360,160.0,
curtainwall_single,362S137-54,50,12,20,L/600,135.0,
curtainwall_single,362S137-54,50,12,25,L/240,170.0,
curtainwall_single,362S137-54,50,12,25,L/360,148.0,
curtainwall_single,362S137-54,50,12,25,L/600,125.0,
curtainwall_single,362S137-54,50,12,30,L/240,160.0,
curtainwall_single,362S137-54,50,12,30,L/360,140.0,
curtainwall_single,362S137-54,50,12,30,L/600,118.0,
curtainwall_single,362S137-54,50,12,35,L/240,152.0,
curtainwall_single,362S137-54,50,12,35,L/360,133.0,
curtainwall_single,362S137-54,50,12,35,L/600,112.0,
curtainwall_single,362S137-54,50,12,40,L/240,145.0,
curtainwall_single,362S137-54,50,12,40,L/360,127.0,
curtainwall_single,362S137-54,50,12,40,L/600,107.0,
curtainwall_single,362S137-54,50,16,5,L/120,295.0,
curtainwall_single,362S137-54,50,16,5,L/240,234.0,
curtainwall_single,362S137-54,50,16,5,L/360,205.0,
curtainwall_single,362S137-54,50,16,15,L/240,183.0,
curtainwall_single,362S137-54,50,16,15,L/360,160.0,
curtainwall_single,362S137-54,50,16,15,L/600,135.0,
curtainwall_single,362S137-54,50,16,20,L/240,166.0,
curtainwall_single,362S137-54,50,16,20,L/360,145.0,
curtainwall_single,362S137-54,50,16,20,L/600,122.0,
curtainwall_single,362S137-54,50,16,25,L/240,154.0,
curtainwall_single,362S137-54,50,16,25,L/360,135.0,
curtainwall_single,362S137-54,50,16,25,L/600,114.0,
curtainwall_single,362S137-54,50,16,30,L/240,145.0,
curtainwall_single,362S137-54,50,16,30,L/360,127.0,
curtainwall_single,362S137-54,50,16,30,L/600,107.0,
curtainwall_single,362S137-54,50,16,35,L/240,138.0,
curtainwall_single,362S137-54,50,16,35,L/360,120.0,
curtainwall_single,362S137-54,50,16,35,L/600,102.0,
curtainwall_single,362S137-54,50,16,40,L/240,132.0,
curtainwall_single,362S137-54,50,16,40,L/360,115.0,
curtainwall_single,362S137-54,50,16,40,L/600,97.0,
curtainwall_single,362S137-54,50,24,5,L/120,258.0,
curtainwall_single,362S137-54,50,24,5,L/240,205.0,
curtainwall_single,362S137-54,50,24,5,L/360,179.0,
curtainwall_single,362S137-54,50,24,15,L/240,160.0,
curtainwall_single,362S137-54,50,24,15,L/360,140.0,
curtainwall_single,362S137-54,50,24,15,L/600,118.0,
curtainwall_single,362S137-54,50,24,20,L/240,145.0,
curtainwall_single,362S137-54,50,24,20,L/360,127.0,
curtainwall_single,362S137-54,50,24,20,L/600,107.0,
curtainwall_single,362S137-54,50,24,25,L/240,135.0,
curtainwall_single,362S137-54,50,24,25,L/360,118.0,
curtainwall_single,362S137-54,50,24,25,L/600,99.0,
curtainwall_single,362S137-54,50,24,30,L/240,127.0,
curtainwall_single,362S137-54,50,24,30,L/360,111.0,
curtainwall_single,362S137-54,50,24,30,L/600,93.0,
curtainwall_single,362S137-54,50,24,35,L/240,120.0,
curtainwall_single,362S137-54,50,24,35,L/360,105.0,
curtainwall_single,362S137-54,50,24,35,L/600,89.0,
curtainwall_single,362S137-54,50,24,40,L/240,115.0,
curtainwall_single,362S137-54,50,24,40,L/360,101.0,
curtainwall_single,362S137-54,50,24,40,L/600,85.0,
curtainwall_single,362S137-68,50,12,5,L/120,347.0,
curtainwall_single,362S137-68,50,12,5,L/240,276.0,
curtainwall_single,362S137-68,50,12,5,L/360,241.0,
curtainwall_single,362S137-68,50,12,15,L/240,215.0,
curtainwall_single,362S137-68,50,12,15,L/360,188.0,
curtainwall_single,362S137-68,50,12,15,L/600,159.0,
curtainwall_single,362S137-68,50,12,20,L/240,195.0,
curtainwall_single,362S137-68,50,12,20,L/360,171.0,
curtainwall_single,362S137-68,50,12,20,L/600,144.0,
curtainwall_single,362S137-68,50,12,25,L/240,181.0,
curtainwall_single,362S137-68,50,12,25,L/360,159.0,
curtainwall_single,362S137-68,50,12,25,L/600,134.0,
curtainwall_single,362S137-68,50,12,30,L/240,171.0,
curtainwall_single,362S137-68,50,12,30,L/360,149.0,
curtainwall_single,362S137-68,50,12,30,L/600,126.0,
curtainwall_single,362S137-68,50,12,35,L/240,162.0,
curtainwall_single,362S137-68,50,12,35,L/360,142.0,
curtainwall_single,362S137-68,50,12,35,L/600,120.0,
curtainwall_single,362S137-68,50,12,40,L/240,155.0,
curtainwall_single,362S137-68,50,12,40,L/360,136.0,
curtainwall_single,362S137-68,50,12,40,L/600,114.0,
curtainwall_single,362S137-68,50,16,5,L/120,315.0,
curtainwall_single,362S137-68,50,16,5,L/240,250.0,
curtainwall_single,362S137-68,50,16,5,L/360,219.0,
curtainwall_single,362S137-68,50,16,15,L/240,195.0,
curtainwall_single,362S137-68,50,16,15,L/360,171.0,
curtainwall_single,362S137-68,50,16,15,L/600,144.0,
curtainwall_single,362S137-68,50,16,20,L/240,178.0,
curtainwall_single,362S137-68,50,16,20,L/360,155.0,
curtainwall_single,362S137-68,50,16,20,L/600,131.0,
curtainwall_single,362S137-68,50,16,25,L/240,165.0,
curtainwall_single,362S137-68,50,16,25,L/360,144.0,
curtainwall_single,362S137-68,50,16,25,L/600,121.0,
curtainwall_single,362S137-68,50,16,30,L/240,155.0,
curtainwall_single,362S137-68,50,16,30,L/360,136.0,
curtainwall_single,362S137-68,50,16,30,L/600,114.0,
curtainwall_single,362S137-68,50,16,35,L/240,147.0,
curtainwall_single,362S137-68,50,16,35,L/360,129.0,
curtainwall_single,362S137-68,50,16,35,L/600,109.0,
curtainwall_single,362S137-68,50,16,40,L/240,141.0,
curtainwall_single,362S137-68,50,16,40,L/360,123.0,
curtainwall_single,362S137-68,50,16,40,L/600,104.0,
curtainwall_single,362S137-68,50,24,5,L/120,276.0,
curtainwall_single,362S137-68,50,24,5,L/240,219.0,
curtainwall_single,362S137-68,50,24,5,L/360,191.0,
curtainwall_single,362S137-68,50,24,15,L/240,171.0,
curtainwall_single,362S137-68,50,24,15,L/360,149.0,
curtainwall_single,362S137-68,50,24,15,L/600,126.0,
curtainwall_single,362S137-68,50,24,20,L/240,155.0,
curtainwall_single,362S137-68,50,24,20,L/360,136.0,
curtainwall_single,362S137-68,50,24,20,L/600,114.0,
curtainwall_single,362S137-68,50,24,25,L/240,144.0,
curtainwall_single,362S137-68,50,24,25,L/360,126.0,
curtainwall_single,362S137-68,50,24,25,L/600,106.0,
curtainwall_single,362S137-68,50,24,30,L/240,136.0,
curtainwall_single,362S137-68,50,24,30,L/360,118.0,
curtainwall_single,362S137-68,50,24,30,L/600,100.0,
curtainwall_single,362S137-68,50,24,35,L/240,129.0,
curtainwall_single,362S137-68,50,24,35,L/360,112.0,
curtainwall_single,362S137-68,50,24,35,L/600,95.0,
curtainwall_single,362S137-68,50,24,40,L/240,123.0,
curtainwall_single,362S137-68,50,24,40,L/360,108.0,
curtainwall_single,362S137-68,50,24,40,L/600,91.0,
curtainwall_single,362S162-33,33,12,5,L/120,292.0,
curtainwall_single,362S162-33,33,12,5,L/240,232.0,
curtainwall_single,362S162-33,33,12,5,L/360,203.0,
curtainwall_single,362S162-33,33,12,15,L/240,181.0,
curtainwall_single,362S162-33,33,12,15,L/360,158.0,
curtainwall_single,362S162-33,33,12,15,L/600,133.0,
curtainwall_single,362S162-33,33,12,20,L/240,162.0,e
curtainwall_single,362S162-33,33,12,20,L/360,144.0,
curtainwall_single,362S162-33,33,12,20,L/600,121.0,
curtainwall_single,362S162-33,33,12,25,L/240,145.0,e
curtainwall_single,362S162-33,33,12,25,L/360,133.0,e
curtainwall_single,362S162-33,33,12,25,L/600,113.0,
curtainwall_single,362S162-33,33,12,30,L/240,132.0,e
curtainwall_single,362S162-33,33,12,30,L/360,126.0,e
curtainwall_single,362S162-33,33,12,30,L/600,106.0,e
curtainwall_single,362S162-33,33,12,35,L/240,122.0,e
curtainwall_single,362S162-33,33,12,35,L/360,119.0,e
curtainwall_single,362S162-33,33,12,35,L/600,101.0,e
curtainwall_single,362S162-33,33,12,40,L/240,114.0,e
curtainwall_single,362S162-33,33,12,40,L/360,114.0,e
curtainwall_single,362S162-33,33,12,40,L/600,96.0,e
curtainwall_single,362S162-33,33,16,5,L/120,266.0,
curtainwall_single,362S162-33,33,16,5,L/240,211.0,
curtainwall_single,362S162-33,33,16,5,L/360,184.0,
curtainwall_single,362S162-33,33,16,15,L/240,162.0,e
curtainwall_single,362S162-33,33,16,15,L/360,144.0,
curtainwall_single,362S162-33,33,16,15,L/600,121.0,
curtainwall_single,362S162-33,33,16,20,L/240,140.0,e
curtainwall_single,362S162-33,33,16,20,L/360,131.0,e
curtainwall_single,362S162-33,33,16,20,L/600,110.0,
curtainwall_single,362S162-33,33,16,25,L/240,125.0,e
curtainwall_single,362S162-33,33,16,25,L/360,121.0,e
curtainwall_single,362S162-33,33,16,25,L/600,102.0,e
curtainwall_single,362S162-33,33,16,30,L/240,114.0,e
curtainwall_single,362S162-33,33,16,30,L/360,114.0,e
curtainwall_single,362S162-33,33,16,30,L/600,96.0,e
curtainwall_single,362S162-33,33,16,35,L/240,106.0,e
curtainwall_single,362S162-33,33,16,35,L/360,106.0,e
curtainwall_single,362S162-33,33,16,35,L/600,91.0,e
curtainwall_single,362S162-33,33,16,40,L/240,99.0,e
curtainwall_single,362S162-33,33,16,40,L/360,99.0,e
curtainwall_single,362S162-33,33,16,40,L/600,87.0,e
curtainwall_single,362S162-33,33,24,5,L/120,228.0,
curtainwall_single,362S162-33,33,24,5,L/240,184.0,
curtainwall_single,362S162-33,33,24,5,L/360,161.0,
curtainwall_single,362S162-33,33,24,15,L/240,132.0,e
curtainwall_single,362S162-33,33,24,15,L/360,126.0,e
curtainwall_single,362S162-33,33,24,15,L/600,106.0,e
curtainwall_single,362S162-33,33,24,20,L/240,114.0,e
curtainwall_single,362S162-33,33,24,20,L/360,114.0,e
curtainwall_single,362S162-33,33,24,20,L/600,96.0,e
curtainwall_single,362S162-33,33,24,25,L/240,102.0,e
curtainwall_single,362S162-33,33,24,25,L/360,102.0,e
curtainwall_single,362S162-33,33,24,25,L/600,89.0,e
curtainwall_single,362S162-33,33,24,30,L/240,93.0,e
curtainwall_single,362S162-33,33,24,30,L/360,93.0,e
curtainwall_single,362S162-33,33,24,30,L/600,84.0,e
curtainwall_single,362S162-33,33,24,35,L/240,86.0,e
curtainwall_single,362S162-33,33,24,35,L/360,86.0,e
curtainwall_single,362S162-33,33,24,35,L/600,80.0,e
curtainwall_single,362S162-33,33,24,40,L/240,81.0,e
curtainwall_single,362S162-33,33,24,40,L/360,81.0,e
curtainwall_single,362S162-33,33,24,40,L/600,76.0,e
curtainwall_single,362S162-43,33,12,5,L/120,318.0,
curtainwall_single,362S162-43,33,12,5,L/240,252.0,
curtainwall_single,362S162-43,33,12,5,L/360,221.0,
curtainwall_single,362S162-43,33,12,15,L/240,197.0,
curtainwall_single,362S162-43,33,12,15,L/360,172.0,
curtainwall_single,362S162-43,33,12,15,L/600,145.0,
curtainwall_single,362S162-43,33,12,20,L/240,179.0,
curtainwall_single,362S162-43,33,12,20,L/360,156.0,
curtainwall_single,362S162-43,33,12,20,L/600,132.0,
curtainwall_single,362S162-43,33,12,25,L/240,166.0,
curtainwall_single,362S162-43,33,12,25,L/360,145.0,
curtainwall_single,362S162-43,33,12,25,L/600,122.0,
curtainwall_single,362S162-43,33,12,30,L/240,155.0,
curtainwall_single,362S162-43,33,12,30,L/360,137.0,
curtainwall_single,362S162-43,33,12,30,L/600,115.0,
curtainwall_single,362S162-43,33,12,35,L/240,143.0,
curtainwall_single,362S162-43,33,12,35,L/360,130.0,
curtainwall_single,362S162-43,33,12,35,L/600,110.0,
curtainwall_single,362S162-43,33,12,40,L/240,134.0,
curtainwall_single,362S162-43,33,12,40,L/360,124.0,
curtainwall_single,362S162-43,33,12,40,L/600,105.0,
curtainwall_single,362S162-43,33,16,5,L/120,289.0,
curtainwall_single,362S162-43,33,16,5,L/240,229.0,
curtainwall_single,362S162-43,33,16,5,L/360,200.0,
curtainwall_single,362S162-43,33,16,15,L/240,179.0,
curtainwall_single,362S162-43,33,16,15,L/360,156.0,
curtainwall_single,362S162-43,33,16,15,L/600,132.0,
curtainwall_single,362S162-43,33,16,20,L/240,163.0,
curtainwall_single,362S162-43,33,16,20,L/360,142.0,
curtainwall_single,362S162-43,33,16,20,L/600,120.0,
curtainwall_single,362S162-43,33,16,25,L/240,147.0,
curtainwall_single,362S162-43,33,16,25,L/360,132.0,
curtainwall_single,362S162-43,33,16,25,L/600,111.0,
curtainwall_single,362S162-43,33,16,30,L/240,134.0,
curtainwall_single,362S162-43,33,16,30,L/360,124.0,
curtainwall_single,362S162-43,33,16,30,L/600,105.0,
curtainwall_single,362S162-43,33,16,35,L/240,124.0,
curtainwall_single,362S162-43,33,16,35,L/360,118.0,
curtainwall_single,362S162-43,33,16,35,L/600,99.0,
curtainwall_single,362S162-43,33,16,40,L/240,116.0,e
curtainwall_single,362S162-43,33,16,40,L/360,113.0,
curtainwall_single,362S162-43,33,16,40,L/600,95.0,
curtainwall_single,362S162-43,33,24,5,L/120,252.0,
curtainwall_single,362S162-43,33,24,5,L/240,200.0,
curtainwall_single,362S162-43,33,24,5,L/360,175.0,
curtainwall_single,362S162-43,33,24,15,L/240,155.0,
curtainwall_single,362S162-43,33,24,15,L/360,137.0,
curtainwall_single,362S162-43,33,24,15,L/600,115.0,
curtainwall_single,362S162-43,33,24,20,L/240,134.0,
curtainwall_single,362S162-43,33,24,20,L/360,124.0,
curtainwall_single,362S162-43,33,24,20,L/600,105.0,
curtainwall_single,362S162-43,33,24,25,L/240,120.0,
curtainwall_single,362S162-43,33,24,25,L/360,115.0,
curtainwall_single,362S162-43,33,24,25,L/600,97.0,
curtainwall_single,362S162-43,33,24,30,L/240,110.0,e
curtainwall_single,362S162-43,33,24,30,L/360,108.0,e
curtainwall_single,362S162-43,33,24,30,L/600,91.0,
curtainwall_single,362S162-43,33,24,35,L/240,101.0,e
curtainwall_single,362S162-43,33,24,35,L/360,101.0,e
curtainwall_single,362S162-43,33,24,35,L/600,87.0,
curtainwall_single,362S162-43,33,24,40,L/240,95.0,e
curtainwall_single,362S162-43,33,24,40,L/360,95.0,e
curtainwall_single,362S162-43,33,24,40,L/600,83.0,e
curtainwall_single,362S162-54,33,12,5,L/120,341.0,
curtainwall_single,362S162-54,33,12,5,L/240,270.0,
curtainwall_single,362S162-54,33,12,5,L/360,236.0,
curtainwall_single,362S162-54,33,12,15,L/240,211.0,
curtainwall_single,362S162-54,33,12,15,L/360,184.0,
curtainwall_single,362S162-54,33,12,15,L/600,156.0,
curtainwall_single,362S162-54,33,12,20,L/240,192.0,
curtainwall_single,362S162-54,33,12,20,L/360,168.0,
curtainwall_single,362S162-54,33,12,20,L/600,141.0,
curtainwall_single,362S162-54,33,12,25,L/240,178.0,
curtainwall_single,362S162-54,33,12,25,L/360,156.0,
curtainwall_single,362S162-54,33,12,25,L/600,131.0,
curtainwall_single,362S162-54,33,12,30,L/240,168.0,
curtainwall_single,362S162-54,33,12,30,L/360,146.0,
curtainwall_single,362S162-54,33,12,30,L/600,124.0,
curtainwall_single,362S162-54,33,12,35,L/240,159.0,
curtainwall_single,362S162-54,33,12,35,L/360,139.0,
curtainwall_single,362S162-54,33,12,35,L/600,117.0,
curtainwall_single,362S162-54,33,12,40,L/240,152.0,
curtainwall_single,362S162-54,33,12,40,L/360,133.0,
curtainwall_single,362S162-54,33,12,40,L/600,112.0,
curtainwall_single,362S162-54,33,16,5,L/120,310.0,
curtainwall_single,362S162-54,33,16,5,L/240,246.0,
curtainwall_single,362S162-54,33,16,5,L/360,215.0,
curtainwall_single,362S162-54,33,16,15,L/240,192.0,
curtainwall_single,362S162-54,33,16,15,L/360,168.0,
curtainwall_single,362S162-54,33,16,15,L/600,141.0,
curtainwall_single,362S162-54,33,16,20,L/240,174.0,
curtainwall_single,362S162-54,33,16,20,L/360,152.0,
curtainwall_single,362S162-54,33,16,20,L/600,128.0,
curtainwall_single,362S162-54,33,16,25,L/240,162.0,
curtainwall_single,362S162-54,33,16,25,L/360,141.0,
curtainwall_single,362S162-54,33,16,25,L/600,119.0,
curtainwall_single,362S162-54,33,16,30,L/240,152.0,
curtainwall_single,362S162-54,33,16,30,L/360,133.0,
curtainwall_single,362S162-54,33,16,30,L/600,112.0,
curtainwall_single,362S162-54,33,16,35,L/240,145.0,
curtainwall_single,362S162-54,33,16,35,L/360,126.0,
curtainwall_single,362S162-54,33,16,35,L/600,107.0,
curtainwall_single,362S162-54,33,16,40,L/240,136.0,
curtainwall_single,362S162-54,33,16,40,L/360,121.0,
curtainwall_single,362S162-54,33,16,40,L/600,102.0,
curtainwall_single,362S162-54,33,24,5,L/120,270.0,
curtainwall_single,362S162-54,33,24,5,L/240,215.0,
curtainwall_single,362S162-54,33,24,5,L/360,188.0,
curtainwall_single,362S162-54,33,24,15,L/240,168.0,
curtainwall_single,362S162-54,33,24,15,L/360,146.0,
curtainwall_single,362S162-54,33,24,15,L/600,124.0,
curtainwall_single,362S162-54,33,24,20,L/240,152.0,
curtainwall_single,362S162-54,33,24,20,L/360,133.0,
curtainwall_single,362S162-54,33,24,20,L/600,112.0,
curtainwall_single,362S162-54,33,24,25,L/240,140.0,
curtainwall_single,362S162-54,33,24,25,L/360,124.0,
curtainwall_single,362S162-54,33,24,25,L/600,104.0,
curtainwall_single,362S162-54,33,24,30,L/240,128.0,
curtainwall_single,362S162-54,33,24,30,L/360,116.0,
curtainwall_single,362S162-54,33,24,30,L/600,98.0,
curtainwall_single,362S162-54,33,24,35,L/240,119.0,
curtainwall_single,362S162-54,33,24,35,L/360,110.0,
curtainwall_single,362S162-54,33,24,35,L/600,93.0,
curtainwall_single,362S162-54,33,24,40,L/240,111.0,
curtainwall_single,362S162-54,33,24,40,L/360,106.0,
curtainwall_single,362S162-54,33,24,40,L/600,89.0,
curtainwall_single,362S162-54,50,12,5,L/120,341.0,
curtainwall_single,362S162-54,50,12,5,L/240,270.0,
curtainwall_single,362S162-54,50,12,5,L/360,236.0,
curtainwall_single,362S162-54,50,12,15,L/240,211.0,
curtainwall_single,362S162-54,50,12,15,L/360,184.0,
curtainwall_single,362S162-54,50,12,15,L/600,156.0,
curtainwall_single,362S162-54,50,12,20,L/240,192.0,
curtainwall_single,362S162-54,50,12,20,L/360,168.0,
curtainwall_single,362S162-54,50,12,20,L/600,141.0,
curtainwall_single,362S162-54,50,12,25,L/240,178.0,
curtainwall_single,362S162-54,50,12,25,L/360,156.0,
curtainwall_single,362S162-54,50,12,25,L/600,131.0,
curtainwall_single,362S162-54,50,12,30,L/240,168.0,
curtainwall_single,362S162-54,50,12,30,L/360,146.0,
curtainwall_single,362S162-54,50,12,30,L/600,124.0,
curtainwall_single,362S162-54,50,12,35,L/240,159.0,
curtainwall_single,362S162-54,50,12,35,L/360,139.0,
curtainwall_single,362S162-54,50,12,35,L/600,117.0,
curtainwall_single,362S162-54,50,12,40,L/240,152.0,
curtainwall_single,362S162-54,50,12,40,L/360,133.0,
curtainwall_single,362S162-54,50,12,40,L/600,112.0,
curtainwall_single,362S162-54,50,16,5,L/120,310.0,
curtainwall_single,362S162-54,50,16,5,L/240,246.0,
curtainwall_single,362S162-54,50,16,5,L/360,215.0,
curtainwall_single,362S162-54,50,16,15,L/240,192.0,
curtainwall_single,362S162-54,50,16,15,L/360,168.0,
curtainwall_single,362S162-54,50,16,15,L/600,141.0,
curtainwall_single,362S162-54,50,16,20,L/240,174.0,
curtainwall_single,362S162-54,50,16,20,L/360,152.0,
curtainwall_single,362S162-54,50,16,20,L/600,128.0,
curtainwall_single,362S162-54,50,16,25,L/240,162.0,
curtainwall_single,362S162-54,50,16,25,L/360,141.0,
curtainwall_single,362S162-54,50,16,25,L/600,119.0,
curtainwall_single,362S162-54,50,16,30,L/240,152.0,
curtainwall_single,362S162-54,50,16,30,L/360,133.0,
curtainwall_single,362S162-54,50,16,30,L/600,112.0,
curtainwall_single,362S162-54,50,16,35,L/240,145.0,
curtainwall_single,362S162-54,50,16,35,L/360,126.0,
curtainwall_single,362S162-54,50,16,35,L/600,107.0,
curtainwall_single,362S162-54,50,16,40,L/240,138.0,
curtainwall_single,362S162-54,50,16,40,L/360,121.0,
curtainwall_single,362S162-54,50,16,40,L/600,102.0,
curtainwall_single,362S162-54,50,24,5,L/120,270.0,
curtainwall_single,362S162-54,50,24,5,L/240,215.0,
curtainwall_single,362S162-54,50,24,5,L/360,188.0,
curtainwall_single,362S162-54,50,24,15,L/240,168.0,
curtainwall_single,362S162-54,50,24,15,L/360,146.0,
curtainwall_single,362S162-54,50,24,15,L/600,124.0,
curtainwall_single,362S162-54,50,24,20,L/240,152.0,
curtainwall_single,362S162-54,50,24,20,L/360,133.0,
curtainwall_single,362S162-54,50,24,20,L/600,112.0,
curtainwall_single,362S162-54,50,24,25,L/240,141.0,
curtainwall_single,362S162-54,50,24,25,L/360,124.0,
curtainwall_single,362S162-54,50,24,25,L/600,104.0,
curtainwall_single,362S162-54,50,24,30,L/240,133.0,
curtainwall_single,362S162-54,50,24,30,L/360,116.0,
curtainwall_single,362S162-54,50,24,30,L/600,98.0,
curtainwall_single,362S162-54,50,24,35,L/240,126.0,
curtainwall_single,362S162-54,50,24,35,L/360,110.0,
curtainwall_single,362S162-54,50,24,35,L/600,93.0,
curtainwall_single,362S162-54,50,24,40,L/240,121.0,
curtainwall_single,362S162-54,50,24,40,L/360,106.0,
curtainwall_single,362S162-54,50,24,40,L/600,89.0,
curtainwall_single,362S162-68,50,12,5,L/120,365.0,
curtainwall_single,362S162-68,50,12,5,L/240,289.0,
curtainwall_single,362S162-68,50,12,5,L/360,253.0,
curtainwall_single,362S162-68,50,12,15,L/240,226.0,
curtainwall_single,362S162-68,50,12,15,L/360,197.0,
curtainwall_single,362S162-68,50,12,15,L/600,166.0,
curtainwall_single,362S162-68,50,12,20,L/240,205.0,
curtainwall_single,362S162-68,50,12,20,L/360,179.0,
curtainwall_single,362S162-68,50,12,20,L/600,151.0,
curtainwall_single,362S162-68,50,12,25,L/240,191.0,
curtainwall_single,362S162-68,50,12,25,L/360,166.0,
curtainwall_single,362S162-68,50,12,25,L/600,140.0,
curtainwall_single,362S162-68,50,12,30,L/240,179.0,
curtainwall_single,362S162-68,50,12,30,L/360,157.0,
curtainwall_single,362S162-68,50,12,30,L/600,132.0,
curtainwall_single,362S162-68,50,12,35,L/240,170.0,
curtainwall_single,362S162-68,50,12,35,L/360,149.0,
curtainwall_single,362S162-68,50,12,35,L/600,126.0,
curtainwall_single,362S162-68,50,12,40,L/240,163.0,
curtainwall_single,362S162-68,50,12,40,L/360,142.0,
curtainwall_single,362S162-68,50,12,40,L/600,120.0,
curtainwall_single,362S162-68,50,16,5,L/120,331.0,
curtainwall_single,362S162-68,50,16,5,L/240,263.0,
curtainwall_single,362S162-68,50,16,5,L/360,230.0,
curtainwall_single,362S162-68,50,16,15,L/240,205.0,
curtainwall_single,362S162-68,50,16,15,L/360,179.0,
curtainwall_single,362S162-68,50,16,15,L/600,151.0,
curtainwall_single,362S162-68,50,16,20,L/240,187.0,
curtainwall_single,362S162-68,50,16,20,L/360,163.0,
curtainwall_single,362S162-68,50,16,20,L/600,137.0,
curtainwall_single,362S162-68,50,16,25,L/240,173.0,
curtainwall_single,362S162-68,50,16,25,L/360,151.0,
curtainwall_single,362S162-68,50,16,25,L/600,128.0,
curtainwall_single,362S162-68,50,16,30,L/240,163.0,
curtainwall_single,362S162-68,50,16,30,L/360,142.0,
curtainwall_single,362S162-68,50,16,30,L/600,120.0,
curtainwall_single,362S162-68,50,16,35,L/240,155.0,
curtainwall_single,362S162-68,50,16,35,L/360,135.0,
curtainwall_single,362S162-68,50,16,35,L/600,114.0,
curtainwall_single,362S162-68,50,16,40,L/240,148.0,
curtainwall_single,362S162-68,50,16,40,L/360,129.0,
curtainwall_single,362S162-68,50,16,40,L/600,109.0,
curtainwall_single,362S162-68,50,24,5,L/120,289.0,
curtainwall_single,362S162-68,50,24,5,L/240,230.0,
curtainwall_single,362S162-68,50,24,5,L/360,201.0,
curtainwall_single,362S162-68,50,24,15,L/240,179.0,
curtainwall_single,362S162-68,50,24,15,L/360,157.0,
curtainwall_single,362S162-68,50,24,15,L/600,132.0,
curtainwall_single,362S162-68,50,24,20,L/240,163.0,
curtainwall_single,362S162-68,50,24,20,L/360,142.0,
curtainwall_single,362S162-68,50,24,20,L/600,120.0,
curtainwall_single,362S162-68,50,24,25,L/240,151.0,
curtainwall_single,362S162-68,50,24,25,L/360,132.0,
curtainwall_single,362S162-68,50,24,25,L/600,111.0,
curtainwall_single,362S162-68,50,24,30,L/240,142.0,
curtainwall_single,362S162-68,50,24,30,L/360,124.0,
curtainwall_single,362S162-68,50,24,30,L/600,105.0,
curtainwall_single,362S162-68,50,24,35,L/240,135.0,
curtainwall_single,362S162-68,50,24,35,L/360,118.0,
curtainwall_single,362S162-68,50,24,35,L/600,100.0,
curtainwall_single,362S162-68,50,24,40,L/240,129.0,
curtainwall_single,362S162-68,50,24,40,L/360,113.0,
curtainwall_single,362S162-68,50,24,40,L/600,95.0,
curtainwall_single,362S162-97,50,12,5,L/120,402.0,
curtainwall_single,362S162-97,50,12,5,L/240,319.0,
curtainwall_single,362S162-97,50,12,5,L/360,279.0,
curtainwall_single,362S162-97,50,12,15,L/240,249.0,
curtainwall_single,362S162-97,50,12,15,L/360,218.0,
curtainwall_single,362S162-97,50,12,15,L/600,184.0,
curtainwall_single,362S162-97,50,12,20,L/240,227.0,
curtainwall_single,362S162-97,50,12,20,L/360,198.0,
curtainwall_single,362S162-97,50,12,20,L/600,167.0,
curtainwall_single,362S162-97,50,12,25,L/240,210.0,
curtainwall_single,362S162-97,50,12,25,L/360,184.0,
curtainwall_single,362S162-97,50,12,25,L/600,155.0,
curtainwall_single,362S162-97,50,12,30,L/240,198.0,
curtainwall_single,362S162-97,50,12,30,L/360,173.0,
curtainwall_single,362S162-97,50,12,30,L/600,146.0,
curtainwall_single,362S162-97,50,12,35,L/240,188.0,
curtainwall_single,362S162-97,50,12,35,L/360,164.0,
curtainwall_single,362S162-97,50,12,35,L/600,139.0,
curtainwall_single,362S162-97,50,12,40,L/240,180.0,
curtainwall_single,362S162-97,50,12,40,L/360,157.0,
curtainwall_single,362S162-97,50,12,40,L/600,132.0,
curtainwall_single,362S162-97,50,16,5,L/120,365.0,
curtainwall_single,362S162-97,50,16,5,L/240,290.0,
curtainwall_single,362S162-97,50,16,5,L/360,253.0,
curtainwall_single,362S162-97,50,16,15,L/240,227.0,
curtainwall_single,362S162-97,50,16,15,L/360,198.0,
curtainwall_single,362S162-97,50,16,15,L/600,167.0,
curtainwall_single,362S162-97,50,16,20,L/240,206.0,
curtainwall_single,362S162-97,50,16,20,L/360,180.0,
curtainwall_single,362S162-97,50,16,20,L/600,152.0,
curtainwall_single,362S162-97,50,16,25,L/240,191.0,
curtainwall_single,362S162-97,50,16,25,L/360,167.0,
curtainwall_single,362S162-97,50,16,25,L/600,141.0,
curtainwall_single,362S162-97,50,16,30,L/240,180.0,
curtainwall_single,362S162-97,50,16,30,L/360,157.0,
curtainwall_single,362S162-97,50,16,30,L/600,132.0,
curtainwall_single,362S162-97,50,16,35,L/240,171.0,
curtainwall_single,362S162-97,50,16,35,L/360,149.0,
curtainwall_single,362S162-97,50,16,35,L/600,126.0,
curtainwall_single,362S162-97,50,16,40,L/240,163.0,
curtainwall_single,362S162-97,50,16,40,L/360,143.0,
curtainwall_single,362S162-97,50,16,40,L/600,120.0,
curtainwall_single,362S162-97,50,24,5,L/120,319.0,
curtainwall_single,362S162-97,50,24,5,L/240,253.0,
curtainwall_single,362S162-97,50,24,5,L/360,221.0,
curtainwall_single,362S162-97,50,24,15,L/240,198.0,
curtainwall_single,362S162-97,50,24,15,L/360,173.0,
curtainwall_single,362S162-97,50,24,15,L/600,146.0,
curtainwall_single,362S162-97,50,24,20,L/240,180.0,
curtainwall_single,362S162-97,50,24,20,L/360,157.0,
curtainwall_single,362S162-97,50,24,20,L/600,132.0,
curtainwall_single,362S162-97,50,24,25,L/240,167.0,
curtainwall_single,362S162-97,50,24,25,L/360,146.0,
curtainwall_single,362S162-97,50,24,25,L/600,123.0,
curtainwall_single,362S162-97,50,24,30,L/240,157.0,
curtainwall_single,362S162-97,50,24,30,L/360,137.0,
curtainwall_single,362S162-97,50,24,30,L/600,116.0,
curtainwall_single,362S162-97,50,24,35,L/240,149.0,
curtainwall_single,362S162-97,50,24,35,L/360,130.0,
curtainwall_single,362S162-97,50,24,35,L/600,110.0,
curtainwall_single,362S162-97,50,24,40,L/240,143.0,
curtainwall_single,362S162-97,50,24,40,L/360,125.0,
curtainwall_single,362S162-97,50,24,40,L/600,105.0,
curtainwall_single,362S200-33,33,12,5,L/120,308.0,
curtainwall_single,362S200-33,33,12,5,L/240,245.0,
curtainwall_single,362S200-33,33,12,5,L/360,214.0,
curtainwall_single,362S200-33,33,12,15,L/240,191.0,
curtainwall_single,362S200-33,33,12,15,L/360,167.0,
curtainwall_single,362S200-33,33,12,15,L/600,141.0,
curtainwall_single,362S200-33,33,12,20,L/240,169.0,e
curtainwall_single,362S200-33,33,12,20,L/360,152.0,
curtainwall_single,362S200-33,33,12,20,L/600,128.0,
curtainwall_single,362S200-33,33,12,25,L/240,151.0,e
curtainwall_single,362S200-33,33,12,25,L/360,141.0,e
curtainwall_single,362S200-33,33,12,25,L/600,119.0,
curtainwall_single,362S200-33,33,12,30,L/240,138.0,e
curtainwall_single,362S200-33,33,12,30,L/360,132.0,e
curtainwall_single,362S200-33,33,12,30,L/600,112.0,e
curtainwall_single,362S200-33,33,12,35,L/240,128.0,e
curtainwall_single,362S200-33,33,12,35,L/360,126.0,e
curtainwall_single,362S200-33,33,12,35,L/600,106.0,e
curtainwall_single,362S200-33,33,12,40,L/240,120.0,e
curtainwall_single,362S200-33,33,12,40,L/360,120.0,e
curtainwall_single,362S200-33,33,12,40,L/600,102.0,e
curtainwall_single,362S200-33,33,16,5,L/120,280.0,
curtainwall_single,362S200-33,33,16,5,L/240,222.0,
curtainwall_single,362S200-33,33,16,5,L/360,194.0,
curtainwall_single,362S200-33,33,16,15,L/240,169.0,e
curtainwall_single,362S200-33,33,16,15,L/360,152.0,
curtainwall_single,362S200-33,33,16,15,L/600,128.0,
curtainwall_single,362S200-33,33,16,20,L/240,146.0,e
curtainwall_single,362S200-33,33,16,20,L/360,138.0,e
curtainwall_single,362S200-33,33,16,20,L/600,116.0,e
curtainwall_single,362S200-33,33,16,25,L/240,131.0,e
curtainwall_single,362S200-33,33,16,25,L/360,128.0,e
curtainwall_single,362S200-33,33,16,25,L/600,108.0,e
curtainwall_single,362S200-33,33,16,30,L/240,120.0,e
curtainwall_single,362S200-33,33,16,30,L/360,120.0,e
curtainwall_single,362S200-33,33,16,30,L/600,102.0,e
curtainwall_single,362S200-33,33,16,35,L/240,111.0,e
curtainwall_single,362S200-33,33,16,35,L/360,111.0,e
curtainwall_single,362S200-33,33,16,35,L/600,96.0,e
curtainwall_single,362S200-33,33,16,40,L/240,104.0,e
curtainwall_single,362S200-33,33,16,40,L/360,104.0,e
curtainwall_single,362S200-33,33,16,40,L/600,92.0,e
curtainwall_single,362S200-33,33,24,5,L/120,239.0,
curtainwall_single,362S200-33,33,24,5,L/240,194.0,
curtainwall_single,362S200-33,33,24,5,L/360,170.0,
curtainwall_single,362S200-33,33,24,15,L/240,138.0,e
curtainwall_single,362S200-33,33,24,15,L/360,132.0,e
curtainwall_single,362S200-33,33,24,15,L/600,112.0,e
curtainwall_single,362S200-33,33,24,20,L/240,120.0,e
curtainwall_single,362S200-33,33,24,20,L/360,120.0,e
curtainwall_single,362S200-33,33,24,20,L/600,102.0,e
curtainwall_single,362S200-33,33,24,25,L/240,107.0,e
curtainwall_single,362S200-33,33,24,25,L/360,107.0,e
curtainwall_single,362S200-33,33,24,25,L/600,94.0,e
curtainwall_single,362S200-33,33,24,30,L/240,98.0,e
curtainwall_single,362S200-33,33,24,30,L/360,98.0,e
curtainwall_single,362S200-33,33,24,30,L/600,89.0,e
curtainwall_single,362S200-33,33,24,35,L/240,90.0,e
curtainwall_single,362S200-33,33,24,35,L/360,90.0,e
curtainwall_single,362S200-33,33,24,35,L/600,84.0,e
curtainwall_single,362S200-33,33,24,40,L/240,85.0,e
curtainwall_single,362S200-33,33,24,40,L/360,85.0,e
curtainwall_single,362S200-33,33,24,40,L/600,81.0,e
curtainwall_single,362S200-43,33,12,5,L/120,336.0,
curtainwall_single,362S200-43,33,12,5,L/240,267.0,
curtainwall_single,362S200-43,33,12,5,L/360,233.0,
curtainwall_single,362S200-43,33,12,15,L/240,208.0,
curtainwall_single,362S200-43,33,12,15,L/360,182.0,
curtainwall_single,362S200-43,33,12,15,L/600,153.0,
curtainwall_single,362S200-43,33,12,20,L/240,189.0,
curtainwall_single,362S200-43,33,12,20,L/360,165.0,
curtainwall_single,362S200-43,33,12,20,L/600,139.0,
curtainwall_single,362S200-43,33,12,25,L/240,176.0,
curtainwall_single,362S200-43,33,12,25,L/360,153.0,
curtainwall_single,362S200-43,33,12,25,L/600,129.0,
curtainwall_single,362S200-43,33,12,30,L/240,165.0,
curtainwall_single,362S200-43,33,12,30,L/360,144.0,
curtainwall_single,362S200-43,33,12,30,L/600,122.0,
curtainwall_single,362S200-43,33,12,35,L/240,154.0,
curtainwall_single,362S200-43,33,12,35,L/360,137.0,
curtainwall_single,362S200-43,33,12,35,L/600,116.0,
curtainwall_single,362S200-43,33,12,40,L/240,144.0,
curtainwall_single,362S200-43,33,12,40,L/360,131.0,
curtainwall_single,362S200-43,33,12,40,L/600,111.0,
curtainwall_single,362S200-43,33,16,5,L/120,305.0,
curtainwall_single,362S200-43,33,16,5,L/240,242.0,
curtainwall_single,362S200-43,33,16,5,L/360,212.0,
curtainwall_single,362S200-43,33,16,15,L/240,189.0,
curtainwall_single,362S200-43,33,16,15,L/360,165.0,
curtainwall_single,362S200-43,33,16,15,L/600,139.0,
curtainwall_single,362S200-43,33,16,20,L/240,172.0,
curtainwall_single,362S200-43,33,16,20,L/360,150.0,
curtainwall_single,362S200-43,33,16,20,L/600,127.0,
curtainwall_single,362S200-43,33,16,25,L/240,158.0,
curtainwall_single,362S200-43,33,16,25,L/360,139.0,
curtainwall_single,362S200-43,33,16,25,L/600,118.0,
curtainwall_single,362S200-43,33,16,30,L/240,144.0,
curtainwall_single,362S200-43,33,16,30,L/360,131.0,
curtainwall_single,362S200-43,33,16,30,L/600,111.0,
curtainwall_single,362S200-43,33,16,35,L/240,133.0,e
curtainwall_single,362S200-43,33,16,35,L/360,125.0,
curtainwall_single,362S200-43,33,16,35,L/600,105.0,
curtainwall_single,362S200-43,33,16,40,L/240,125.0,e
curtainwall_single,362S200-43,33,16,40,L/360,119.0,e
curtainwall_single,362S200-43,33,16,40,L/600,100.0,
curtainwall_single,362S200-43,33,24,5,L/120,267.0,
curtainwall_single,362S200-43,33,24,5,L/240,212.0,
curtainwall_single,362S200-43,33,24,5,L/360,185.0,
curtainwall_single,362S200-43,33,24,15,L/240,165.0,
curtainwall_single,362S200-43,33,24,15,L/360,144.0,
curtainwall_single,362S200-43,33,24,15,L/600,122.0,
curtainwall_single,362S200-43,33,24,20,L/240,144.0,
curtainwall_single,362S200-43,33,24,20,L/360,131.0,
curtainwall_single,362S200-43,33,24,20,L/600,111.0,
curtainwall_single,362S200-43,33,24,25,L/240,129.0,e
curtainwall_single,362S200-43,33,24,25,L/360,122.0,
curtainwall_single,362S200-43,33,24,25,L/600,103.0,
curtainwall_single,362S200-43,33,24,30,L/240,117.0,e
curtainwall_single,362S200-43,33,24,30,L/360,115.0,e
curtainwall_single,362S200-43,33,24,30,L/600,97.0,
curtainwall_single,362S200-43,33,24,35,L/240,109.0,e
curtainwall_single,362S200-43,33,24,35,L/360,109.0,e
curtainwall_single,362S200-43,33,24,35,L/600,92.0,e
curtainwall_single,362S200-43,33,24,40,L/240,102.0,e
curtainwall_single,362S200-43,33,24,40,L/360,102.0,e
curtainwall_single,362S200-43,33,24,40,L/600,88.0,e
curtainwall_single,362S200-54,33,12,5,L/120,360.0,
curtainwall_single,362S200-54,33,12,5,L/240,286.0,
curtainwall_single,362S200-54,33,12,5,L/360,250.0,
curtainwall_single,362S200-54,33,12,15,L/240,223.0,
curtainwall_single,362S200-54,33,12,15,L/360,195.0,
curtainwall_single,362S200-54,33,12,15,L/600,164.0,
curtainwall_single,362S200-54,33,12,20,L/240,203.0,
curtainwall_single,362S200-54,33,12,20,L/360,177.0,
curtainwall_single,362S200-54,33,12,20,L/600,149.0,
curtainwall_single,362S200-54,33,12,25,L/240,188.0,
curtainwall_single,362S200-54,33,12,25,L/360,164.0,
curtainwall_single,362S200-54,33,12,25,L/600,139.0,
curtainwall_single,362S200-54,33,12,30,L/240,177.0,
curtainwall_single,362S200-54,33,12,30,L/360,155.0,
curtainwall_single,362S200-54,33,12,30,L/600,131.0,
curtainwall_single,362S200-54,33,12,35,L/240,168.0,
curtainwall_single,362S200-54,33,12,35,L/360,147.0,
curtainwall_single,362S200-54,33,12,35,L/600,124.0,
curtainwall_single,362S200-54,33,12,40,L/240,161.0,
curtainwall_single,362S200-54,33,12,40,L/360,141.0,
curtainwall_single,362S200-54,33,12,40,L/600,119.0,
curtainwall_single,362S200-54,33,16,5,L/120,327.0,
curtainwall_single,362S200-54,33,16,5,L/240,260.0,
curtainwall_single,362S200-54,33,16,5,L/360,227.0,
curtainwall_single,362S200-54,33,16,15,L/240,203.0,
curtainwall_single,362S200-54,33,16,15,L/360,177.0,
curtainwall_single,362S200-54,33,16,15,L/600,149.0,
curtainwall_single,362S200-54,33,16,20,L/240,184.0,
curtainwall_single,362S200-54,33,16,20,L/360,161.0,
curtainwall_single,362S200-54,33,16,20,L/600,136.0,
curtainwall_single,362S200-54,33,16,25,L/240,171.0,
curtainwall_single,362S200-54,33,16,25,L/360,149.0,
curtainwall_single,362S200-54,33,16,25,L/600,126.0,
curtainwall_single,362S200-54,33,16,30,L/240,161.0,
curtainwall_single,362S200-54,33,16,30,L/360,141.0,
curtainwall_single,362S200-54,33,16,30,L/600,119.0,
curtainwall_single,362S200-54,33,16,35,L/240,153.0,
curtainwall_single,362S200-54,33,16,35,L/360,134.0,
curtainwall_single,362S200-54,33,16,35,L/600,113.0,
curtainwall_single,362S200-54,33,16,40,L/240,146.0,
curtainwall_single,362S200-54,33,16,40,L/360,128.0,
curtainwall_single,362S200-54,33,16,40,L/600,108.0,
curtainwall_single,362S200-54,33,24,5,L/120,286.0,
curtainwall_single,362S200-54,33,24,5,L/240,227.0,
curtainwall_single,362S200-54,33,24,5,L/360,198.0,
curtainwall_single,362S200-54,33,24,15,L/240,177.0,
curtainwall_single,362S200-54,33,24,15,L/360,155.0,
curtainwall_single,362S200-54,33,24,15,L/600,131.0,
curtainwall_single,362S200-54,33,24,20,L/240,161.0,
curtainwall_single,362S200-54,33,24,20,L/360,141.0,
curtainwall_single,362S200-54,33,24,20,L/600,119.0,
curtainwall_single,362S200-54,33,24,25,L/240,149.0,
curtainwall_single,362S200-54,33,24,25,L/360,131.0,
curtainwall_single,362S200-54,33,24,25,L/600,110.0,
curtainwall_single,362S200-54,33,24,30,L/240,139.0,
curtainwall_single,362S200-54,33,24,30,L/360,123.0,
curtainwall_single,362S200-54,33,24,30,L/600,104.0,
curtainwall_single,362S200-54,33,24,35,L/240,129.0,
curtainwall_single,362S200-54,33,24,35,L/360,117.0,
curtainwall_single,362S200-54,33,24,35,L/600,98.0,
curtainwall_single,362S200-54,33,24,40,L/240,121.0,
curtainwall_single,362S200-54,33,24,40,L/360,112.0,
curtainwall_single,362S200-54,33,24,40,L/600,94.0,
curtainwall_single,362S200-54,50,12,5,L/120,360.0,
curtainwall_single,362S200-54,50,12,5,L/240,286.0,
curtainwall_single,362S200-54,50,12,5,L/360,250.0,
curtainwall_single,362S200-54,50,12,15,L/240,223.0,
curtainwall_single,362S200-54,50,12,15,L/360,195.0,
curtainwall_single,362S200-54,50,12,15,L/600,164.0,
curtainwall_single,362S200-54,50,12,20,L/240,203.0,
curtainwall_single,362S200-54,50,12,20,L/360,177.0,
curtainwall_single,362S200-54,50,12,20,L/600,149.0,
curtainwall_single,362S200-54,50,12,25,L/240,188.0,
curtainwall_single,362S200-54,50,12,25,L/360,164.0,
curtainwall_single,362S200-54,50,12,25,L/600,139.0,
curtainwall_single,362S200-54,50,12,30,L/240,177.0,
curtainwall_single,362S200-54,50,12,30,L/360,155.0,
curtainwall_single,362S200-54,50,12,30,L/600,131.0,
curtainwall_single,362S200-54,50,12,35,L/240,168.0,
curtainwall_single,362S200-54,50,12,35,L/360,147.0,
curtainwall_single,362S200-54,50,12,35,L/600,124.0,
curtainwall_single,362S200-54,50,12,40,L/240,161.0,
curtainwall_single,362S200-54,50,12,40,L/360,141.0,
curtainwall_single,362S200-54,50,12,40,L/600,119.0,
curtainwall_single,362S200-54,50,16,5,L/120,327.0,
curtainwall_single,362S200-54,50,16,5,L/240,260.0,
curtainwall_single,362S200-54,50,16,5,L/360,227.0,
curtainwall_single,362S200-54,50,16,15,L/240,203.0,
curtainwall_single,362S200-54,50,16,15,L/360,177.0,
curtainwall_single,362S200-54,50,16,15,L/600,149.0,
curtainwall_single,362S200-54,50,16,20,L/240,184.0,
curtainwall_single,362S200-54,50,16,20,L/360,161.0,
curtainwall_single,362S200-54,50,16,20,L/600,136.0,
curtainwall_single,362S200-54,50,16,25,L/240,171.0,
curtainwall_single,362S200-54,50,16,25,L/360,149.0,
curtainwall_single,362S200-54,50,16,25,L/600,126.0,
curtainwall_single,362S200-54,50,16,30,L/240,161.0,
curtainwall_single,362S200-54,50,16,30,L/360,141.0,
curtainwall_single,362S200-54,50,16,30,L/600,119.0,
curtainwall_single,362S200-54,50,16,35,L/240,153.0,
curtainwall_single,362S200-54,50,16,35,L/360,134.0,
curtainwall_single,362S200-54,50,16,35,L/600,113.0,
curtainwall_single,362S200-54,50,16,40,L/240,146.0,
curtainwall_single,362S200-54,50,16,40,L/360,128.0,
curtainwall_single,362S200-54,50,16,40,L/600,108.0,
curtainwall_single,362S200-54,50,24,5,L/120,286.0,
curtainwall_single,362S200-54,50,24,5,L/240,227.0,
curtainwall_single,362S200-54,50,24,5,L/360,198.0,
curtainwall_single,362S200-54,50,24,15,L/240,177.0,
curtainwall_single,362S200-54,50,24,15,L/360,155.0,
curtainwall_single,362S200-54,50,24,15,L/600,131.0,
curtainwall_single,362S200-54,50,24,20,L/240,161.0,
curtainwall_single,362S200-54,50,24,20,L/360,141.0,
curtainwall_single,362S200-54,50,24,20,L/600,119.0,
curtainwall_single,362S200-54,50,24,25,L/240,149.0,
curtainwall_single,362S200-54,50,24,25,L/360,131.0,
curtainwall_single,362S200-54,50,24,25,L/600,110.0,
curtainwall_single,362S200-54,50,24,30,L/240,141.0,
curtainwall_single,362S200-54,50,24,30,L/360,123.0,
curtainwall_single,362S200-54,50,24,30,L/600,104.0,
curtainwall_single,362S200-54,50,24,35,L/240,134.0,
curtainwall_single,362S200-54,50,24,35,L/360,117.0,
curtainwall_single,362S200-54,50,24,35,L/600,98.0,
curtainwall_single,362S200-54,50,24,40,L/240,128.0,
curtainwall_single,362S200-54,50,24,40,L/360,112.0,
curtainwall_single,362S200-54,50,24,40,L/600,94.0,
curtainwall_single,362S200-68,50,12,5,L/120,386.0,
curtainwall_single,362S200-68,50,12,5,L/240,306.0,
curtainwall_single,362S200-68,50,12,5,L/360,267.0,
curtainwall_single,362S200-68,50,12,15,L/240,239.0,
curtainwall_single,362S200-68,50,12,15,L/360,209.0,
curtainwall_single,362S200-68,50,12,15,L/600,176.0,
curtainwall_single,362S200-68,50,12,20,L/240,217.0,
curtainwall_single,362S200-68,50,12,20,L/360,190.0,
curtainwall_single,362S200-68,50,12,20,L/600,160.0,
curtainwall_single,362S200-68,50,12,25,L/240,202.0,
curtainwall_single,362S200-68,50,12,25,L/360,176.0,
curtainwall_single,362S200-68,50,12,25,L/600,149.0,
curtainwall_single,362S200-68,50,12,30,L/240,190.0,
curtainwall_single,362S200-68,50,12,30,L/360,166.0,
curtainwall_single,362S200-68,50,12,30,L/600,140.0,
curtainwall_single,362S200-68,50,12,35,L/240,180.0,
curtainwall_single,362S200-68,50,12,35,L/360,157.0,
curtainwall_single,362S200-68,50,12,35,L/600,133.0,
curtainwall_single,362S200-68,50,12,40,L/240,172.0,
curtainwall_single,362S200-68,50,12,40,L/360,151.0,
curtainwall_single,362S200-68,50,12,40,L/600,127.0,
curtainwall_single,362S200-68,50,16,5,L/120,350.0,
curtainwall_single,362S200-68,50,16,5,L/240,278.0,
curtainwall_single,362S200-68,50,16,5,L/360,243.0,
curtainwall_single,362S200-68,50,16,15,L/240,217.0,
curtainwall_single,362S200-68,50,16,15,L/360,190.0,
curtainwall_single,362S200-68,50,16,15,L/600,160.0,
curtainwall_single,362S200-68,50,16,20,L/240,197.0,
curtainwall_single,362S200-68,50,16,20,L/360,172.0,
curtainwall_single,362S200-68,50,16,20,L/600,145.0,
curtainwall_single,362S200-68,50,16,25,L/240,183.0,
curtainwall_single,362S200-68,50,16,25,L/360,160.0,
curtainwall_single,362S200-68,50,16,25,L/600,135.0,
curtainwall_single,362S200-68,50,16,30,L/240,172.0,
curtainwall_single,362S200-68,50,16,30,L/360,151.0,
curtainwall_single,362S200-68,50,16,30,L/600,127.0,
curtainwall_single,362S200-68,50,16,35,L/240,164.0,
curtainwall_single,362S200-68,50,16,35,L/360,143.0,
curtainwall_single,362S200-68,50,16,35,L/600,121.0,
curtainwall_single,362S200-68,50,16,40,L/240,157.0,
curtainwall_single,362S200-68,50,16,40,L/360,137.0,
curtainwall_single,362S200-68,50,16,40,L/600,115.0,
curtainwall_single,362S200-68,50,24,5,L/120,306.0,
curtainwall_single,362S200-68,50,24,5,L/240,243.0,
curtainwall_single,362S200-68,50,24,5,L/360,212.0,
curtainwall_single,362S200-68,50,24,15,L/240,190.0,
curtainwall_single,362S200-68,50,24,15,L/360,166.0,
curtainwall_single,362S200-68,50,24,15,L/600,140.0,
curtainwall_single,362S200-68,50,24,20,L/240,172.0,
curtainwall_single,362S200-68,50,24,20,L/360,151.0,
curtainwall_single,362S200-68,50,24,20,L/600,127.0,
curtainwall_single,362S200-68,50,24,25,L/240,160.0,
curtainwall_single,362S200-68,50,24,25,L/360,140.0,
curtainwall_single,362S200-68,50,24,25,L/600,118.0,
curtainwall_single,362S200-68,50,24,30,L/240,151.0,
curtainwall_single,362S200-68,50,24,30,L/360,132.0,
curtainwall_single,362S200-68,50,24,30,L/600,111.0,
curtainwall_single,362S200-68,50,24,35,L/240,143.0,
curtainwall_single,362S200-68,50,24,35,L/360,125.0,
curtainwall_single,362S200-68,50,24,35,L/600,105.0,
curtainwall_single,362S200-68,50,24,40,L/240,137.0,
curtainwall_single,362S200-68,50,24,40,L/360,120.0,
curtainwall_single,362S200-68,50,24,40,L/600,101.0,
curtainwall_single,362S200-97,50,12,5,L/120,427.0,
curtainwall_single,362S200-97,50,12,5,L/240,339.0,
curtainwall_single,362S200-97,50,12,5,L/360,296.0,
curtainwall_single,362S200-97,50,12,15,L/240,264.0,
curtainwall_single,362S200-97,50,12,15,L/360,231.0,
curtainwall_single,362S200-97,50,12,15,L/600,195.0,
curtainwall_single,362S200-97,50,12,20,L/240,240.0,
curtainwall_single,362S200-97,50,12,20,L/360,210.0,
curtainwall_single,362S200-97,50,12,20,L/600,177.0,
curtainwall_single,362S200-97,50,12,25,L/240,223.0,
curtainwall_single,362S200-97,50,12,25,L/360,195.0,
curtainwall_single,362S200-97,50,12,25,L/600,164.0,
curtainwall_single,362S200-97,50,12,30,L/240,210.0,
curtainwall_single,362S200-97,50,12,30,L/360,183.0,
curtainwall_single,362S200-97,50,12,30,L/600,155.0,
curtainwall_single,362S200-97,50,12,35,L/240,199.0,
curtainwall_single,362S200-97,50,12,35,L/360,174.0,
curtainwall_single,362S200-97,50,12,35,L/600,147.0,
curtainwall_single,362S200-97,50,12,40,L/240,191.0,
curtainwall_single,362S200-97,50,12,40,L/360,167.0,
curtainwall_single,362S200-97,50,12,40,L/600,140.0,
curtainwall_single,362S200-97,50,16,5,L/120,388.0,
curtainwall_single,362S200-97,50,16,5,L/240,308.0,
curtainwall_single,362S200-97,50,16,5,L/360,269.0,
curtainwall_single,362S200-97,50,16,15,L/240,240.0,
curtainwall_single,362S200-97,50,16,15,L/360,210.0,
curtainwall_single,362S200-97,50,16,15,L/600,177.0,
curtainwall_single,362S200-97,50,16,20,L/240,218.0,
curtainwall_single,362S200-97,50,16,20,L/360,191.0,
curtainwall_single,362S200-97,50,16,20,L/600,161.0,
curtainwall_single,362S200-97,50,16,25,L/240,203.0,
curtainwall_single,362S200-97,50,16,25,L/360,177.0,
curtainwall_single,362S200-97,50,16,25,L/600,149.0,
curtainwall_single,362S200-97,50,16,30,L/240,191.0,
curtainwall_single,362S200-97,50,16,30,L/360,167.0,
curtainwall_single,362S200-97,50,16,30,L/600,140.0,
curtainwall_single,362S200-97,50,16,35,L/240,181.0,
curtainwall_single,362S200-97,50,16,35,L/360,158.0,
curtainwall_single,362S200-97,50,16,35,L/600,133.0,
curtainwall_single,362S200-97,50,16,40,L/240,173.0,
curtainwall_single,362S200-97,50,16,40,L/360,151.0,
curtainwall_single,362S200-97,50,16,40,L/600,128.0,
curtainwall_single,362S200-97,50,24,5,L/120,339.0,
curtainwall_single,362S200-97,50,24,5,L/240,269.0,
curtainwall_single,362S200-97,50,24,5,L/360,235.0,
curtainwall_single,362S200-97,50,24,15,L/240,210.0,
curtainwall_single,362S200-97,50,24,15,L/360,183.0,
curtainwall_single,362S200-97,50,24,15,L/600,155.0,
curtainwall_single,362S200-97,50,24,20,L/240,191.0,
curtainwall_single,362S200-97,50,24,20,L/360,167.0,
curtainwall_single,362S200-97,50,24,20,L/600,140.0,
curtainwall_single,362S200-97,50,24,25,L/240,177.0,
curtainwall_single,362S200-97,50,24,25,L/360,155.0,
curtainwall_single,362S200-97,50,24,25,L/600,130.0,
curtainwall_single,362S200-97,50,24,30,L/240,167.0,
curtainwall_single,362S200-97,50,24,30,L/360,146.0,
curtainwall_single,362S200-97,50,24,30,L/600,123.0,
curtainwall_single,362S200-97,50,24,35,L/240,158.0,
curtainwall_single,362S200-97,50,24,35,L/360,138.0,
curtainwall_single,362S200-97,50,24,35,L/600,117.0,
curtainwall_single,362S200-97,50,24,40,L/240,151.0,
curtainwall_single,362S200-97,50,24,40,L/360,132.0,
curtainwall_single,362S200-97,50,24,40,L/600,112.0,
curtainwall_single,362S250-43,33,12,5,L/120,354.0,
curtainwall_single,362S250-43,33,12,5,L/240,281.0,
curtainwall_single,362S250-43,33,12,5,L/360,246.0,
curtainwall_single,362S250-43,33,12,15,L/240,220.0,
curtainwall_single,362S250-43,33,12,15,L/360,192.0,
curtainwall_single,362S250-43,33,12,15,L/600,162.0,
curtainwall_single,362S250-43,33,12,20,L/240,199.0,
curtainwall_single,362S250-43,33,12,20,L/360,174.0,
curtainwall_single,362S250-43,33,12,20,L/600,147.0,
curtainwall_single,362S250-43,33,12,25,L/240,185.0,
curtainwall_single,362S250-43,33,12,25,L/360,162.0,
curtainwall_single,362S250-43,33,12,25,L/600,136.0,
curtainwall_single,362S250-43,33,12,30,L/240,170.0,
curtainwall_single,362S250-43,33,12,30,L/360,152.0,
curtainwall_single,362S250-43,33,12,30,L/600,128.0,
curtainwall_single,362S250-43,33,12,35,L/240,158.0,
curtainwall_single,362S250-43,33,12,35,L/360,145.0,
curtainwall_single,362S250-43,33,12,35,L/600,122.0,
curtainwall_single,362S250-43,33,12,40,L/240,148.0,
curtainwall_single,362S250-43,33,12,40,L/360,138.0,
curtainwall_single,362S250-43,33,12,40,L/600,117.0,
curtainwall_single,362S250-43,33,16,5,L/120,322.0,
curtainwall_single,362S250-43,33,16,5,L/240,255.0,
curtainwall_single,362S250-43,33,16,5,L/360,223.0,
curtainwall_single,362S250-43,33,16,15,L/240,199.0,
curtainwall_single,362S250-43,33,16,15,L/360,174.0,
curtainwall_single,362S250-43,33,16,15,L/600,147.0,
curtainwall_single,362S250-43,33,16,20,L/240,181.0,
curtainwall_single,362S250-43,33,16,20,L/360,158.0,
curtainwall_single,362S250-43,33,16,20,L/600,134.0,
curtainwall_single,362S250-43,33,16,25,L/240,162.0,
curtainwall_single,362S250-43,33,16,25,L/360,147.0,
curtainwall_single,362S250-43,33,16,25,L/600,124.0,
curtainwall_single,362S250-43,33,16,30,L/240,148.0,
curtainwall_single,362S250-43,33,16,30,L/360,138.0,
curtainwall_single,362S250-43,33,16,30,L/600,117.0,
curtainwall_single,362S250-43,33,16,35,L/240,137.0,e
curtainwall_single,362S250-43,33,16,35,L/360,131.0,e
curtainwall_single,362S250-43,33,16,35,L/600,111.0,
curtainwall_single,362S250-43,33,16,40,L/240,128.0,e
curtainwall_single,362S250-43,33,16,40,L/360,126.0,e
curtainwall_single,362S250-43,33,16,40,L/600,106.0,
curtainwall_single,362S250-43,33,24,5,L/120,281.0,
curtainwall_single,362S250-43,33,24,5,L/240,223.0,
curtainwall_single,362S250-43,33,24,5,L/360,195.0,
curtainwall_single,362S250-43,33,24,15,L/240,170.0,
curtainwall_single,362S250-43,33,24,15,L/360,152.0,
curtainwall_single,362S250-43,33,24,15,L/600,128.0,
curtainwall_single,362S250-43,33,24,20,L/240,148.0,
curtainwall_single,362S250-43,33,24,20,L/360,138.0,
curtainwall_single,362S250-43,33,24,20,L/600,117.0,
curtainwall_single,362S250-43,33,24,25,L/240,132.0,e
curtainwall_single,362S250-43,33,24,25,L/360,128.0,e
curtainwall_single,362S250-43,33,24,25,L/600,108.0,
curtainwall_single,362S250-43,33,24,30,L/240,120.0,e
curtainwall_single,362S250-43,33,24,30,L/360,120.0,e
curtainwall_single,362S250-43,33,24,30,L/600,102.0,
curtainwall_single,362S250-43,33,24,35,L/240,112.0,e
curtainwall_single,362S250-43,33,24,35,L/360,112.0,e
curtainwall_single,362S250-43,33,24,35,L/600,97.0,e
curtainwall_single,362S250-43,33,24,40,L/240,104.0,e
curtainwall_single,362S250-43,33,24,40,L/360,104.0,e
curtainwall_single,362S250-43,33,24,40,L/600,93.0,e
curtainwall_single,362S250-54,33,12,5,L/120,380.0,
curtainwall_single,362S250-54,33,12,5,L/240,302.0,
curtainwall_single,362S250-54,33,12,5,L/360,263.0,
curtainwall_single,362S250-54,33,12,15,L/240,235.0,
curtainwall_single,362S250-54,33,12,15,L/360,206.0,
curtainwall_single,362S250-54,33,12,15,L/600,174.0,
curtainwall_single,362S250-54,33,12,20,L/240,214.0,
curtainwall_single,362S250-54,33,12,20,L/360,187.0,
curtainwall_single,362S250-54,33,12,20,L/600,158.0,
curtainwall_single,362S250-54,33,12,25,L/240,199.0,
curtainwall_single,362S250-54,33,12,25,L/360,174.0,
curtainwall_single,362S250-54,33,12,25,L/600,146.0,
curtainwall_single,362S250-54,33,12,30,L/240,187.0,
curtainwall_single,362S250-54,33,12,30,L/360,163.0,
curtainwall_single,362S250-54,33,12,30,L/600,138.0,
curtainwall_single,362S250-54,33,12,35,L/240,178.0,
curtainwall_single,362S250-54,33,12,35,L/360,155.0,
curtainwall_single,362S250-54,33,12,35,L/600,131.0,
curtainwall_single,362S250-54,33,12,40,L/240,167.0,
curtainwall_single,362S250-54,33,12,40,L/360,148.0,
curtainwall_single,362S250-54,33,12,40,L/600,125.0,
curtainwall_single,362S250-54,33,16,5,L/120,345.0,
curtainwall_single,362S250-54,33,16,5,L/240,274.0,
curtainwall_single,362S250-54,33,16,5,L/360,239.0,
curtainwall_single,362S250-54,33,16,15,L/240,214.0,
curtainwall_single,362S250-54,33,16,15,L/360,187.0,
curtainwall_single,362S250-54,33,16,15,L/600,158.0,
curtainwall_single,362S250-54,33,16,20,L/240,194.0,
curtainwall_single,362S250-54,33,16,20,L/360,170.0,
curtainwall_single,362S250-54,33,16,20,L/600,143.0,
curtainwall_single,362S250-54,33,16,25,L/240,180.0,
curtainwall_single,362S250-54,33,16,25,L/360,158.0,
curtainwall_single,362S250-54,33,16,25,L/600,133.0,
curtainwall_single,362S250-54,33,16,30,L/240,167.0,
curtainwall_single,362S250-54,33,16,30,L/360,148.0,
curtainwall_single,362S250-54,33,16,30,L/600,125.0,
curtainwall_single,362S250-54,33,16,35,L/240,155.0,
curtainwall_single,362S250-54,33,16,35,L/360,141.0,
curtainwall_single,362S250-54,33,16,35,L/600,119.0,
curtainwall_single,362S250-54,33,16,40,L/240,145.0,
curtainwall_single,362S250-54,33,16,40,L/360,135.0,
curtainwall_single,362S250-54,33,16,40,L/600,114.0,
curtainwall_single,362S250-54,33,24,5,L/120,302.0,
curtainwall_single,362S250-54,33,24,5,L/240,239.0,
curtainwall_single,362S250-54,33,24,5,L/360,209.0,
curtainwall_single,362S250-54,33,24,15,L/240,187.0,
curtainwall_single,362S250-54,33,24,15,L/360,163.0,
curtainwall_single,362S250-54,33,24,15,L/600,138.0,
curtainwall_single,362S250-54,33,24,20,L/240,167.0,
curtainwall_single,362S250-54,33,24,20,L/360,148.0,
curtainwall_single,362S250-54,33,24,20,L/600,125.0,
curtainwall_single,362S250-54,33,24,25,L/240,150.0,
curtainwall_single,362S250-54,33,24,25,L/360,138.0,
curtainwall_single,362S250-54,33,24,25,L/600,116.0,
curtainwall_single,362S250-54,33,24,30,L/240,137.0,
curtainwall_single,362S250-54,33,24,30,L/360,130.0,
curtainwall_single,362S250-54,33,24,30,L/600,109.0,
curtainwall_single,362S250-54,33,24,35,L/240,127.0,
curtainwall_single,362S250-54,33,24,35,L/360,123.0,
curtainwall_single,362S250-54,33,24,35,L/600,104.0,
curtainwall_single,362S250-54,33,24,40,L/240,118.0,
curtainwall_single,362S250-54,33,24,40,L/360,118.0,
curtainwall_single,362S250-54,33,24,40,L/600,99.0,
curtainwall_single,362S250-54,50,12,5,L/120,379.0,
curtainwall_single,362S250-54,50,12,5,L/240,301.0,
curtainwall_single,362S250-54,50,12,5,L/360,263.0,
curtainwall_single,362S250-54,50,12,15,L/240,235.0,
curtainwall_single,362S250-54,50,12,15,L/360,205.0,
curtainwall_single,362S250-54,50,12,15,L/600,173.0,
curtainwall_single,362S250-54,50,12,20,L/240,214.0,
curtainwall_single,362S250-54,50,12,20,L/360,187.0,
curtainwall_single,362S250-54,50,12,20,L/600,157.0,
curtainwall_single,362S250-54,50,12,25,L/240,198.0,
curtainwall_single,362S250-54,50,12,25,L/360,173.0,
curtainwall_single,362S250-54,50,12,25,L/600,146.0,
curtainwall_single,362S250-54,50,12,30,L/240,187.0,
curtainwall_single,362S250-54,50,12,30,L/360,163.0,
curtainwall_single,362S250-54,50,12,30,L/600,137.0,
curtainwall_single,362S250-54,50,12,35,L/240,177.0,
curtainwall_single,362S250-54,50,12,35,L/360,155.0,
curtainwall_single,362S250-54,50,12,35,L/600,131.0,
curtainwall_single,362S250-54,50,12,40,L/240,170.0,
curtainwall_single,362S250-54,50,12,40,L/360,148.0,
curtainwall_single,362S250-54,50,12,40,L/600,125.0,
curtainwall_single,362S250-54,50,16,5,L/120,345.0,
curtainwall_single,362S250-54,50,16,5,L/240,274.0,
curtainwall_single,362S250-54,50,16,5,L/360,239.0,
curtainwall_single,362S250-54,50,16,15,L/240,214.0,
curtainwall_single,362S250-54,50,16,15,L/360,187.0,
curtainwall_single,362S250-54,50,16,15,L/600,157.0,
curtainwall_single,362S250-54,50,16,20,L/240,194.0,
curtainwall_single,362S250-54,50,16,20,L/360,170.0,
curtainwall_single,362S250-54,50,16,20,L/600,143.0,
curtainwall_single,362S250-54,50,16,25,L/240,180.0,
curtainwall_single,362S250-54,50,16,25,L/360,157.0,
curtainwall_single,362S250-54,50,16,25,L/600,133.0,
curtainwall_single,362S250-54,50,16,30,L/240,170.0,
curtainwall_single,362S250-54,50,16,30,L/360,148.0,
curtainwall_single,362S250-54,50,16,30,L/600,125.0,
curtainwall_single,362S250-54,50,16,35,L/240,161.0,
curtainwall_single,362S250-54,50,16,35,L/360,141.0,
curtainwall_single,362S250-54,50,16,35,L/600,119.0,
curtainwall_single,362S250-54,50,16,40,L/240,154.0,
curtainwall_single,362S250-54,50,16,40,L/360,135.0,
curtainwall_single,362S250-54,50,16,40,L/600,113.0,
curtainwall_single,362S250-54,50,24,5,L/120,301.0,
curtainwall_single,362S250-54,50,24,5,L/240,239.0,
curtainwall_single,362S250-54,50,24,5,L/360,209.0,
curtainwall_single,362S250-54,50,24,15,L/240,187.0,
curtainwall_single,362S250-54,50,24,15,L/360,163.0,
curtainwall_single,362S250-54,50,24,15,L/600,137.0,
curtainwall_single,362S250-54,50,24,20,L/240,170.0,
curtainwall_single,362S250-54,50,24,20,L/360,148.0,
curtainwall_single,362S250-54,50,24,20,L/600,125.0,
curtainwall_single,362S250-54,50,24,25,L/240,157.0,
curtainwall_single,362S250-54,50,24,25,L/360,137.0,
curtainwall_single,362S250-54,50,24,25,L/600,116.0,
curtainwall_single,362S250-54,50,24,30,L/240,148.0,
curtainwall_single,362S250-54,50,24,30,L/360,129.0,
curtainwall_single,362S250-54,50,24,30,L/600,109.0,
curtainwall_single,362S250-54,50,24,35,L/240,141.0,
curtainwall_single,362S250-54,50,24,35,L/360,123.0,
curtainwall_single,362S250-54,50,24,35,L/600,104.0,
curtainwall_single,362S250-54,50,24,40,L/240,135.0,
curtainwall_single,362S250-54,50,24,40,L/360,118.0,
curtainwall_single,362S250-54,50,24,40,L/600,99.0,
curtainwall_single,362S250-68,50,12,5,L/120,407.0,
curtainwall_single,362S250-68,50,12,5,L/240,323.0,
curtainwall_single,362S250-68,50,12,5,L/360,282.0,
curtainwall_single,362S250-68,50,12,15,L/240,252.0,
curtainwall_single,362S250-68,50,12,15,L/360,221.0,
curtainwall_single,362S250-68,50,12,15,L/600,186.0,
curtainwall_single,362S250-68,50,12,20,L/240,229.0,
curtainwall_single,362S250-68,50,12,20,L/360,200.0,
curtainwall_single,362S250-68,50,12,20,L/600,169.0,
curtainwall_single,362S250-68,50,12,25,L/240,213.0,
curtainwall_single,362S250-68,50,12,25,L/360,186.0,
curtainwall_single,362S250-68,50,12,25,L/600,157.0,
curtainwall_single,362S250-68,50,12,30,L/240,200.0,
curtainwall_single,362S250-68,50,12,30,L/360,175.0,
curtainwall_single,362S250-68,50,12,30,L/600,148.0,
curtainwall_single,362S250-68,50,12,35,L/240,190.0,
curtainwall_single,362S250-68,50,12,35,L/360,166.0,
curtainwall_single,362S250-68,50,12,35,L/600,140.0,
curtainwall_single,362S250-68,50,12,40,L/240,182.0,
curtainwall_single,362S250-68,50,12,40,L/360,159.0,
curtainwall_single,362S250-68,50,12,40,L/600,134.0,
curtainwall_single,362S250-68,50,16,5,L/120,370.0,
curtainwall_single,362S250-68,50,16,5,L/240,294.0,
curtainwall_single,362S250-68,50,16,5,L/360,257.0,
curtainwall_single,362S250-68,50,16,15,L/240,229.0,
curtainwall_single,362S250-68,50,16,15,L/360,200.0,
curtainwall_single,362S250-68,50,16,15,L/600,169.0,
curtainwall_single,362S250-68,50,16,20,L/240,208.0,
curtainwall_single,362S250-68,50,16,20,L/360,182.0,
curtainwall_single,362S250-68,50,16,20,L/600,154.0,
curtainwall_single,362S250-68,50,16,25,L/240,193.0,
curtainwall_single,362S250-68,50,16,25,L/360,169.0,
curtainwall_single,362S250-68,50,16,25,L/600,143.0,
curtainwall_single,362S250-68,50,16,30,L/240,182.0,
curtainwall_single,362S250-68,50,16,30,L/360,159.0,
curtainwall_single,362S250-68,50,16,30,L/600,134.0,
curtainwall_single,362S250-68,50,16,35,L/240,173.0,
curtainwall_single,362S250-68,50,16,35,L/360,151.0,
curtainwall_single,362S250-68,50,16,35,L/600,127.0,
curtainwall_single,362S250-68,50,16,40,L/240,165.0,
curtainwall_single,362S250-68,50,16,40,L/360,144.0,
curtainwall_single,362S250-68,50,16,40,L/600,122.0,
curtainwall_single,362S250-68,50,24,5,L/120,323.0,
curtainwall_single,362S250-68,50,24,5,L/240,257.0,
curtainwall_single,362S250-68,50,24,5,L/360,224.0,
curtainwall_single,362S250-68,50,24,15,L/240,200.0,
curtainwall_single,362S250-68,50,24,15,L/360,175.0,
curtainwall_single,362S250-68,50,24,15,L/600,148.0,
curtainwall_single,362S250-68,50,24,20,L/240,182.0,
curtainwall_single,362S250-68,50,24,20,L/360,159.0,
curtainwall_single,362S250-68,50,24,20,L/600,134.0,
curtainwall_single,362S250-68,50,24,25,L/240,169.0,
curtainwall_single,362S250-68,50,24,25,L/360,148.0,
curtainwall_single,362S250-68,50,24,25,L/600,125.0,
curtainwall_single,362S250-68,50,24,30,L/240,159.0,
curtainwall_single,362S250-68,50,24,30,L/360,139.0,
curtainwall_single,362S250-68,50,24,30,L/600,117.0,
curtainwall_single,362S250-68,50,24,35,L/240,151.0,
curtainwall_single,362S250-68,50,24,35,L/360,132.0,
curtainwall_single,362S250-68,50,24,35,L/600,111.0,
curtainwall_single,362S250-68,50,24,40,L/240,144.0,
curtainwall_single,362S250-68,50,24,40,L/360,126.0,
curtainwall_single,362S250-68,50,24,40,L/600,106.0,
curtainwall_single,362S250-97,50,12,5,L/120,451.0,
curtainwall_single,362S250-97,50,12,5,L/240,358.0,
curtainwall_single,362S250-97,50,12,5,L/360,313.0,
curtainwall_single,362S250-97,50,12,15,L/240,280.0,
curtainwall_single,362S250-97,50,12,15,L/360,244.0,
curtainwall_single,362S250-97,50,12,15,L/600,206.0,
curtainwall_single,362S250-97,50,12,20,L/240,254.0,
curtainwall_single,362S250-97,50,12,20,L/360,222.0,
curtainwall_single,362S250-97,50,12,20,L/600,187.0,
curtainwall_single,362S250-97,50,12,25,L/240,236.0,
curtainwall_single,362S250-97,50,12,25,L/360,206.0,
curtainwall_single,362S250-97,50,12,25,L/600,174.0,
curtainwall_single,362S250-97,50,12,30,L/240,222.0,
curtainwall_single,362S250-97,50,12,30,L/360,194.0,
curtainwall_single,362S250-97,50,12,30,L/600,164.0,
curtainwall_single,362S250-97,50,12,35,L/240,211.0,
curtainwall_single,362S250-97,50,12,35,L/360,184.0,
curtainwall_single,362S250-97,50,12,35,L/600,155.0,
curtainwall_single,362S250-97,50,12,40,L/240,202.0,
curtainwall_single,362S250-97,50,12,40,L/360,176.0,
curtainwall_single,362S250-97,50,12,40,L/600,149.0,
curtainwall_single,362S250-97,50,16,5,L/120,410.0,
curtainwall_single,362S250-97,50,16,5,L/240,325.0,
curtainwall_single,362S250-97,50,16,5,L/360,284.0,
curtainwall_single,362S250-97,50,16,15,L/240,254.0,
curtainwall_single,362S250-97,50,16,15,L/360,222.0,
curtainwall_single,362S250-97,50,16,15,L/600,187.0,
curtainwall_single,362S250-97,50,16,20,L/240,231.0,
curtainwall_single,362S250-97,50,16,20,L/360,202.0,
curtainwall_single,362S250-97,50,16,20,L/600,170.0,
curtainwall_single,362S250-97,50,16,25,L/240,214.0,
curtainwall_single,362S250-97,50,16,25,L/360,187.0,
curtainwall_single,362S250-97,50,16,25,L/600,158.0,
curtainwall_single,362S250-97,50,16,30,L/240,202.0,
curtainwall_single,362S250-97,50,16,30,L/360,176.0,
curtainwall_single,362S250-97,50,16,30,L/600,149.0,
curtainwall_single,362S250-97,50,16,35,L/240,192.0,
curtainwall_single,362S250-97,50,16,35,L/360,167.0,
curtainwall_single,362S250-97,50,16,35,L/600,141.0,
curtainwall_single,362S250-97,50,16,40,L/240,183.0,
curtainwall_single,362S250-97,50,16,40,L/360,160.0,
curtainwall_single,362S250-97,50,16,40,L/600,135.0,
curtainwall_single,362S250-97,50,24,5,L/120,358.0,
curtainwall_single,362S250-97,50,24,5,L/240,284.0,
curtainwall_single,362S250-97,50,24,5,L/360,248.0,
curtainwall_single,362S250-97,50,24,15,L/240,222.0,
curtainwall_single,362S250-97,50,24,15,L/360,194.0,
curtainwall_single,362S250-97,50,24,15,L/600,164.0,
curtainwall_single,362S250-97,50,24,20,L/240,202.0,
curtainwall_single,362S250-97,50,24,20,L/360,176.0,
curtainwall_single,362S250-97,50,24,20,L/600,149.0,
curtainwall_single,362S250-97,50,24,25,L/240,187.0,
curtainwall_single,362S250-97,50,24,25,L/360,164.0,
curtainwall_single,362S250-97,50,24,25,L/600,138.0,
curtainwall_single,362S250-97,50,24,30,L/240,176.0,
curtainwall_single,362S250-97,50,24,30,L/360,154.0,
curtainwall_single,362S250-97,50,24,30,L/600,130.0,
curtainwall_single,362S250-97,50,24,35,L/240,167.0,
curtainwall_single,362S250-97,50,24,35,L/360,146.0,
curtainwall_single,362S250-97,50,24,35,L/600,123.0,
curtainwall_single,362S250-97,50,24,40,L/240,160.0,
curtainwall_single,362S250-97,50,24,40,L/360,140.0,
curtainwall_single,362S250-97,50,24,40,L/600,118.0,
curtainwall_single,362S300-54,33,12,5,L/120,397.0,
curtainwall_single,362S300-54,33,12,5,L/240,315.0,
curtainwall_single,362S300-54,33,12,5,L/360,275.0,
curtainwall_single,362S300-54,33,12,15,L/240,246.0,
curtainwall_single,362S300-54,33,12,15,L/360,215.0,
curtainwall_single,362S300-54,33,12,15,L/600,181.0,
curtainwall_single,362S300-54,33,12,20,L/240,224.0,
curtainwall_single,362S300-54,33,12,20,L/360,195.0,
curtainwall_single,362S300-54,33,12,20,L/600,165.0,
curtainwall_single,362S300-54,33,12,25,L/240,208.0,
curtainwall_single,362S300-54,33,12,25,L/360,181.0,
curtainwall_single,362S300-54,33,12,25,L/600,153.0,
curtainwall_single,362S300-54,33,12,30,L/240,195.0,
curtainwall_single,362S300-54,33,12,30,L/360,171.0,
curtainwall_single,362S300-54,33,12,30,L/600,144.0,
curtainwall_single,362S300-54,33,12,35,L/240,183.0,
curtainwall_single,362S300-54,33,12,35,L/360,162.0,
curtainwall_single,362S300-54,33,12,35,L/600,137.0,
curtainwall_single,362S300-54,33,12,40,L/240,171.0,
curtainwall_single,362S300-54,33,12,40,L/360,155.0,
curtainwall_single,362S300-54,33,12,40,L/600,131.0,
curtainwall_single,362S300-54,33,16,5,L/120,361.0,
curtainwall_single,362S300-54,33,16,5,L/240,286.0,
curtainwall_single,362S300-54,33,16,5,L/360,250.0,
curtainwall_single,362S300-54,33,16,15,L/240,224.0,
curtainwall_single,362S300-54,33,16,15,L/360,195.0,
curtainwall_single,362S300-54,33,16,15,L/600,165.0,
curtainwall_single,362S300-54,33,16,20,L/240,203.0,
curtainwall_single,362S300-54,33,16,20,L/360,178.0,
curtainwall_single,362S300-54,33,16,20,L/600,150.0,
curtainwall_single,362S300-54,33,16,25,L/240,187.0,
curtainwall_single,362S300-54,33,16,25,L/360,165.0,
curtainwall_single,362S300-54,33,16,25,L/600,139.0,
curtainwall_single,362S300-54,33,16,30,L/240,171.0,
curtainwall_single,362S300-54,33,16,30,L/360,155.0,
curtainwall_single,362S300-54,33,16,30,L/600,131.0,
curtainwall_single,362S300-54,33,16,35,L/240,158.0,
curtainwall_single,362S300-54,33,16,35,L/360,147.0,
curtainwall_single,362S300-54,33,16,35,L/600,124.0,
curtainwall_single,362S300-54,33,16,40,L/240,148.0,
curtainwall_single,362S300-54,33,16,40,L/360,141.0,
curtainwall_single,362S300-54,33,16,40,L/600,119.0,
curtainwall_single,362S300-54,33,24,5,L/120,315.0,
curtainwall_single,362S300-54,33,24,5,L/240,250.0,
curtainwall_single,362S300-54,33,24,5,L/360,219.0,
curtainwall_single,362S300-54,33,24,15,L/240,195.0,
curtainwall_single,362S300-54,33,24,15,L/360,171.0,
curtainwall_single,362S300-54,33,24,15,L/600,144.0,
curtainwall_single,362S300-54,33,24,20,L/240,171.0,
curtainwall_single,362S300-54,33,24,20,L/360,155.0,
curtainwall_single,362S300-54,33,24,20,L/600,131.0,
curtainwall_single,362S300-54,33,24,25,L/240,153.0,
curtainwall_single,362S300-54,33,24,25,L/360,144.0,
curtainwall_single,362S300-54,33,24,25,L/600,121.0,
curtainwall_single,362S300-54,33,24,30,L/240,140.0,
curtainwall_single,362S300-54,33,24,30,L/360,135.0,
curtainwall_single,362S300-54,33,24,30,L/600,114.0,
curtainwall_single,362S300-54,33,24,35,L/240,129.0,
curtainwall_single,362S300-54,33,24,35,L/360,129.0,
curtainwall_single,362S300-54,33,24,35,L/600,109.0,
curtainwall_single,362S300-54,33,24,40,L/240,121.0,
curtainwall_single,362S300-54,33,24,40,L/360,121.0,
curtainwall_single,362S300-54,33,24,40,L/600,104.0,
curtainwall_single,362S300-54,50,12,5,L/120,390.0,
curtainwall_single,362S300-54,50,12,5,L/240,310.0,
curtainwall_single,362S300-54,50,12,5,L/360,271.0,
curtainwall_single,362S300-54,50,12,15,L/240,242.0,
curtainwall_single,362S300-54,50,12,15,L/360,211.0,
curtainwall_single,362S300-54,50,12,15,L/600,178.0,
curtainwall_single,362S300-54,50,12,20,L/240,220.0,
curtainwall_single,362S300-54,50,12,20,L/360,192.0,
curtainwall_single,362S300-54,50,12,20,L/600,162.0,
curtainwall_single,362S300-54,50,12,25,L/240,204.0,
curtainwall_single,362S300-54,50,12,25,L/360,178.0,
curtainwall_single,362S300-54,50,12,25,L/600,150.0,
curtainwall_single,362S300-54,50,12,30,L/240,192.0,
curtainwall_single,362S300-54,50,12,30,L/360,168.0,
curtainwall_single,362S300-54,50,12,30,L/600,141.0,
curtainwall_single,362S300-54,50,12,35,L/240,182.0,
curtainwall_single,362S300-54,50,12,35,L/360,159.0,
curtainwall_single,362S300-54,50,12,35,L/600,134.0,
curtainwall_single,362S300-54,50,12,40,L/240,174.0,
curtainwall_single,362S300-54,50,12,40,L/360,152.0,
curtainwall_single,362S300-54,50,12,40,L/600,128.0,
curtainwall_single,362S300-54,50,16,5,L/120,354.0,
curtainwall_single,362S300-54,50,16,5,L/240,281.0,
curtainwall_single,362S300-54,50,16,5,L/360,246.0,
curtainwall_single,362S300-54,50,16,15,L/240,220.0,
curtainwall_single,362S300-54,50,16,15,L/360,192.0,
curtainwall_single,362S300-54,50,16,15,L/600,162.0,
curtainwall_single,362S300-54,50,16,20,L/240,200.0,
curtainwall_single,362S300-54,50,16,20,L/360,174.0,
curtainwall_single,362S300-54,50,16,20,L/600,147.0,
curtainwall_single,362S300-54,50,16,25,L/240,185.0,
curtainwall_single,362S300-54,50,16,25,L/360,162.0,
curtainwall_single,362S300-54,50,16,25,L/600,137.0,
curtainwall_single,362S300-54,50,16,30,L/240,174.0,
curtainwall_single,362S300-54,50,16,30,L/360,152.0,
curtainwall_single,362S300-54,50,16,30,L/600,128.0,
curtainwall_single,362S300-54,50,16,35,L/240,166.0,
curtainwall_single,362S300-54,50,16,35,L/360,145.0,
curtainwall_single,362S300-54,50,16,35,L/600,122.0,
curtainwall_single,362S300-54,50,16,40,L/240,158.0,
curtainwall_single,362S300-54,50,16,40,L/360,138.0,
curtainwall_single,362S300-54,50,16,40,L/600,117.0,
curtainwall_single,362S300-54,50,24,5,L/120,310.0,
curtainwall_single,362S300-54,50,24,5,L/240,246.0,
curtainwall_single,362S300-54,50,24,5,L/360,215.0,
curtainwall_single,362S300-54,50,24,15,L/240,192.0,
curtainwall_single,362S300-54,50,24,15,L/360,168.0,
curtainwall_single,362S300-54,50,24,15,L/600,141.0,
curtainwall_single,362S300-54,50,24,20,L/240,174.0,
curtainwall_single,362S300-54,50,24,20,L/360,152.0,
curtainwall_single,362S300-54,50,24,20,L/600,128.0,
curtainwall_single,362S300-54,50,24,25,L/240,162.0,
curtainwall_single,362S300-54,50,24,25,L/360,141.0,
curtainwall_single,362S300-54,50,24,25,L/600,119.0,
curtainwall_single,362S300-54,50,24,30,L/240,152.0,
curtainwall_single,362S300-54,50,24,30,L/360,133.0,
curtainwall_single,362S300-54,50,24,30,L/600,112.0,
curtainwall_single,362S300-54,50,24,35,L/240,145.0,
curtainwall_single,362S300-54,50,24,35,L/360,126.0,
curtainwall_single,362S300-54,50,24,35,L/600,107.0,
curtainwall_single,362S300-54,50,24,40,L/240,138.0,
curtainwall_single,362S300-54,50,24,40,L/360,121.0,
curtainwall_single,362S300-54,50,24,40,L/600,102.0,
curtainwall_single,362S300-68,50,12,5,L/120,424.0,
curtainwall_single,362S300-68,50,12,5,L/240,337.0,
curtainwall_single,362S300-68,50,12,5,L/360,294.0,
curtainwall_single,362S300-68,50,12,15,L/240,263.0,
curtainwall_single,362S300-68,50,12,15,L/360,230.0,
curtainwall_single,362S300-68,50,12,15,L/600,194.0,
curtainwall_single,362S300-68,50,12,20,L/240,239.0,
curtainwall_single,362S300-68,50,12,20,L/360,209.0,
curtainwall_single,362S300-68,50,12,20,L/600,176.0,
curtainwall_single,362S300-68,50,12,25,L/240,222.0,
curtainwall_single,362S300-68,50,12,25,L/360,194.0,
curtainwall_single,362S300-68,50,12,25,L/600,163.0,
curtainwall_single,362S300-68,50,12,30,L/240,209.0,
curtainwall_single,362S300-68,50,12,30,L/360,182.0,
curtainwall_single,362S300-68,50,12,30,L/600,154.0,
curtainwall_single,362S300-68,50,12,35,L/240,198.0,
curtainwall_single,362S300-68,50,12,35,L/360,173.0,
curtainwall_single,362S300-68,50,12,35,L/600,146.0,
curtainwall_single,362S300-68,50,12,40,L/240,190.0,
curtainwall_single,362S300-68,50,12,40,L/360,166.0,
curtainwall_single,362S300-68,50,12,40,L/600,140.0,
curtainwall_single,362S300-68,50,16,5,L/120,385.0,
curtainwall_single,362S300-68,50,16,5,L/240,306.0,
curtainwall_single,362S300-68,50,16,5,L/360,267.0,
curtainwall_single,362S300-68,50,16,15,L/240,239.0,
curtainwall_single,362S300-68,50,16,15,L/360,209.0,
curtainwall_single,362S300-68,50,16,15,L/600,176.0,
curtainwall_single,362S300-68,50,16,20,L/240,217.0,
curtainwall_single,362S300-68,50,16,20,L/360,190.0,
curtainwall_single,362S300-68,50,16,20,L/600,160.0,
curtainwall_single,362S300-68,50,16,25,L/240,201.0,
curtainwall_single,362S300-68,50,16,25,L/360,176.0,
curtainwall_single,362S300-68,50,16,25,L/600,148.0,
curtainwall_single,362S300-68,50,16,30,L/240,190.0,
curtainwall_single,362S300-68,50,16,30,L/360,166.0,
curtainwall_single,362S300-68,50,16,30,L/600,140.0,
curtainwall_single,362S300-68,50,16,35,L/240,180.0,
curtainwall_single,362S300-68,50,16,35,L/360,157.0,
curtainwall_single,362S300-68,50,16,35,L/600,133.0,
curtainwall_single,362S300-68,50,16,40,L/240,172.0,
curtainwall_single,362S300-68,50,16,40,L/360,150.0,
curtainwall_single,362S300-68,50,16,40,L/600,127.0,
curtainwall_single,362S300-68,50,24,5,L/120,337.0,
curtainwall_single,362S300-68,50,24,5,L/240,267.0,
curtainwall_single,362S300-68,50,24,5,L/360,233.0,
curtainwall_single,362S300-68,50,24,15,L/240,209.0,
curtainwall_single,362S300-68,50,24,15,L/360,182.0,
curtainwall_single,362S300-68,50,24,15,L/600,154.0,
curtainwall_single,362S300-68,50,24,20,L/240,190.0,
curtainwall_single,362S300-68,50,24,20,L/360,166.0,
curtainwall_single,362S300-68,50,24,20,L/600,140.0,
curtainwall_single,362S300-68,50,24,25,L/240,176.0,
curtainwall_single,362S300-68,50,24,25,L/360,154.0,
curtainwall_single,362S300-68,50,24,25,L/600,130.0,
curtainwall_single,362S300-68,50,24,30,L/240,166.0,
curtainwall_single,362S300-68,50,24,30,L/360,145.0,
curtainwall_single,362S300-68,50,24,30,L/600,122.0,
curtainwall_single,362S300-68,50,24,35,L/240,157.0,
curtainwall_single,362S300-68,50,24,35,L/360,137.0,
curtainwall_single,362S300-68,50,24,35,L/600,116.0,
curtainwall_single,362S300-68,50,24,40,L/240,150.0,
curtainwall_single,362S300-68,50,24,40,L/360,131.0,
curtainwall_single,362S300-68,50,24,40,L/600,111.0,
curtainwall_single,362S300-97,50,12,5,L/120,472.0,
curtainwall_single,362S300-97,50,12,5,L/240,375.0,
curtainwall_single,362S300-97,50,12,5,L/360,327.0,
curtainwall_single,362S300-97,50,12,15,L/240,293.0,
curtainwall_single,362S300-97,50,12,15,L/360,256.0,
curtainwall_single,362S300-97,50,12,15,L/600,216.0,
curtainwall_single,362S300-97,50,12,20,L/240,266.0,
curtainwall_single,362S300-97,50,12,20,L/360,232.0,
curtainwall_single,362S300-97,50,12,20,L/600,196.0,
curtainwall_single,362S300-97,50,12,25,L/240,247.0,
curtainwall_single,362S300-97,50,12,25,L/360,216.0,
curtainwall_single,362S300-97,50,12,25,L/600,182.0,
curtainwall_single,362S300-97,50,12,30,L/240,232.0,
curtainwall_single,362S300-97,50,12,30,L/360,203.0,
curtainwall_single,362S300-97,50,12,30,L/600,171.0,
curtainwall_single,362S300-97,50,12,35,L/240,221.0,
curtainwall_single,362S300-97,50,12,35,L/360,193.0,
curtainwall_single,362S300-97,50,12,35,L/600,163.0,
curtainwall_single,362S300-97,50,12,40,L/240,211.0,
curtainwall_single,362S300-97,50,12,40,L/360,184.0,
curtainwall_single,362S300-97,50,12,40,L/600,156.0,
curtainwall_single,362S300-97,50,16,5,L/120,429.0,
curtainwall_single,362S300-97,50,16,5,L/240,341.0,
curtainwall_single,362S300-97,50,16,5,L/360,298.0,
curtainwall_single,362S300-97,50,16,15,L/240,266.0,
curtainwall_single,362S300-97,50,16,15,L/360,232.0,
curtainwall_single,362S300-97,50,16,15,L/600,196.0,
curtainwall_single,362S300-97,50,16,20,L/240,242.0,
curtainwall_single,362S300-97,50,16,20,L/360,211.0,
curtainwall_single,362S300-97,50,16,20,L/600,178.0,
curtainwall_single,362S300-97,50,16,25,L/240,224.0,
curtainwall_single,362S300-97,50,16,25,L/360,196.0,
curtainwall_single,362S300-97,50,16,25,L/600,165.0,
curtainwall_single,362S300-97,50,16,30,L/240,211.0,
curtainwall_single,362S300-97,50,16,30,L/360,184.0,
curtainwall_single,362S300-97,50,16,30,L/600,156.0,
curtainwall_single,362S300-97,50,16,35,L/240,201.0,
curtainwall_single,362S300-97,50,16,35,L/360,175.0,
curtainwall_single,362S300-97,50,16,35,L/600,148.0,
curtainwall_single,362S300-97,50,16,40,L/240,192.0,
curtainwall_single,362S300-97,50,16,40,L/360,168.0,
curtainwall_single,362S300-97,50,16,40,L/600,141.0,
curtainwall_single,362S300-97,50,24,5,L/120,375.0,
curtainwall_single,362S300-97,50,24,5,L/240,298.0,
curtainwall_single,362S300-97,50,24,5,L/360,260.0,
curtainwall_single,362S300-97,50,24,15,L/240,232.0,
curtainwall_single,362S300-97,50,24,15,L/360,203.0,
curtainwall_single,362S300-97,50,24,15,L/600,171.0,
curtainwall_single,362S300-97,50,24,20,L/240,211.0,
curtainwall_single,362S300-97,50,24,20,L/360,184.0,
curtainwall_single,362S300-97,50,24,20,L/600,156.0,
curtainwall_single,362S300-97,50,24,25,L/240,196.0,
curtainwall_single,362S300-97,50,24,25,L/360,171.0,
curtainwall_single,362S300-97,50,24,25,L/600,144.0,
curtainwall_single,362S300-97,50,24,30,L/240,184.0,
curtainwall_single,362S300-97,50,24,30,L/360,161.0,
curtainwall_single,362S300-97,50,24,30,L/600,136.0,
curtainwall_single,362S300-97,50,24,35,L/240,175.0,
curtainwall_single,362S300-97,50,24,35,L/360,153.0,
curtainwall_single,362S300-97,50,24,35,L/600,129.0,
curtainwall_single,362S300-97,50,24,40,L/240,168.0,
curtainwall_single,362S300-97,50,24,40,L/360,146.0,
curtainwall_single,362S300-97,50,24,40,L/600,123.0,
curtainwall_single,400S137-33,33,12,5,L/120,301.0,
curtainwall_single,400S137-33,33,12,5,L/240,239.0,
curtainwall_single,400S137-33,33,12,5,L/360,209.0,
curtainwall_single,400S137-33,33,12,15,L/240,184.0,
curtainwall_single,400S137-33,33,12,15,L/360,163.0,
curtainwall_single,400S137-33,33,12,15,L/600,138.0,
curtainwall_single,400S137-33,33,12,20,L/240,160.0,e
curtainwall_single,400S137-33,33,12,20,L/360,148.0,e
curtainwall_single,400S137-33,33,12,20,L/600,125.0,
curtainwall_single,400S137-33,33,12,25,L/240,143.0,e
curtainwall_single,400S137-33,33,12,25,L/360,138.0,e
curtainwall_single,400S137-33,33,12,25,L/600,116.0,
curtainwall_single,400S137-33,33,12,30,L/240,130.0,e
curtainwall_single,400S137-33,33,12,30,L/360,129.0,e
curtainwall_single,400S137-33,33,12,30,L/600,109.0,e
curtainwall_single,400S137-33,33,12,35,L/240,121.0,e
curtainwall_single,400S137-33,33,12,35,L/360,121.0,e
curtainwall_single,400S137-33,33,12,35,L/600,104.0,e
curtainwall_single,400S137-33,33,12,40,L/240,113.0,e
curtainwall_single,400S137-33,33,12,40,L/360,113.0,e
curtainwall_single,400S137-33,33,12,40,L/600,99.0,e
curtainwall_single,400S137-33,33,16,5,L/120,274.0,
curtainwall_single,400S137-33,33,16,5,L/240,217.0,
curtainwall_single,400S137-33,33,16,5,L/360,190.0,
curtainwall_single,400S137-33,33,16,15,L/240,160.0,e
curtainwall_single,400S137-33,33,16,15,L/360,148.0,e
curtainwall_single,400S137-33,33,16,15,L/600,125.0,
curtainwall_single,400S137-33,33,16,20,L/240,138.0,e
curtainwall_single,400S137-33,33,16,20,L/360,135.0,e
curtainwall_single,400S137-33,33,16,20,L/600,114.0,e
curtainwall_single,400S137-33,33,16,25,L/240,124.0,e
curtainwall_single,400S137-33,33,16,25,L/360,124.0,e
curtainwall_single,400S137-33,33,16,25,L/600,105.0,e
curtainwall_single,400S137-33,33,16,30,L/240,113.0,e
curtainwall_single,400S137-33,33,16,30,L/360,113.0,e
curtainwall_single,400S137-33,33,16,30,L/600,99.0,e
curtainwall_single,400S137-33,33,16,35,L/240,105.0,e
curtainwall_single,400S137-33,33,16,35,L/360,105.0,e
curtainwall_single,400S137-33,33,16,35,L/600,94.0,e
curtainwall_single,400S137-33,33,16,40,L/240,98.0,e
curtainwall_single,400S137-33,33,16,40,L/360,98.0,e
curtainwall_single,400S137-33,33,16,40,L/600,90.0,e
curtainwall_single,400S137-33,33,24,5,L/120,226.0,
curtainwall_single,400S137-33,33,24,5,L/240,190.0,
curtainwall_single,400S137-33,33,24,5,L/360,166.0,
curtainwall_single,400S137-33,33,24,15,L/240,130.0,e
curtainwall_single,400S137-33,33,24,15,L/360,129.0,e
curtainwall_single,400S137-33,33,24,15,L/600,109.0,e
curtainwall_single,400S137-33,33,24,20,L/240,113.0,e
curtainwall_single,400S137-33,33,24,20,L/360,113.0,e
curtainwall_single,400S137-33,33,24,20,L/600,99.0,e
curtainwall_single,400S137-33,33,24,25,L/240,101.0,e
curtainwall_single,400S137-33,33,24,25,L/360,101.0,e
curtainwall_single,400S137-33,33,24,25,L/600,92.0,e
curtainwall_single,400S137-33,33,24,30,L/240,92.0,e
curtainwall_single,400S137-33,33,24,30,L/360,92.0,e
curtainwall_single,400S137-33,33,24,30,L/600,87.0,e
curtainwall_single,400S137-33,33,24,35,L/240,85.0,e
curtainwall_single,400S137-33,33,24,35,L/360,85.0,e
curtainwall_single,400S137-33,33,24,35,L/600,82.0,e
curtainwall_single,400S137-33,33,24,40,L/240,80.0,e
curtainwall_single,400S137-33,33,24,40,L/360,80.0,e
curtainwall_single,400S137-33,33,24,40,L/600,79.0,e
curtainwall_single,400S137-43,33,12,5,L/120,328.0,
curtainwall_single,400S137-43,33,12,5,L/240,260.0,
curtainwall_single,400S137-43,33,12,5,L/360,227.0,
curtainwall_single,400S137-43,33,12,15,L/240,203.0,
curtainwall_single,400S137-43,33,12,15,L/360,177.0,
curtainwall_single,400S137-43,33,12,15,L/600,150.0,
curtainwall_single,400S137-43,33,12,20,L/240,185.0,
curtainwall_single,400S137-43,33,12,20,L/360,161.0,
curtainwall_single,400S137-43,33,12,20,L/600,136.0,
curtainwall_single,400S137-43,33,12,25,L/240,168.0,
curtainwall_single,400S137-43,33,12,25,L/360,150.0,
curtainwall_single,400S137-43,33,12,25,L/600,126.0,
curtainwall_single,400S137-43,33,12,30,L/240,153.0,
curtainwall_single,400S137-43,33,12,30,L/360,141.0,
curtainwall_single,400S137-43,33,12,30,L/600,119.0,
curtainwall_single,400S137-43,33,12,35,L/240,142.0,
curtainwall_single,400S137-43,33,12,35,L/360,134.0,
curtainwall_single,400S137-43,33,12,35,L/600,113.0,
curtainwall_single,400S137-43,33,12,40,L/240,133.0,
curtainwall_single,400S137-43,33,12,40,L/360,128.0,
curtainwall_single,400S137-43,33,12,40,L/600,108.0,
curtainwall_single,400S137-43,33,16,5,L/120,298.0,
curtainwall_single,400S137-43,33,16,5,L/240,236.0,
curtainwall_single,400S137-43,33,16,5,L/360,206.0,
curtainwall_single,400S137-43,33,16,15,L/240,185.0,
curtainwall_single,400S137-43,33,16,15,L/360,161.0,
curtainwall_single,400S137-43,33,16,15,L/600,136.0,
curtainwall_single,400S137-43,33,16,20,L/240,162.0,
curtainwall_single,400S137-43,33,16,20,L/360,146.0,
curtainwall_single,400S137-43,33,16,20,L/600,124.0,
curtainwall_single,400S137-43,33,16,25,L/240,145.0,
curtainwall_single,400S137-43,33,16,25,L/360,136.0,
curtainwall_single,400S137-43,33,16,25,L/600,115.0,
curtainwall_single,400S137-43,33,16,30,L/240,133.0,
curtainwall_single,400S137-43,33,16,30,L/360,128.0,
curtainwall_single,400S137-43,33,16,30,L/600,108.0,
curtainwall_single,400S137-43,33,16,35,L/240,123.0,
curtainwall_single,400S137-43,33,16,35,L/360,122.0,
curtainwall_single,400S137-43,33,16,35,L/600,102.0,
curtainwall_single,400S137-43,33,16,40,L/240,115.0,e
curtainwall_single,400S137-43,33,16,40,L/360,115.0,e
curtainwall_single,400S137-43,33,16,40,L/600,98.0,
curtainwall_single,400S137-43,33,24,5,L/120,260.0,
curtainwall_single,400S137-43,33,24,5,L/240,206.0,
curtainwall_single,400S137-43,33,24,5,L/360,180.0,
curtainwall_single,400S137-43,33,24,15,L/240,153.0,
curtainwall_single,400S137-43,33,24,15,L/360,141.0,
curtainwall_single,400S137-43,33,24,15,L/600,119.0,
curtainwall_single,400S137-43,33,24,20,L/240,133.0,
curtainwall_single,400S137-43,33,24,20,L/360,128.0,
curtainwall_single,400S137-43,33,24,20,L/600,108.0,
curtainwall_single,400S137-43,33,24,25,L/240,119.0,
curtainwall_single,400S137-43,33,24,25,L/360,119.0,
curtainwall_single,400S137-43,33,24,25,L/600,100.0,
curtainwall_single,400S137-43,33,24,30,L/240,108.0,e
curtainwall_single,400S137-43,33,24,30,L/360,108.0,e
curtainwall_single,400S137-43,33,24,30,L/600,94.0,
curtainwall_single,400S137-43,33,24,35,L/240,100.0,e
curtainwall_single,400S137-43,33,24,35,L/360,100.0,e
curtainwall_single,400S137-43,33,24,35,L/600,90.0,e
curtainwall_single,400S137-43,33,24,40,L/240,94.0,e
curtainwall_single,400S137-43,33,24,40,L/360,94.0,e
curtainwall_single,400S137-43,33,24,40,L/600,86.0,e
curtainwall_single,400S137-54,33,12,5,L/120,351.0,
curtainwall_single,400S137-54,33,12,5,L/240,279.0,
curtainwall_single,400S137-54,33,12,5,L/360,243.0,
curtainwall_single,400S137-54,33,12,15,L/240,217.0,
curtainwall_single,400S137-54,33,12,15,L/360,190.0,
curtainwall_single,400S137-54,33,12,15,L/600,160.0,
curtainwall_single,400S137-54,33,12,20,L/240,198.0,
curtainwall_single,400S137-54,33,12,20,L/360,173.0,
curtainwall_single,400S137-54,33,12,20,L/600,146.0,
curtainwall_single,400S137-54,33,12,25,L/240,183.0,
curtainwall_single,400S137-54,33,12,25,L/360,160.0,
curtainwall_single,400S137-54,33,12,25,L/600,135.0,
curtainwall_single,400S137-54,33,12,30,L/240,172.0,
curtainwall_single,400S137-54,33,12,30,L/360,151.0,
curtainwall_single,400S137-54,33,12,30,L/600,127.0,
curtainwall_single,400S137-54,33,12,35,L/240,159.0,
curtainwall_single,400S137-54,33,12,35,L/360,143.0,
curtainwall_single,400S137-54,33,12,35,L/600,121.0,
curtainwall_single,400S137-54,33,12,40,L/240,149.0,
curtainwall_single,400S137-54,33,12,40,L/360,137.0,
curtainwall_single,400S137-54,33,12,40,L/600,116.0,
curtainwall_single,400S137-54,33,16,5,L/120,319.0,
curtainwall_single,400S137-54,33,16,5,L/240,253.0,
curtainwall_single,400S137-54,33,16,5,L/360,221.0,
curtainwall_single,400S137-54,33,16,15,L/240,198.0,
curtainwall_single,400S137-54,33,16,15,L/360,173.0,
curtainwall_single,400S137-54,33,16,15,L/600,146.0,
curtainwall_single,400S137-54,33,16,20,L/240,180.0,
curtainwall_single,400S137-54,33,16,20,L/360,157.0,
curtainwall_single,400S137-54,33,16,20,L/600,132.0,
curtainwall_single,400S137-54,33,16,25,L/240,163.0,
curtainwall_single,400S137-54,33,16,25,L/360,146.0,
curtainwall_single,400S137-54,33,16,25,L/600,123.0,
curtainwall_single,400S137-54,33,16,30,L/240,149.0,
curtainwall_single,400S137-54,33,16,30,L/360,137.0,
curtainwall_single,400S137-54,33,16,30,L/600,116.0,
curtainwall_single,400S137-54,33,16,35,L/240,138.0,
curtainwall_single,400S137-54,33,16,35,L/360,130.0,
curtainwall_single,400S137-54,33,16,35,L/600,110.0,
curtainwall_single,400S137-54,33,16,40,L/240,129.0,
curtainwall_single,400S137-54,33,16,40,L/360,124.0,
curtainwall_single,400S137-54,33,16,40,L/600,105.0,
curtainwall_single,400S137-54,33,24,5,L/120,279.0,
curtainwall_single,400S137-54,33,24,5,L/240,221.0,
curtainwall_single,400S137-54,33,24,5,L/360,193.0,
curtainwall_single,400S137-54,33,24,15,L/240,172.0,
curtainwall_single,400S137-54,33,24,15,L/360,151.0,
curtainwall_single,400S137-54,33,24,15,L/600,127.0,
curtainwall_single,400S137-54,33,24,20,L/240,149.0,
curtainwall_single,400S137-54,33,24,20,L/360,137.0,
curtainwall_single,400S137-54,33,24,20,L/600,116.0,
curtainwall_single,400S137-54,33,24,25,L/240,133.0,
curtainwall_single,400S137-54,33,24,25,L/360,127.0,
curtainwall_single,400S137-54,33,24,25,L/600,107.0,
curtainwall_single,400S137-54,33,24,30,L/240,121.0,
curtainwall_single,400S137-54,33,24,30,L/360,120.0,
curtainwall_single,400S137-54,33,24,30,L/600,101.0,
curtainwall_single,400S137-54,33,24,35,L/240,112.0,
curtainwall_single,400S137-54,33,24,35,L/360,112.0,
curtainwall_single,400S137-54,33,24,35,L/600,96.0,
curtainwall_single,400S137-54,33,24,40,L/240,105.0,
curtainwall_single,400S137-54,33,24,40,L/360,105.0,
curtainwall_single,400S137-54,33,24,40,L/600,92.0,
curtainwall_single,400S137-54,50,12,5,L/120,351.0,
curtainwall_single,400S137-54,50,12,5,L/240,279.0,
curtainwall_single,400S137-54,50,12,5,L/360,243.0,
curtainwall_single,400S137-54,50,12,15,L/240,217.0,
curtainwall_single,400S137-54,50,12,15,L/360,190.0,
curtainwall_single,400S137-54,50,12,15,L/600,160.0,
curtainwall_single,400S137-54,50,12,20,L/240,198.0,
curtainwall_single,400S137-54,50,12,20,L/360,173.0,
curtainwall_single,400S137-54,50,12,20,L/600,146.0,
curtainwall_single,400S137-54,50,12,25,L/240,183.0,
curtainwall_single,400S137-54,50,12,25,L/360,160.0,
curtainwall_single,400S137-54,50,12,25,L/600,135.0,
curtainwall_single,400S137-54,50,12,30,L/240,173.0,
curtainwall_single,400S137-54,50,12,30,L/360,151.0,
curtainwall_single,400S137-54,50,12,30,L/600,127.0,
curtainwall_single,400S137-54,50,12,35,L/240,164.0,
curtainwall_single,400S137-54,50,12,35,L/360,143.0,
curtainwall_single,400S137-54,50,12,35,L/600,121.0,
curtainwall_single,400S137-54,50,12,40,L/240,157.0,
curtainwall_single,400S137-54,50,12,40,L/360,137.0,
curtainwall_single,400S137-54,50,12,40,L/600,116.0,
curtainwall_single,400S137-54,50,16,5,L/120,319.0,
curtainwall_single,400S137-54,50,16,5,L/240,253.0,
curtainwall_single,400S137-54,50,16,5,L/360,221.0,
curtainwall_single,400S137-54,50,16,15,L/240,198.0,
curtainwall_single,400S137-54,50,16,15,L/360,173.0,
curtainwall_single,400S137-54,50,16,15,L/600,146.0,
curtainwall_single,400S137-54,50,16,20,L/240,180.0,
curtainwall_single,400S137-54,50,16,20,L/360,157.0,
curtainwall_single,400S137-54,50,16,20,L/600,132.0,
curtainwall_single,400S137-54,50,16,25,L/240,167.0,
curtainwall_single,400S137-54,50,16,25,L/360,146.0,
curtainwall_single,400S137-54,50,16,25,L/600,123.0,
curtainwall_single,400S137-54,50,16,30,L/240,157.0,
curtainwall_single,400S137-54,50,16,30,L/360,137.0,
curtainwall_single,400S137-54,50,16,30,L/600,116.0,
curtainwall_single,400S137-54,50,16,35,L/240,149.0,
curtainwall_single,400S137-54,50,16,35,L/360,130.0,
curtainwall_single,400S137-54,50,16,35,L/600,110.0,
curtainwall_single,400S137-54,50,16,40,L/240,142.0,
curtainwall_single,400S137-54,50,16,40,L/360,124.0,
curtainwall_single,400S137-54,50,16,40,L/600,105.0,
curtainwall_single,400S137-54,50,24,5,L/120,279.0,
curtainwall_single,400S137-54,50,24,5,L/240,221.0,
curtainwall_single,400S137-54,50,24,5,L/360,193.0,
curtainwall_single,400S137-54,50,24,15,L/240,173.0,
curtainwall_single,400S137-54,50,24,15,L/360,151.0,
curtainwall_single,400S137-54,50,24,15,L/600,127.0,
curtainwall_single,400S137-54,50,24,20,L/240,157.0,
curtainwall_single,400S137-54,50,24,20,L/360,137.0,
curtainwall_single,400S137-54,50,24,20,L/600,116.0,
curtainwall_single,400S137-54,50,24,25,L/240,146.0,
curtainwall_single,400S137-54,50,24,25,L/360,127.0,
curtainwall_single,400S137-54,50,24,25,L/600,107.0,
curtainwall_single,400S137-54,50,24,30,L/240,137.0,
curtainwall_single,400S137-54,50,24,30,L/360,120.0,
curtainwall_single,400S137-54,50,24,30,L/600,101.0,
curtainwall_single,400S137-54,50,24,35,L/240,130.0,
curtainwall_single,400S137-54,50,24,35,L/360,114.0,
curtainwall_single,400S137-54,50,24,35,L/600,96.0,
curtainwall_single,400S137-54,50,24,40,L/240,124.0,
curtainwall_single,400S137-54,50,24,40,L/360,109.0,
curtainwall_single,400S137-54,50,24,40,L/600,92.0,
curtainwall_single,400S137-68,50,12,5,L/120,375.0,
curtainwall_single,400S137-68,50,12,5,L/240,298.0,
curtainwall_single,400S137-68,50,12,5,L/360,260.0,
curtainwall_single,400S137-68,50,12,15,L/240,233.0,
curtainwall_single,400S137-68,50,12,15,L/360,203.0,
curtainwall_single,400S137-68,50,12,15,L/600,171.0,
curtainwall_single,400S137-68,50,12,20,L/240,211.0,
curtainwall_single,400S137-68,50,12,20,L/360,185.0,
curtainwall_single,400S137-68,50,12,20,L/600,156.0,
curtainwall_single,400S137-68,50,12,25,L/240,196.0,
curtainwall_single,400S137-68,50,12,25,L/360,171.0,
curtainwall_single,400S137-68,50,12,25,L/600,145.0,
curtainwall_single,400S137-68,50,12,30,L/240,185.0,
curtainwall_single,400S137-68,50,12,30,L/360,161.0,
curtainwall_single,400S137-68,50,12,30,L/600,136.0,
curtainwall_single,400S137-68,50,12,35,L/240,175.0,
curtainwall_single,400S137-68,50,12,35,L/360,153.0,
curtainwall_single,400S137-68,50,12,35,L/600,129.0,
curtainwall_single,400S137-68,50,12,40,L/240,168.0,
curtainwall_single,400S137-68,50,12,40,L/360,146.0,
curtainwall_single,400S137-68,50,12,40,L/600,124.0,
curtainwall_single,400S137-68,50,16,5,L/120,341.0,
curtainwall_single,400S137-68,50,16,5,L/240,271.0,
curtainwall_single,400S137-68,50,16,5,L/360,236.0,
curtainwall_single,400S137-68,50,16,15,L/240,211.0,
curtainwall_single,400S137-68,50,16,15,L/360,185.0,
curtainwall_single,400S137-68,50,16,15,L/600,156.0,
curtainwall_single,400S137-68,50,16,20,L/240,192.0,
curtainwall_single,400S137-68,50,16,20,L/360,168.0,
curtainwall_single,400S137-68,50,16,20,L/600,141.0,
curtainwall_single,400S137-68,50,16,25,L/240,178.0,
curtainwall_single,400S137-68,50,16,25,L/360,156.0,
curtainwall_single,400S137-68,50,16,25,L/600,131.0,
curtainwall_single,400S137-68,50,16,30,L/240,168.0,
curtainwall_single,400S137-68,50,16,30,L/360,146.0,
curtainwall_single,400S137-68,50,16,30,L/600,124.0,
curtainwall_single,400S137-68,50,16,35,L/240,159.0,
curtainwall_single,400S137-68,50,16,35,L/360,139.0,
curtainwall_single,400S137-68,50,16,35,L/600,117.0,
curtainwall_single,400S137-68,50,16,40,L/240,152.0,
curtainwall_single,400S137-68,50,16,40,L/360,133.0,
curtainwall_single,400S137-68,50,16,40,L/600,112.0,
curtainwall_single,400S137-68,50,24,5,L/120,298.0,
curtainwall_single,400S137-68,50,24,5,L/240,236.0,
curtainwall_single,400S137-68,50,24,5,L/360,206.0,
curtainwall_single,400S137-68,50,24,15,L/240,185.0,
curtainwall_single,400S137-68,50,24,15,L/360,161.0,
curtainwall_single,400S137-68,50,24,15,L/600,136.0,
curtainwall_single,400S137-68,50,24,20,L/240,168.0,
curtainwall_single,400S137-68,50,24,20,L/360,146.0,
curtainwall_single,400S137-68,50,24,20,L/600,124.0,
curtainwall_single,400S137-68,50,24,25,L/240,156.0,
curtainwall_single,400S137-68,50,24,25,L/360,136.0,
curtainwall_single,400S137-68,50,24,25,L/600,115.0,
curtainwall_single,400S137-68,50,24,30,L/240,146.0,
curtainwall_single,400S137-68,50,24,30,L/360,128.0,
curtainwall_single,400S137-68,50,24,30,L/600,108.0,
curtainwall_single,400S137-68,50,24,35,L/240,139.0,
curtainwall_single,400S137-68,50,24,35,L/360,122.0,
curtainwall_single,400S137-68,50,24,35,L/600,103.0,
curtainwall_single,400S137-68,50,24,40,L/240,133.0,
curtainwall_single,400S137-68,50,24,40,L/360,116.0,
curtainwall_single,400S137-68,50,24,40,L/600,98.0,
curtainwall_single,400S162-33,33,12,5,L/120,315.0,
curtainwall_single,400S162-33,33,12,5,L/240,250.0,
curtainwall_single,400S162-33,33,12,5,L/360,219.0,
curtainwall_single,400S162-33,33,12,15,L/240,195.0,
curtainwall_single,400S162-33,33,12,15,L/360,171.0,
curtainwall_single,400S162-33,33,12,15,L/600,144.0,
curtainwall_single,400S162-33,33,12,20,L/240,171.0,e
curtainwall_single,400S162-33,33,12,20,L/360,155.0,e
curtainwall_single,400S162-33,33,12,20,L/600,131.0,
curtainwall_single,400S162-33,33,12,25,L/240,153.0,e
curtainwall_single,400S162-33,33,12,25,L/360,144.0,e
curtainwall_single,400S162-33,33,12,25,L/600,121.0,e
curtainwall_single,400S162-33,33,12,30,L/240,140.0,e
curtainwall_single,400S162-33,33,12,30,L/360,136.0,e
curtainwall_single,400S162-33,33,12,30,L/600,114.0,e
curtainwall_single,400S162-33,33,12,35,L/240,129.0,e
curtainwall_single,400S162-33,33,12,35,L/360,129.0,e
curtainwall_single,400S162-33,33,12,35,L/600,109.0,e
curtainwall_single,400S162-33,33,12,40,L/240,121.0,e
curtainwall_single,400S162-33,33,12,40,L/360,121.0,e
curtainwall_single,400S162-33,33,12,40,L/600,104.0,e
curtainwall_single,400S162-33,33,16,5,L/120,287.0,
curtainwall_single,400S162-33,33,16,5,L/240,227.0,
curtainwall_single,400S162-33,33,16,5,L/360,199.0,
curtainwall_single,400S162-33,33,16,15,L/240,171.0,e
curtainwall_single,400S162-33,33,16,15,L/360,155.0,e
curtainwall_single,400S162-33,33,16,15,L/600,131.0,
curtainwall_single,400S162-33,33,16,20,L/240,148.0,e
curtainwall_single,400S162-33,33,16,20,L/360,141.0,e
curtainwall_single,400S162-33,33,16,20,L/600,119.0,e
curtainwall_single,400S162-33,33,16,25,L/240,133.0,e
curtainwall_single,400S162-33,33,16,25,L/360,131.0,e
curtainwall_single,400S162-33,33,16,25,L/600,110.0,e
curtainwall_single,400S162-33,33,16,30,L/240,121.0,e
curtainwall_single,400S162-33,33,16,30,L/360,121.0,e
curtainwall_single,400S162-33,33,16,30,L/600,104.0,e
curtainwall_single,400S162-33,33,16,35,L/240,112.0,e
curtainwall_single,400S162-33,33,16,35,L/360,112.0,e
curtainwall_single,400S162-33,33,16,35,L/600,99.0,e
curtainwall_single,400S162-33,33,16,40,L/240,105.0,e
curtainwall_single,400S162-33,33,16,40,L/360,105.0,e
curtainwall_single,400S162-33,33,16,40,L/600,94.0,e
curtainwall_single,400S162-33,33,24,5,L/120,242.0,
curtainwall_single,400S162-33,33,24,5,L/240,199.0,
curtainwall_single,400S162-33,33,24,5,L/360,174.0,
curtainwall_single,400S162-33,33,24,15,L/240,140.0,e
curtainwall_single,400S162-33,33,24,15,L/360,136.0,e
curtainwall_single,400S162-33,33,24,15,L/600,114.0,e
curtainwall_single,400S162-33,33,24,20,L/240,121.0,e
curtainwall_single,400S162-33,33,24,20,L/360,121.0,e
curtainwall_single,400S162-33,33,24,20,L/600,104.0,e
curtainwall_single,400S162-33,33,24,25,L/240,108.0,e
curtainwall_single,400S162-33,33,24,25,L/360,108.0,e
curtainwall_single,400S162-33,33,24,25,L/600,96.0,e
curtainwall_single,400S162-33,33,24,30,L/240,99.0,e
curtainwall_single,400S162-33,33,24,30,L/360,99.0,e
curtainwall_single,400S162-33,33,24,30,L/600,91.0,e
curtainwall_single,400S162-33,33,24,35,L/240,92.0,e
curtainwall_single,400S162-33,33,24,35,L/360,92.0,e
curtainwall_single,400S162-33,33,24,35,L/600,86.0,e
curtainwall_single,400S162-33,33,24,40,L/240,86.0,e
curtainwall_single,400S162-33,33,24,40,L/360,86.0,e
curtainwall_single,400S162-33,33,24,40,L/600,82.0,e
curtainwall_single,400S162-43,33,12,5,L/120,343.0,
curtainwall_single,400S162-43,33,12,5,L/240,272.0,
curtainwall_single,400S162-43,33,12,5,L/360,238.0,
curtainwall_single,400S162-43,33,12,15,L/240,213.0,
curtainwall_single,400S162-43,33,12,15,L/360,186.0,
curtainwall_single,400S162-43,33,12,15,L/600,157.0,
curtainwall_single,400S162-43,33,12,20,L/240,193.0,
curtainwall_single,400S162-43,33,12,20,L/360,169.0,
curtainwall_single,400S162-43,33,12,20,L/600,142.0,
curtainwall_single,400S162-43,33,12,25,L/240,179.0,
curtainwall_single,400S162-43,33,12,25,L/360,157.0,
curtainwall_single,400S162-43,33,12,25,L/600,132.0,
curtainwall_single,400S162-43,33,12,30,L/240,165.0,
curtainwall_single,400S162-43,33,12,30,L/360,147.0,
curtainwall_single,400S162-43,33,12,30,L/600,124.0,
curtainwall_single,400S162-43,33,12,35,L/240,152.0,
curtainwall_single,400S162-43,33,12,35,L/360,140.0,
curtainwall_single,400S162-43,33,12,35,L/600,118.0,
curtainwall_single,400S162-43,33,12,40,L/240,143.0,
curtainwall_single,400S162-43,33,12,40,L/360,134.0,
curtainwall_single,400S162-43,33,12,40,L/600,113.0,
curtainwall_single,400S162-43,33,16,5,L/120,312.0,
curtainwall_single,400S162-43,33,16,5,L/240,247.0,
curtainwall_single,400S162-43,33,16,5,L/360,216.0,
curtainwall_single,400S162-43,33,16,15,L/240,193.0,
curtainwall_single,400S162-43,33,16,15,L/360,169.0,
curtainwall_single,400S162-43,33,16,15,L/600,142.0,
curtainwall_single,400S162-43,33,16,20,L/240,175.0,
curtainwall_single,400S162-43,33,16,20,L/360,153.0,
curtainwall_single,400S162-43,33,16,20,L/600,129.0,
curtainwall_single,400S162-43,33,16,25,L/240,156.0,
curtainwall_single,400S162-43,33,16,25,L/360,142.0,
curtainwall_single,400S162-43,33,16,25,L/600,120.0,
curtainwall_single,400S162-43,33,16,30,L/240,143.0,
curtainwall_single,400S162-43,33,16,30,L/360,134.0,
curtainwall_single,400S162-43,33,16,30,L/600,113.0,
curtainwall_single,400S162-43,33,16,35,L/240,132.0,e
curtainwall_single,400S162-43,33,16,35,L/360,127.0,
curtainwall_single,400S162-43,33,16,35,L/600,107.0,
curtainwall_single,400S162-43,33,16,40,L/240,123.0,e
curtainwall_single,400S162-43,33,16,40,L/360,122.0,e
curtainwall_single,400S162-43,33,16,40,L/600,103.0,
curtainwall_single,400S162-43,33,24,5,L/120,272.0,
curtainwall_single,400S162-43,33,24,5,L/240,216.0,
curtainwall_single,400S162-43,33,24,5,L/360,189.0,
curtainwall_single,400S162-43,33,24,15,L/240,165.0,
curtainwall_single,400S162-43,33,24,15,L/360,147.0,
curtainwall_single,400S162-43,33,24,15,L/600,124.0,
curtainwall_single,400S162-43,33,24,20,L/240,143.0,
curtainwall_single,400S162-43,33,24,20,L/360,134.0,
curtainwall_single,400S162-43,33,24,20,L/600,113.0,
curtainwall_single,400S162-43,33,24,25,L/240,128.0,e
curtainwall_single,400S162-43,33,24,25,L/360,124.0,e
curtainwall_single,400S162-43,33,24,25,L/600,105.0,
curtainwall_single,400S162-43,33,24,30,L/240,116.0,e
curtainwall_single,400S162-43,33,24,30,L/360,116.0,e
curtainwall_single,400S162-43,33,24,30,L/600,99.0,
curtainwall_single,400S162-43,33,24,35,L/240,108.0,e
curtainwall_single,400S162-43,33,24,35,L/360,108.0,e
curtainwall_single,400S162-43,33,24,35,L/600,94.0,e
curtainwall_single,400S162-43,33,24,40,L/240,101.0,e
curtainwall_single,400S162-43,33,24,40,L/360,101.0,e
curtainwall_single,400S162-43,33,24,40,L/600,90.0,e
curtainwall_single,400S162-54,33,12,5,L/120,368.0,
curtainwall_single,400S162-54,33,12,5,L/240,292.0,
curtainwall_single,400S162-54,33,12,5,L/360,255.0,
curtainwall_single,400S162-54,33,12,15,L/240,228.0,
curtainwall_single,400S162-54,33,12,15,L/360,199.0,
curtainwall_single,400S162-54,33,12,15,L/600,168.0,
curtainwall_single,400S162-54,33,12,20,L/240,207.0,
curtainwall_single,400S162-54,33,12,20,L/360,181.0,
curtainwall_single,400S162-54,33,12,20,L/600,153.0,
curtainwall_single,400S162-54,33,12,25,L/240,192.0,
curtainwall_single,400S162-54,33,12,25,L/360,168.0,
curtainwall_single,400S162-54,33,12,25,L/600,142.0,
curtainwall_single,400S162-54,33,12,30,L/240,181.0,
curtainwall_single,400S162-54,33,12,30,L/360,158.0,
curtainwall_single,400S162-54,33,12,30,L/600,133.0,
curtainwall_single,400S162-54,33,12,35,L/240,171.0,
curtainwall_single,400S162-54,33,12,35,L/360,150.0,
curtainwall_single,400S162-54,33,12,35,L/600,127.0,
curtainwall_single,400S162-54,33,12,40,L/240,160.0,
curtainwall_single,400S162-54,33,12,40,L/360,144.0,
curtainwall_single,400S162-54,33,12,40,L/600,121.0,
curtainwall_single,400S162-54,33,16,5,L/120,334.0,
curtainwall_single,400S162-54,33,16,5,L/240,265.0,
curtainwall_single,400S162-54,33,16,5,L/360,232.0,
curtainwall_single,400S162-54,33,16,15,L/240,207.0,
curtainwall_single,400S162-54,33,16,15,L/360,181.0,
curtainwall_single,400S162-54,33,16,15,L/600,153.0,
curtainwall_single,400S162-54,33,16,20,L/240,188.0,
curtainwall_single,400S162-54,33,16,20,L/360,164.0,
curtainwall_single,400S162-54,33,16,20,L/600,139.0,
curtainwall_single,400S162-54,33,16,25,L/240,175.0,
curtainwall_single,400S162-54,33,16,25,L/360,153.0,
curtainwall_single,400S162-54,33,16,25,L/600,129.0,
curtainwall_single,400S162-54,33,16,30,L/240,160.0,
curtainwall_single,400S162-54,33,16,30,L/360,144.0,
curtainwall_single,400S162-54,33,16,30,L/600,121.0,
curtainwall_single,400S162-54,33,16,35,L/240,148.0,
curtainwall_single,400S162-54,33,16,35,L/360,136.0,
curtainwall_single,400S162-54,33,16,35,L/600,115.0,
curtainwall_single,400S162-54,33,16,40,L/240,138.0,
curtainwall_single,400S162-54,33,16,40,L/360,130.0,
curtainwall_single,400S162-54,33,16,40,L/600,110.0,
curtainwall_single,400S162-54,33,24,5,L/120,292.0,
curtainwall_single,400S162-54,33,24,5,L/240,232.0,
curtainwall_single,400S162-54,33,24,5,L/360,202.0,
curtainwall_single,400S162-54,33,24,15,L/240,181.0,
curtainwall_single,400S162-54,33,24,15,L/360,158.0,
curtainwall_single,400S162-54,33,24,15,L/600,133.0,
curtainwall_single,400S162-54,33,24,20,L/240,160.0,
curtainwall_single,400S162-54,33,24,20,L/360,144.0,
curtainwall_single,400S162-54,33,24,20,L/600,121.0,
curtainwall_single,400S162-54,33,24,25,L/240,143.0,
curtainwall_single,400S162-54,33,24,25,L/360,133.0,
curtainwall_single,400S162-54,33,24,25,L/600,112.0,
curtainwall_single,400S162-54,33,24,30,L/240,130.0,
curtainwall_single,400S162-54,33,24,30,L/360,125.0,
curtainwall_single,400S162-54,33,24,30,L/600,106.0,
curtainwall_single,400S162-54,33,24,35,L/240,121.0,
curtainwall_single,400S162-54,33,24,35,L/360,119.0,
curtainwall_single,400S162-54,33,24,35,L/600,101.0,
curtainwall_single,400S162-54,33,24,40,L/240,113.0,
curtainwall_single,400S162-54,33,24,40,L/360,113.0,
curtainwall_single,400S162-54,33,24,40,L/600,96.0,
curtainwall_single,400S162-54,50,12,5,L/120,368.0,
curtainwall_single,400S162-54,50,12,5,L/240,292.0,
curtainwall_single,400S162-54,50,12,5,L/360,255.0,
curtainwall_single,400S162-54,50,12,15,L/240,228.0,
curtainwall_single,400S162-54,50,12,15,L/360,199.0,
curtainwall_single,400S162-54,50,12,15,L/600,168.0,
curtainwall_single,400S162-54,50,12,20,L/240,207.0,
curtainwall_single,400S162-54,50,12,20,L/360,181.0,
curtainwall_single,400S162-54,50,12,20,L/600,153.0,
curtainwall_single,400S162-54,50,12,25,L/240,192.0,
curtainwall_single,400S162-54,50,12,25,L/360,168.0,
curtainwall_single,400S162-54,50,12,25,L/600,142.0,
curtainwall_single,400S162-54,50,12,30,L/240,181.0,
curtainwall_single,400S162-54,50,12,30,L/360,158.0,
curtainwall_single,400S162-54,50,12,30,L/600,133.0,
curtainwall_single,400S162-54,50,12,35,L/240,172.0,
curtainwall_single,400S162-54,50,12,35,L/360,150.0,
curtainwall_single,400S162-54,50,12,35,L/600,127.0,
curtainwall_single,400S162-54,50,12,40,L/240,164.0,
curtainwall_single,400S162-54,50,12,40,L/360,144.0,
curtainwall_single,400S162-54,50,12,40,L/600,121.0,
curtainwall_single,400S162-54,50,16,5,L/120,334.0,
curtainwall_single,400S162-54,50,16,5,L/240,265.0,
curtainwall_single,400S162-54,50,16,5,L/360,232.0,
curtainwall_single,400S162-54,50,16,15,L/240,207.0,
curtainwall_single,400S162-54,50,16,15,L/360,181.0,
curtainwall_single,400S162-54,50,16,15,L/600,153.0,
curtainwall_single,400S162-54,50,16,20,L/240,188.0,
curtainwall_single,400S162-54,50,16,20,L/360,164.0,
curtainwall_single,400S162-54,50,16,20,L/600,139.0,
curtainwall_single,400S162-54,50,16,25,L/240,175.0,
curtainwall_single,400S162-54,50,16,25,L/360,153.0,
curtainwall_single,400S162-54,50,16,25,L/600,129.0,
curtainwall_single,400S162-54,50,16,30,L/240,164.0,
curtainwall_single,400S162-54,50,16,30,L/360,144.0,
curtainwall_single,400S162-54,50,16,30,L/600,121.0,
curtainwall_single,400S162-54,50,16,35,L/240,156.0,
curtainwall_single,400S162-54,50,16,35,L/360,136.0,
curtainwall_single,400S162-54,50,16,35,L/600,115.0,
curtainwall_single,400S162-54,50,16,40,L/240,149.0,
curtainwall_single,400S162-54,50,16,40,L/360,130.0,
curtainwall_single,400S162-54,50,16,40,L/600,110.0,
curtainwall_single,400S162-54,50,24,5,L/120,292.0,
curtainwall_single,400S162-54,50,24,5,L/240,232.0,
curtainwall_single,400S162-54,50,24,5,L/360,202.0,
curtainwall_single,400S162-54,50,24,15,L/240,181.0,
curtainwall_single,400S162-54,50,24,15,L/360,158.0,
curtainwall_single,400S162-54,50,24,15,L/600,133.0,
curtainwall_single,400S162-54,50,24,20,L/240,164.0,
curtainwall_single,400S162-54,50,24,20,L/360,144.0,
curtainwall_single,400S162-54,50,24,20,L/600,121.0,
curtainwall_single,400S162-54,50,24,25,L/240,153.0,
curtainwall_single,400S162-54,50,24,25,L/360,133.0,
curtainwall_single,400S162-54,50,24,25,L/600,112.0,
curtainwall_single,400S162-54,50,24,30,L/240,144.0,
curtainwall_single,400S162-54,50,24,30,L/360,125.0,
curtainwall_single,400S162-54,50,24,30,L/600,106.0,
curtainwall_single,400S162-54,50,24,35,L/240,136.0,
curtainwall_single,400S162-54,50,24,35,L/360,119.0,
curtainwall_single,400S162-54,50,24,35,L/600,101.0,
curtainwall_single,400S162-54,50,24,40,L/240,130.0,
curtainwall_single,400S162-54,50,24,40,L/360,114.0,
curtainwall_single,400S162-54,50,24,40,L/600,96.0,
curtainwall_single,400S162-68,50,12,5,L/120,394.0,
curtainwall_single,400S162-68,50,12,5,L/240,312.0,
curtainwall_single,400S162-68,50,12,5,L/360,273.0,
curtainwall_single,400S162-68,50,12,15,L/240,244.0,
curtainwall_single,400S162-68,50,12,15,L/360,213.0,
curtainwall_single,400S162-68,50,12,15,L/600,180.0,
curtainwall_single,400S162-68,50,12,20,L/240,222.0,
curtainwall_single,400S162-68,50,12,20,L/360,194.0,
curtainwall_single,400S162-68,50,12,20,L/600,163.0,
curtainwall_single,400S162-68,50,12,25,L/240,206.0,
curtainwall_single,400S162-68,50,12,25,L/360,180.0,
curtainwall_single,400S162-68,50,12,25,L/600,152.0,
curtainwall_single,400S162-68,50,12,30,L/240,194.0,
curtainwall_single,400S162-68,50,12,30,L/360,169.0,
curtainwall_single,400S162-68,50,12,30,L/600,143.0,
curtainwall_single,400S162-68,50,12,35,L/240,184.0,
curtainwall_single,400S162-68,50,12,35,L/360,161.0,
curtainwall_single,400S162-68,50,12,35,L/600,136.0,
curtainwall_single,400S162-68,50,12,40,L/240,176.0,
curtainwall_single,400S162-68,50,12,40,L/360,154.0,
curtainwall_single,400S162-68,50,12,40,L/600,130.0,
curtainwall_single,400S162-68,50,16,5,L/120,358.0,
curtainwall_single,400S162-68,50,16,5,L/240,284.0,
curtainwall_single,400S162-68,50,16,5,L/360,248.0,
curtainwall_single,400S162-68,50,16,15,L/240,222.0,
curtainwall_single,400S162-68,50,16,15,L/360,194.0,
curtainwall_single,400S162-68,50,16,15,L/600,163.0,
curtainwall_single,400S162-68,50,16,20,L/240,201.0,
curtainwall_single,400S162-68,50,16,20,L/360,176.0,
curtainwall_single,400S162-68,50,16,20,L/600,148.0,
curtainwall_single,400S162-68,50,16,25,L/240,187.0,
curtainwall_single,400S162-68,50,16,25,L/360,163.0,
curtainwall_single,400S162-68,50,16,25,L/600,138.0,
curtainwall_single,400S162-68,50,16,30,L/240,176.0,
curtainwall_single,400S162-68,50,16,30,L/360,154.0,
curtainwall_single,400S162-68,50,16,30,L/600,130.0,
curtainwall_single,400S162-68,50,16,35,L/240,167.0,
curtainwall_single,400S162-68,50,16,35,L/360,146.0,
curtainwall_single,400S162-68,50,16,35,L/600,123.0,
curtainwall_single,400S162-68,50,16,40,L/240,160.0,
curtainwall_single,400S162-68,50,16,40,L/360,140.0,
curtainwall_single,400S162-68,50,16,40,L/600,118.0,
curtainwall_single,400S162-68,50,24,5,L/120,312.0,
curtainwall_single,400S162-68,50,24,5,L/240,248.0,
curtainwall_single,400S162-68,50,24,5,L/360,217.0,
curtainwall_single,400S162-68,50,24,15,L/240,194.0,
curtainwall_single,400S162-68,50,24,15,L/360,169.0,
curtainwall_single,400S162-68,50,24,15,L/600,143.0,
curtainwall_single,400S162-68,50,24,20,L/240,176.0,
curtainwall_single,400S162-68,50,24,20,L/360,154.0,
curtainwall_single,400S162-68,50,24,20,L/600,130.0,
curtainwall_single,400S162-68,50,24,25,L/240,163.0,
curtainwall_single,400S162-68,50,24,25,L/360,143.0,
curtainwall_single,400S162-68,50,24,25,L/600,120.0,
curtainwall_single,400S162-68,50,24,30,L/240,154.0,
curtainwall_single,400S162-68,50,24,30,L/360,134.0,
curtainwall_single,400S162-68,50,24,30,L/600,113.0,
curtainwall_single,400S162-68,50,24,35,L/240,146.0,
curtainwall_single,400S162-68,50,24,35,L/360,128.0,
curtainwall_single,400S162-68,50,24,35,L/600,108.0,
curtainwall_single,400S162-68,50,24,40,L/240,140.0,
curtainwall_single,400S162-68,50,24,40,L/360,122.0,
curtainwall_single,400S162-68,50,24,40,L/600,103.0,
curtainwall_single,400S162-97,50,12,5,L/120,435.0,
curtainwall_single,400S162-97,50,12,5,L/240,345.0,
curtainwall_single,400S162-97,50,12,5,L/360,302.0,
curtainwall_single,400S162-97,50,12,15,L/240,270.0,
curtainwall_single,400S162-97,50,12,15,L/360,235.0,
curtainwall_single,400S162-97,50,12,15,L/600,199.0,
curtainwall_single,400S162-97,50,12,20,L/240,245.0,
curtainwall_single,400S162-97,50,12,20,L/360,214.0,
curtainwall_single,400S162-97,50,12,20,L/600,180.0,
curtainwall_single,400S162-97,50,12,25,L/240,227.0,
curtainwall_single,400S162-97,50,12,25,L/360,199.0,
curtainwall_single,400S162-97,50,12,25,L/600,167.0,
curtainwall_single,400S162-97,50,12,30,L/240,214.0,
curtainwall_single,400S162-97,50,12,30,L/360,187.0,
curtainwall_single,400S162-97,50,12,30,L/600,158.0,
curtainwall_single,400S162-97,50,12,35,L/240,203.0,
curtainwall_single,400S162-97,50,12,35,L/360,178.0,
curtainwall_single,400S162-97,50,12,35,L/600,150.0,
curtainwall_single,400S162-97,50,12,40,L/240,194.0,
curtainwall_single,400S162-97,50,12,40,L/360,170.0,
curtainwall_single,400S162-97,50,12,40,L/600,143.0,
curtainwall_single,400S162-97,50,16,5,L/120,395.0,
curtainwall_single,400S162-97,50,16,5,L/240,314.0,
curtainwall_single,400S162-97,50,16,5,L/360,274.0,
curtainwall_single,400S162-97,50,16,15,L/240,245.0,
curtainwall_single,400S162-97,50,16,15,L/360,214.0,
curtainwall_single,400S162-97,50,16,15,L/600,180.0,
curtainwall_single,400S162-97,50,16,20,L/240,222.0,
curtainwall_single,400S162-97,50,16,20,L/360,194.0,
curtainwall_single,400S162-97,50,16,20,L/600,164.0,
curtainwall_single,400S162-97,50,16,25,L/240,207.0,
curtainwall_single,400S162-97,50,16,25,L/360,180.0,
curtainwall_single,400S162-97,50,16,25,L/600,152.0,
curtainwall_single,400S162-97,50,16,30,L/240,194.0,
curtainwall_single,400S162-97,50,16,30,L/360,170.0,
curtainwall_single,400S162-97,50,16,30,L/600,143.0,
curtainwall_single,400S162-97,50,16,35,L/240,185.0,
curtainwall_single,400S162-97,50,16,35,L/360,161.0,
curtainwall_single,400S162-97,50,16,35,L/600,136.0,
curtainwall_single,400S162-97,50,16,40,L/240,177.0,
curtainwall_single,400S162-97,50,16,40,L/360,154.0,
curtainwall_single,400S162-97,50,16,40,L/600,130.0,
curtainwall_single,400S162-97,50,24,5,L/120,345.0,
curtainwall_single,400S162-97,50,24,5,L/240,274.0,
curtainwall_single,400S162-97,50,24,5,L/360,239.0,
curtainwall_single,400S162-97,50,24,15,L/240,214.0,
curtainwall_single,400S162-97,50,24,15,L/360,187.0,
curtainwall_single,400S162-97,50,24,15,L/600,158.0,
curtainwall_single,400S162-97,50,24,20,L/240,194.0,
curtainwall_single,400S162-97,50,24,20,L/360,170.0,
curtainwall_single,400S162-97,50,24,20,L/600,143.0,
curtainwall_single,400S162-97,50,24,25,L/240,180.0,
curtainwall_single,400S162-97,50,24,25,L/360,158.0,
curtainwall_single,400S162-97,50,24,25,L/600,133.0,
curtainwall_single,400S162-97,50,24,30,L/240,170.0,
curtainwall_single,400S162-97,50,24,30,L/360,148.0,
curtainwall_single,400S162-97,50,24,30,L/600,125.0,
curtainwall_single,400S162-97,50,24,35,L/240,161.0,
curtainwall_single,400S162-97,50,24,35,L/360,141.0,
curtainwall_single,400S162-97,50,24,35,L/600,119.0,
curtainwall_single,400S162-97,50,24,40,L/240,154.0,
curtainwall_single,400S162-97,50,24,40,L/360,135.0,
curtainwall_single,400S162-97,50,24,40,L/600,114.0,
curtainwall_single,400S200-33,33,12,5,L/120,332.0,
curtainwall_single,400S200-33,33,12,5,L/240,264.0,
curtainwall_single,400S200-33,33,12,5,L/360,230.0,
curtainwall_single,400S200-33,33,12,15,L/240,206.0,e
curtainwall_single,400S200-33,33,12,15,L/360,180.0,
curtainwall_single,400S200-33,33,12,15,L/600,152.0,
curtainwall_single,400S200-33,33,12,20,L/240,179.0,e
curtainwall_single,400S200-33,33,12,20,L/360,164.0,e
curtainwall_single,400S200-33,33,12,20,L/600,138.0,
curtainwall_single,400S200-33,33,12,25,L/240,160.0,e
curtainwall_single,400S200-33,33,12,25,L/360,152.0,e
curtainwall_single,400S200-33,33,12,25,L/600,128.0,e
curtainwall_single,400S200-33,33,12,30,L/240,146.0,e
curtainwall_single,400S200-33,33,12,30,L/360,143.0,e
curtainwall_single,400S200-33,33,12,30,L/600,120.0,e
curtainwall_single,400S200-33,33,12,35,L/240,135.0,e
curtainwall_single,400S200-33,33,12,35,L/360,135.0,e
curtainwall_single,400S200-33,33,12,35,L/600,114.0,e
curtainwall_single,400S200-33,33,12,40,L/240,127.0,e
curtainwall_single,400S200-33,33,12,40,L/360,127.0,e
curtainwall_single,400S200-33,33,12,40,L/600,109.0,e
curtainwall_single,400S200-33,33,16,5,L/120,302.0,
curtainwall_single,400S200-33,33,16,5,L/240,240.0,
curtainwall_single,400S200-33,33,16,5,L/360,209.0,
curtainwall_single,400S200-33,33,16,15,L/240,179.0,e
curtainwall_single,400S200-33,33,16,15,L/360,164.0,e
curtainwall_single,400S200-33,33,16,15,L/600,138.0,
curtainwall_single,400S200-33,33,16,20,L/240,155.0,e
curtainwall_single,400S200-33,33,16,20,L/360,149.0,e
curtainwall_single,400S200-33,33,16,20,L/600,125.0,e
curtainwall_single,400S200-33,33,16,25,L/240,139.0,e
curtainwall_single,400S200-33,33,16,25,L/360,138.0,e
curtainwall_single,400S200-33,33,16,25,L/600,116.0,e
curtainwall_single,400S200-33,33,16,30,L/240,127.0,e
curtainwall_single,400S200-33,33,16,30,L/360,127.0,e
curtainwall_single,400S200-33,33,16,30,L/600,109.0,e
curtainwall_single,400S200-33,33,16,35,L/240,117.0,e
curtainwall_single,400S200-33,33,16,35,L/360,117.0,e
curtainwall_single,400S200-33,33,16,35,L/600,104.0,e
curtainwall_single,400S200-33,33,16,40,L/240,110.0,e
curtainwall_single,400S200-33,33,16,40,L/360,110.0,e
curtainwall_single,400S200-33,33,16,40,L/600,99.0,e
curtainwall_single,400S200-33,33,24,5,L/120,253.0,
curtainwall_single,400S200-33,33,24,5,L/240,209.0,
curtainwall_single,400S200-33,33,24,5,L/360,183.0,
curtainwall_single,400S200-33,33,24,15,L/240,146.0,e
curtainwall_single,400S200-33,33,24,15,L/360,143.0,e
curtainwall_single,400S200-33,33,24,15,L/600,120.0,e
curtainwall_single,400S200-33,33,24,20,L/240,127.0,e
curtainwall_single,400S200-33,33,24,20,L/360,127.0,e
curtainwall_single,400S200-33,33,24,20,L/600,109.0,e
curtainwall_single,400S200-33,33,24,25,L/240,113.0,e
curtainwall_single,400S200-33,33,24,25,L/360,113.0,e
curtainwall_single,400S200-33,33,24,25,L/600,102.0,e
curtainwall_single,400S200-33,33,24,30,L/240,103.0,e
curtainwall_single,400S200-33,33,24,30,L/360,103.0,e
curtainwall_single,400S200-33,33,24,30,L/600,96.0,e
curtainwall_single,400S200-33,33,24,35,L/240,96.0,e
curtainwall_single,400S200-33,33,24,35,L/360,96.0,e
curtainwall_single,400S200-33,33,24,35,L/600,91.0,e
curtainwall_single,400S200-33,33,24,40,L/240,90.0,e
curtainwall_single,400S200-33,33,24,40,L/360,90.0,e
curtainwall_single,400S200-33,33,24,40,L/600,87.0,e
curtainwall_single,400S200-43,33,12,5,L/120,362.0,
curtainwall_single,400S200-43,33,12,5,L/240,287.0,
curtainwall_single,400S200-43,33,12,5,L/360,251.0,
curtainwall_single,400S200-43,33,12,15,L/240,224.0,
curtainwall_single,400S200-43,33,12,15,L/360,196.0,
curtainwall_single,400S200-43,33,12,15,L/600,165.0,
curtainwall_single,400S200-43,33,12,20,L/240,204.0,
curtainwall_single,400S200-43,33,12,20,L/360,178.0,
curtainwall_single,400S200-43,33,12,20,L/600,150.0,
curtainwall_single,400S200-43,33,12,25,L/240,189.0,
curtainwall_single,400S200-43,33,12,25,L/360,165.0,
curtainwall_single,400S200-43,33,12,25,L/600,139.0,
curtainwall_single,400S200-43,33,12,30,L/240,176.0,
curtainwall_single,400S200-43,33,12,30,L/360,156.0,
curtainwall_single,400S200-43,33,12,30,L/600,131.0,
curtainwall_single,400S200-43,33,12,35,L/240,163.0,
curtainwall_single,400S200-43,33,12,35,L/360,148.0,
curtainwall_single,400S200-43,33,12,35,L/600,125.0,
curtainwall_single,400S200-43,33,12,40,L/240,153.0,e
curtainwall_single,400S200-43,33,12,40,L/360,141.0,
curtainwall_single,400S200-43,33,12,40,L/600,119.0,
curtainwall_single,400S200-43,33,16,5,L/120,329.0,
curtainwall_single,400S200-43,33,16,5,L/240,261.0,
curtainwall_single,400S200-43,33,16,5,L/360,228.0,
curtainwall_single,400S200-43,33,16,15,L/240,204.0,
curtainwall_single,400S200-43,33,16,15,L/360,178.0,
curtainwall_single,400S200-43,33,16,15,L/600,150.0,
curtainwall_single,400S200-43,33,16,20,L/240,185.0,
curtainwall_single,400S200-43,33,16,20,L/360,162.0,
curtainwall_single,400S200-43,33,16,20,L/600,136.0,
curtainwall_single,400S200-43,33,16,25,L/240,167.0,
curtainwall_single,400S200-43,33,16,25,L/360,150.0,
curtainwall_single,400S200-43,33,16,25,L/600,127.0,
curtainwall_single,400S200-43,33,16,30,L/240,153.0,e
curtainwall_single,400S200-43,33,16,30,L/360,141.0,
curtainwall_single,400S200-43,33,16,30,L/600,119.0,
curtainwall_single,400S200-43,33,16,35,L/240,141.0,e
curtainwall_single,400S200-43,33,16,35,L/360,134.0,e
curtainwall_single,400S200-43,33,16,35,L/600,113.0,
curtainwall_single,400S200-43,33,16,40,L/240,132.0,e
curtainwall_single,400S200-43,33,16,40,L/360,128.0,e
curtainwall_single,400S200-43,33,16,40,L/600,108.0,
curtainwall_single,400S200-43,33,24,5,L/120,287.0,
curtainwall_single,400S200-43,33,24,5,L/240,228.0,
curtainwall_single,400S200-43,33,24,5,L/360,199.0,
curtainwall_single,400S200-43,33,24,15,L/240,176.0,
curtainwall_single,400S200-43,33,24,15,L/360,156.0,
curtainwall_single,400S200-43,33,24,15,L/600,131.0,
curtainwall_single,400S200-43,33,24,20,L/240,153.0,e
curtainwall_single,400S200-43,33,24,20,L/360,141.0,
curtainwall_single,400S200-43,33,24,20,L/600,119.0,
curtainwall_single,400S200-43,33,24,25,L/240,137.0,e
curtainwall_single,400S200-43,33,24,25,L/360,131.0,e
curtainwall_single,400S200-43,33,24,25,L/600,111.0,
curtainwall_single,400S200-43,33,24,30,L/240,125.0,e
curtainwall_single,400S200-43,33,24,30,L/360,124.0,e
curtainwall_single,400S200-43,33,24,30,L/600,104.0,e
curtainwall_single,400S200-43,33,24,35,L/240,115.0,e
curtainwall_single,400S200-43,33,24,35,L/360,115.0,e
curtainwall_single,400S200-43,33,24,35,L/600,99.0,e
curtainwall_single,400S200-43,33,24,40,L/240,108.0,e
curtainwall_single,400S200-43,33,24,40,L/360,108.0,e
curtainwall_single,400S200-43,33,24,40,L/600,95.0,e
curtainwall_single,400S200-54,33,12,5,L/120,388.0,
curtainwall_single,400S200-54,33,12,5,L/240,308.0,
curtainwall_single,400S200-54,33,12,5,L/360,269.0,
curtainwall_single,400S200-54,33,12,15,L/240,241.0,
curtainwall_single,400S200-54,33,12,15,L/360,210.0,
curtainwall_single,400S200-54,33,12,15,L/600,177.0,
curtainwall_single,400S200-54,33,12,20,L/240,219.0,
curtainwall_single,400S200-54,33,12,20,L/360,191.0,
curtainwall_single,400S200-54,33,12,20,L/600,161.0,
curtainwall_single,400S200-54,33,12,25,L/240,203.0,
curtainwall_single,400S200-54,33,12,25,L/360,177.0,
curtainwall_single,400S200-54,33,12,25,L/600,150.0,
curtainwall_single,400S200-54,33,12,30,L/240,191.0,
curtainwall_single,400S200-54,33,12,30,L/360,167.0,
curtainwall_single,400S200-54,33,12,30,L/600,141.0,
curtainwall_single,400S200-54,33,12,35,L/240,181.0,
curtainwall_single,400S200-54,33,12,35,L/360,159.0,
curtainwall_single,400S200-54,33,12,35,L/600,134.0,
curtainwall_single,400S200-54,33,12,40,L/240,173.0,
curtainwall_single,400S200-54,33,12,40,L/360,152.0,
curtainwall_single,400S200-54,33,12,40,L/600,128.0,
curtainwall_single,400S200-54,33,16,5,L/120,353.0,
curtainwall_single,400S200-54,33,16,5,L/240,280.0,
curtainwall_single,400S200-54,33,16,5,L/360,245.0,
curtainwall_single,400S200-54,33,16,15,L/240,219.0,
curtainwall_single,400S200-54,33,16,15,L/360,191.0,
curtainwall_single,400S200-54,33,16,15,L/600,161.0,
curtainwall_single,400S200-54,33,16,20,L/240,199.0,
curtainwall_single,400S200-54,33,16,20,L/360,174.0,
curtainwall_single,400S200-54,33,16,20,L/600,146.0,
curtainwall_single,400S200-54,33,16,25,L/240,184.0,
curtainwall_single,400S200-54,33,16,25,L/360,161.0,
curtainwall_single,400S200-54,33,16,25,L/600,136.0,
curtainwall_single,400S200-54,33,16,30,L/240,173.0,
curtainwall_single,400S200-54,33,16,30,L/360,152.0,
curtainwall_single,400S200-54,33,16,30,L/600,128.0,
curtainwall_single,400S200-54,33,16,35,L/240,161.0,
curtainwall_single,400S200-54,33,16,35,L/360,144.0,
curtainwall_single,400S200-54,33,16,35,L/600,121.0,
curtainwall_single,400S200-54,33,16,40,L/240,150.0,
curtainwall_single,400S200-54,33,16,40,L/360,138.0,
curtainwall_single,400S200-54,33,16,40,L/600,116.0,
curtainwall_single,400S200-54,33,24,5,L/120,308.0,
curtainwall_single,400S200-54,33,24,5,L/240,245.0,
curtainwall_single,400S200-54,33,24,5,L/360,214.0,
curtainwall_single,400S200-54,33,24,15,L/240,191.0,
curtainwall_single,400S200-54,33,24,15,L/360,167.0,
curtainwall_single,400S200-54,33,24,15,L/600,141.0,
curtainwall_single,400S200-54,33,24,20,L/240,173.0,
curtainwall_single,400S200-54,33,24,20,L/360,152.0,
curtainwall_single,400S200-54,33,24,20,L/600,128.0,
curtainwall_single,400S200-54,33,24,25,L/240,155.0,
curtainwall_single,400S200-54,33,24,25,L/360,141.0,
curtainwall_single,400S200-54,33,24,25,L/600,119.0,
curtainwall_single,400S200-54,33,24,30,L/240,142.0,
curtainwall_single,400S200-54,33,24,30,L/360,132.0,
curtainwall_single,400S200-54,33,24,30,L/600,112.0,
curtainwall_single,400S200-54,33,24,35,L/240,131.0,
curtainwall_single,400S200-54,33,24,35,L/360,126.0,
curtainwall_single,400S200-54,33,24,35,L/600,106.0,
curtainwall_single,400S200-54,33,24,40,L/240,123.0,
curtainwall_single,400S200-54,33,24,40,L/360,120.0,
curtainwall_single,400S200-54,33,24,40,L/600,101.0,
curtainwall_single,400S200-54,50,12,5,L/120,388.0,
curtainwall_single,400S200-54,50,12,5,L/240,308.0,
curtainwall_single,400S200-54,50,12,5,L/360,269.0,
curtainwall_single,400S200-54,50,12,15,L/240,241.0,
curtainwall_single,400S200-54,50,12,15,L/360,210.0,
curtainwall_single,400S200-54,50,12,15,L/600,177.0,
curtainwall_single,400S200-54,50,12,20,L/240,219.0,
curtainwall_single,400S200-54,50,12,20,L/360,191.0,
curtainwall_single,400S200-54,50,12,20,L/600,161.0,
curtainwall_single,400S200-54,50,12,25,L/240,203.0,
curtainwall_single,400S200-54,50,12,25,L/360,177.0,
curtainwall_single,400S200-54,50,12,25,L/600,150.0,
curtainwall_single,400S200-54,50,12,30,L/240,191.0,
curtainwall_single,400S200-54,50,12,30,L/360,167.0,
curtainwall_single,400S200-54,50,12,30,L/600,141.0,
curtainwall_single,400S200-54,50,12,35,L/240,181.0,
curtainwall_single,400S200-54,50,12,35,L/360,159.0,
curtainwall_single,400S200-54,50,12,35,L/600,134.0,
curtainwall_single,400S200-54,50,12,40,L/240,174.0,
curtainwall_single,400S200-54,50,12,40,L/360,152.0,
curtainwall_single,400S200-54,50,12,40,L/600,128.0,
curtainwall_single,400S200-54,50,16,5,L/120,353.0,
curtainwall_single,400S200-54,50,16,5,L/240,280.0,
curtainwall_single,400S200-54,50,16,5,L/360,245.0,
curtainwall_single,400S200-54,50,16,15,L/240,219.0,
curtainwall_single,400S200-54,50,16,15,L/360,191.0,
curtainwall_single,400S200-54,50,16,15,L/600,161.0,
curtainwall_single,400S200-54,50,16,20,L/240,199.0,
curtainwall_single,400S200-54,50,16,20,L/360,174.0,
curtainwall_single,400S200-54,50,16,20,L/600,146.0,
curtainwall_single,400S200-54,50,16,25,L/240,184.0,
curtainwall_single,400S200-54,50,16,25,L/360,161.0,
curtainwall_single,400S200-54,50,16,25,L/600,136.0,
curtainwall_single,400S200-54,50,16,30,L/240,174.0,
curtainwall_single,400S200-54,50,16,30,L/360,152.0,
curtainwall_single,400S200-54,50,16,30,L/600,128.0,
curtainwall_single,400S200-54,50,16,35,L/240,165.0,
curtainwall_single,400S200-54,50,16,35,L/360,144.0,
curtainwall_single,400S200-54,50,16,35,L/600,121.0,
curtainwall_single,400S200-54,50,16,40,L/240,158.0,
curtainwall_single,400S200-54,50,16,40,L/360,138.0,
curtainwall_single,400S200-54,50,16,40,L/600,116.0,
curtainwall_single,400S200-54,50,24,5,L/120,308.0,
curtainwall_single,400S200-54,50,24,5,L/240,245.0,
curtainwall_single,400S200-54,50,24,5,L/360,214.0,
curtainwall_single,400S200-54,50,24,15,L/240,191.0,
curtainwall_single,400S200-54,50,24,15,L/360,167.0,
curtainwall_single,400S200-54,50,24,15,L/600,141.0,
curtainwall_single,400S200-54,50,24,20,L/240,174.0,
curtainwall_single,400S200-54,50,24,20,L/360,152.0,
curtainwall_single,400S200-54,50,24,20,L/600,128.0,
curtainwall_single,400S200-54,50,24,25,L/240,161.0,
curtainwall_single,400S200-54,50,24,25,L/360,141.0,
curtainwall_single,400S200-54,50,24,25,L/600,119.0,
curtainwall_single,400S200-54,50,24,30,L/240,152.0,
curtainwall_single,400S200-54,50,24,30,L/360,132.0,
curtainwall_single,400S200-54,50,24,30,L/600,112.0,
curtainwall_single,400S200-54,50,24,35,L/240,144.0,
curtainwall_single,400S200-54,50,24,35,L/360,126.0,
curtainwall_single,400S200-54,50,24,35,L/600,106.0,
curtainwall_single,400S200-54,50,24,40,L/240,138.0,
curtainwall_single,400S200-54,50,24,40,L/360,120.0,
curtainwall_single,400S200-54,50,24,40,L/600,101.0,
curtainwall_single,400S200-68,50,12,5,L/120,416.0,
curtainwall_single,400S200-68,50,12,5,L/240,330.0,
curtainwall_single,400S200-68,50,12,5,L/360,289.0,
curtainwall_single,400S200-68,50,12,15,L/240,258.0,
curtainwall_single,400S200-68,50,12,15,L/360,225.0,
curtainwall_single,400S200-68,50,12,15,L/600,190.0,
curtainwall_single,400S200-68,50,12,20,L/240,234.0,
curtainwall_single,400S200-68,50,12,20,L/360,205.0,
curtainwall_single,400S200-68,50,12,20,L/600,173.0,
curtainwall_single,400S200-68,50,12,25,L/240,218.0,
curtainwall_single,400S200-68,50,12,25,L/360,190.0,
curtainwall_single,400S200-68,50,12,25,L/600,160.0,
curtainwall_single,400S200-68,50,12,30,L/240,205.0,
curtainwall_single,400S200-68,50,12,30,L/360,179.0,
curtainwall_single,400S200-68,50,12,30,L/600,151.0,
curtainwall_single,400S200-68,50,12,35,L/240,194.0,
curtainwall_single,400S200-68,50,12,35,L/360,170.0,
curtainwall_single,400S200-68,50,12,35,L/600,143.0,
curtainwall_single,400S200-68,50,12,40,L/240,186.0,
curtainwall_single,400S200-68,50,12,40,L/360,162.0,
curtainwall_single,400S200-68,50,12,40,L/600,137.0,
curtainwall_single,400S200-68,50,16,5,L/120,378.0,
curtainwall_single,400S200-68,50,16,5,L/240,300.0,
curtainwall_single,400S200-68,50,16,5,L/360,262.0,
curtainwall_single,400S200-68,50,16,15,L/240,234.0,
curtainwall_single,400S200-68,50,16,15,L/360,205.0,
curtainwall_single,400S200-68,50,16,15,L/600,173.0,
curtainwall_single,400S200-68,50,16,20,L/240,213.0,
curtainwall_single,400S200-68,50,16,20,L/360,186.0,
curtainwall_single,400S200-68,50,16,20,L/600,157.0,
curtainwall_single,400S200-68,50,16,25,L/240,198.0,
curtainwall_single,400S200-68,50,16,25,L/360,173.0,
curtainwall_single,400S200-68,50,16,25,L/600,146.0,
curtainwall_single,400S200-68,50,16,30,L/240,186.0,
curtainwall_single,400S200-68,50,16,30,L/360,162.0,
curtainwall_single,400S200-68,50,16,30,L/600,137.0,
curtainwall_single,400S200-68,50,16,35,L/240,177.0,
curtainwall_single,400S200-68,50,16,35,L/360,154.0,
curtainwall_single,400S200-68,50,16,35,L/600,130.0,
curtainwall_single,400S200-68,50,16,40,L/240,169.0,
curtainwall_single,400S200-68,50,16,40,L/360,148.0,
curtainwall_single,400S200-68,50,16,40,L/600,124.0,
curtainwall_single,400S200-68,50,24,5,L/120,330.0,
curtainwall_single,400S200-68,50,24,5,L/240,262.0,
curtainwall_single,400S200-68,50,24,5,L/360,229.0,
curtainwall_single,400S200-68,50,24,15,L/240,205.0,
curtainwall_single,400S200-68,50,24,15,L/360,179.0,
curtainwall_single,400S200-68,50,24,15,L/600,151.0,
curtainwall_single,400S200-68,50,24,20,L/240,186.0,
curtainwall_single,400S200-68,50,24,20,L/360,162.0,
curtainwall_single,400S200-68,50,24,20,L/600,137.0,
curtainwall_single,400S200-68,50,24,25,L/240,173.0,
curtainwall_single,400S200-68,50,24,25,L/360,151.0,
curtainwall_single,400S200-68,50,24,25,L/600,127.0,
curtainwall_single,400S200-68,50,24,30,L/240,162.0,
curtainwall_single,400S200-68,50,24,30,L/360,142.0,
curtainwall_single,400S200-68,50,24,30,L/600,120.0,
curtainwall_single,400S200-68,50,24,35,L/240,154.0,
curtainwall_single,400S200-68,50,24,35,L/360,135.0,
curtainwall_single,400S200-68,50,24,35,L/600,114.0,
curtainwall_single,400S200-68,50,24,40,L/240,148.0,
curtainwall_single,400S200-68,50,24,40,L/360,129.0,
curtainwall_single,400S200-68,50,24,40,L/600,109.0,
curtainwall_single,400S200-97,50,12,5,L/120,461.0,
curtainwall_single,400S200-97,50,12,5,L/240,366.0,
curtainwall_single,400S200-97,50,12,5,L/360,319.0,
curtainwall_single,400S200-97,50,12,15,L/240,285.0,
curtainwall_single,400S200-97,50,12,15,L/360,249.0,
curtainwall_single,400S200-97,50,12,15,L/600,210.0,
curtainwall_single,400S200-97,50,12,20,L/240,259.0,
curtainwall_single,400S200-97,50,12,20,L/360,227.0,
curtainwall_single,400S200-97,50,12,20,L/600,191.0,
curtainwall_single,400S200-97,50,12,25,L/240,241.0,
curtainwall_single,400S200-97,50,12,25,L/360,210.0,
curtainwall_single,400S200-97,50,12,25,L/600,177.0,
curtainwall_single,400S200-97,50,12,30,L/240,227.0,
curtainwall_single,400S200-97,50,12,30,L/360,198.0,
curtainwall_single,400S200-97,50,12,30,L/600,167.0,
curtainwall_single,400S200-97,50,12,35,L/240,215.0,
curtainwall_single,400S200-97,50,12,35,L/360,188.0,
curtainwall_single,400S200-97,50,12,35,L/600,159.0,
curtainwall_single,400S200-97,50,12,40,L/240,206.0,
curtainwall_single,400S200-97,50,12,40,L/360,180.0,
curtainwall_single,400S200-97,50,12,40,L/600,152.0,
curtainwall_single,400S200-97,50,16,5,L/120,419.0,
curtainwall_single,400S200-97,50,16,5,L/240,332.0,
curtainwall_single,400S200-97,50,16,5,L/360,290.0,
curtainwall_single,400S200-97,50,16,15,L/240,259.0,
curtainwall_single,400S200-97,50,16,15,L/360,227.0,
curtainwall_single,400S200-97,50,16,15,L/600,191.0,
curtainwall_single,400S200-97,50,16,20,L/240,236.0,
curtainwall_single,400S200-97,50,16,20,L/360,206.0,
curtainwall_single,400S200-97,50,16,20,L/600,174.0,
curtainwall_single,400S200-97,50,16,25,L/240,219.0,
curtainwall_single,400S200-97,50,16,25,L/360,191.0,
curtainwall_single,400S200-97,50,16,25,L/600,161.0,
curtainwall_single,400S200-97,50,16,30,L/240,206.0,
curtainwall_single,400S200-97,50,16,30,L/360,180.0,
curtainwall_single,400S200-97,50,16,30,L/600,152.0,
curtainwall_single,400S200-97,50,16,35,L/240,196.0,
curtainwall_single,400S200-97,50,16,35,L/360,171.0,
curtainwall_single,400S200-97,50,16,35,L/600,144.0,
curtainwall_single,400S200-97,50,16,40,L/240,187.0,
curtainwall_single,400S200-97,50,16,40,L/360,163.0,
curtainwall_single,400S200-97,50,16,40,L/600,138.0,
curtainwall_single,400S200-97,50,24,5,L/120,366.0,
curtainwall_single,400S200-97,50,24,5,L/240,290.0,
curtainwall_single,400S200-97,50,24,5,L/360,253.0,
curtainwall_single,400S200-97,50,24,15,L/240,227.0,
curtainwall_single,400S200-97,50,24,15,L/360,198.0,
curtainwall_single,400S200-97,50,24,15,L/600,167.0,
curtainwall_single,400S200-97,50,24,20,L/240,206.0,
curtainwall_single,400S200-97,50,24,20,L/360,180.0,
curtainwall_single,400S200-97,50,24,20,L/600,152.0,
curtainwall_single,400S200-97,50,24,25,L/240,191.0,
curtainwall_single,400S200-97,50,24,25,L/360,167.0,
curtainwall_single,400S200-97,50,24,25,L/600,141.0,
curtainwall_single,400S200-97,50,24,30,L/240,180.0,
curtainwall_single,400S200-97,50,24,30,L/360,157.0,
curtainwall_single,400S200-97,50,24,30,L/600,133.0,
curtainwall_single,400S200-97,50,24,35,L/240,171.0,
curtainwall_single,400S200-97,50,24,35,L/360,149.0,
curtainwall_single,400S200-97,50,24,35,L/600,126.0,
curtainwall_single,400S200-97,50,24,40,L/240,163.0,
curtainwall_single,400S200-97,50,24,40,L/360,143.0,
curtainwall_single,400S200-97,50,24,40,L/600,120.0,
curtainwall_single,400S250-43,33,12,5,L/120,381.0,
curtainwall_single,400S250-43,33,12,5,L/240,303.0,
curtainwall_single,400S250-43,33,12,5,L/360,264.0,
curtainwall_single,400S250-43,33,12,15,L/240,236.0,
curtainwall_single,400S250-43,33,12,15,L/360,206.0,
curtainwall_single,400S250-43,33,12,15,L/600,174.0,
curtainwall_single,400S250-43,33,12,20,L/240,215.0,
curtainwall_single,400S250-43,33,12,20,L/360,188.0,
curtainwall_single,400S250-43,33,12,20,L/600,158.0,
curtainwall_single,400S250-43,33,12,25,L/240,198.0,
curtainwall_single,400S250-43,33,12,25,L/360,174.0,
curtainwall_single,400S250-43,33,12,25,L/600,147.0,
curtainwall_single,400S250-43,33,12,30,L/240,181.0,
curtainwall_single,400S250-43,33,12,30,L/360,164.0,
curtainwall_single,400S250-43,33,12,30,L/600,138.0,
curtainwall_single,400S250-43,33,12,35,L/240,167.0,
curtainwall_single,400S250-43,33,12,35,L/360,156.0,
curtainwall_single,400S250-43,33,12,35,L/600,131.0,
curtainwall_single,400S250-43,33,12,40,L/240,156.0,e
curtainwall_single,400S250-43,33,12,40,L/360,149.0,e
curtainwall_single,400S250-43,33,12,40,L/600,126.0,
curtainwall_single,400S250-43,33,16,5,L/120,346.0,
curtainwall_single,400S250-43,33,16,5,L/240,275.0,
curtainwall_single,400S250-43,33,16,5,L/360,240.0,
curtainwall_single,400S250-43,33,16,15,L/240,215.0,
curtainwall_single,400S250-43,33,16,15,L/360,188.0,
curtainwall_single,400S250-43,33,16,15,L/600,158.0,
curtainwall_single,400S250-43,33,16,20,L/240,192.0,
curtainwall_single,400S250-43,33,16,20,L/360,170.0,
curtainwall_single,400S250-43,33,16,20,L/600,144.0,
curtainwall_single,400S250-43,33,16,25,L/240,171.0,
curtainwall_single,400S250-43,33,16,25,L/360,158.0,
curtainwall_single,400S250-43,33,16,25,L/600,133.0,
curtainwall_single,400S250-43,33,16,30,L/240,156.0,e
curtainwall_single,400S250-43,33,16,30,L/360,149.0,e
curtainwall_single,400S250-43,33,16,30,L/600,126.0,
curtainwall_single,400S250-43,33,16,35,L/240,145.0,e
curtainwall_single,400S250-43,33,16,35,L/360,141.0,e
curtainwall_single,400S250-43,33,16,35,L/600,119.0,
curtainwall_single,400S250-43,33,16,40,L/240,135.0,e
curtainwall_single,400S250-43,33,16,40,L/360,135.0,e
curtainwall_single,400S250-43,33,16,40,L/600,114.0,e
curtainwall_single,400S250-43,33,24,5,L/120,303.0,
curtainwall_single,400S250-43,33,24,5,L/240,240.0,
curtainwall_single,400S250-43,33,24,5,L/360,210.0,
curtainwall_single,400S250-43,33,24,15,L/240,181.0,
curtainwall_single,400S250-43,33,24,15,L/360,164.0,
curtainwall_single,400S250-43,33,24,15,L/600,138.0,
curtainwall_single,400S250-43,33,24,20,L/240,156.0,e
curtainwall_single,400S250-43,33,24,20,L/360,149.0,e
curtainwall_single,400S250-43,33,24,20,L/600,126.0,
curtainwall_single,400S250-43,33,24,25,L/240,140.0,e
curtainwall_single,400S250-43,33,24,25,L/360,138.0,e
curtainwall_single,400S250-43,33,24,25,L/600,117.0,
curtainwall_single,400S250-43,33,24,30,L/240,128.0,e
curtainwall_single,400S250-43,33,24,30,L/360,128.0,e
curtainwall_single,400S250-43,33,24,30,L/600,110.0,e
curtainwall_single,400S250-43,33,24,35,L/240,118.0,e
curtainwall_single,400S250-43,33,24,35,L/360,118.0,e
curtainwall_single,400S250-43,33,24,35,L/600,104.0,e
curtainwall_single,400S250-43,33,24,40,L/240,111.0,e
curtainwall_single,400S250-43,33,24,40,L/360,111.0,e
curtainwall_single,400S250-43,33,24,40,L/600,100.0,e
curtainwall_single,400S250-54,33,12,5,L/120,409.0,
curtainwall_single,400S250-54,33,12,5,L/240,325.0,
curtainwall_single,400S250-54,33,12,5,L/360,284.0,
curtainwall_single,400S250-54,33,12,15,L/240,254.0,
curtainwall_single,400S250-54,33,12,15,L/360,222.0,
curtainwall_single,400S250-54,33,12,15,L/600,187.0,
curtainwall_single,400S250-54,33,12,20,L/240,230.0,
curtainwall_single,400S250-54,33,12,20,L/360,201.0,
curtainwall_single,400S250-54,33,12,20,L/600,170.0,
curtainwall_single,400S250-54,33,12,25,L/240,214.0,
curtainwall_single,400S250-54,33,12,25,L/360,187.0,
curtainwall_single,400S250-54,33,12,25,L/600,158.0,
curtainwall_single,400S250-54,33,12,30,L/240,201.0,
curtainwall_single,400S250-54,33,12,30,L/360,176.0,
curtainwall_single,400S250-54,33,12,30,L/600,148.0,
curtainwall_single,400S250-54,33,12,35,L/240,190.0,
curtainwall_single,400S250-54,33,12,35,L/360,167.0,
curtainwall_single,400S250-54,33,12,35,L/600,141.0,
curtainwall_single,400S250-54,33,12,40,L/240,178.0,
curtainwall_single,400S250-54,33,12,40,L/360,160.0,
curtainwall_single,400S250-54,33,12,40,L/600,135.0,
curtainwall_single,400S250-54,33,16,5,L/120,372.0,
curtainwall_single,400S250-54,33,16,5,L/240,295.0,
curtainwall_single,400S250-54,33,16,5,L/360,258.0,
curtainwall_single,400S250-54,33,16,15,L/240,230.0,
curtainwall_single,400S250-54,33,16,15,L/360,201.0,
curtainwall_single,400S250-54,33,16,15,L/600,170.0,
curtainwall_single,400S250-54,33,16,20,L/240,209.0,
curtainwall_single,400S250-54,33,16,20,L/360,183.0,
curtainwall_single,400S250-54,33,16,20,L/600,154.0,
curtainwall_single,400S250-54,33,16,25,L/240,194.0,
curtainwall_single,400S250-54,33,16,25,L/360,170.0,
curtainwall_single,400S250-54,33,16,25,L/600,143.0,
curtainwall_single,400S250-54,33,16,30,L/240,178.0,
curtainwall_single,400S250-54,33,16,30,L/360,160.0,
curtainwall_single,400S250-54,33,16,30,L/600,135.0,
curtainwall_single,400S250-54,33,16,35,L/240,165.0,
curtainwall_single,400S250-54,33,16,35,L/360,152.0,
curtainwall_single,400S250-54,33,16,35,L/600,128.0,
curtainwall_single,400S250-54,33,16,40,L/240,154.0,
curtainwall_single,400S250-54,33,16,40,L/360,145.0,
curtainwall_single,400S250-54,33,16,40,L/600,122.0,
curtainwall_single,400S250-54,33,24,5,L/120,325.0,
curtainwall_single,400S250-54,33,24,5,L/240,258.0,
curtainwall_single,400S250-54,33,24,5,L/360,225.0,
curtainwall_single,400S250-54,33,24,15,L/240,201.0,
curtainwall_single,400S250-54,33,24,15,L/360,176.0,
curtainwall_single,400S250-54,33,24,15,L/600,148.0,
curtainwall_single,400S250-54,33,24,20,L/240,178.0,
curtainwall_single,400S250-54,33,24,20,L/360,160.0,
curtainwall_single,400S250-54,33,24,20,L/600,135.0,
curtainwall_single,400S250-54,33,24,25,L/240,159.0,
curtainwall_single,400S250-54,33,24,25,L/360,148.0,
curtainwall_single,400S250-54,33,24,25,L/600,125.0,
curtainwall_single,400S250-54,33,24,30,L/240,145.0,
curtainwall_single,400S250-54,33,24,30,L/360,140.0,
curtainwall_single,400S250-54,33,24,30,L/600,118.0,
curtainwall_single,400S250-54,33,24,35,L/240,135.0,
curtainwall_single,400S250-54,33,24,35,L/360,133.0,
curtainwall_single,400S250-54,33,24,35,L/600,112.0,
curtainwall_single,400S250-54,33,24,40,L/240,126.0,e
curtainwall_single,400S250-54,33,24,40,L/360,126.0,e
curtainwall_single,400S250-54,33,24,40,L/600,107.0,
curtainwall_single,400S250-54,50,12,5,L/120,409.0,
curtainwall_single,400S250-54,50,12,5,L/240,324.0,
curtainwall_single,400S250-54,50,12,5,L/360,283.0,
curtainwall_single,400S250-54,50,12,15,L/240,253.0,
curtainwall_single,400S250-54,50,12,15,L/360,221.0,
curtainwall_single,400S250-54,50,12,15,L/600,187.0,
curtainwall_single,400S250-54,50,12,20,L/240,230.0,
curtainwall_single,400S250-54,50,12,20,L/360,201.0,
curtainwall_single,400S250-54,50,12,20,L/600,169.0,
curtainwall_single,400S250-54,50,12,25,L/240,214.0,
curtainwall_single,400S250-54,50,12,25,L/360,187.0,
curtainwall_single,400S250-54,50,12,25,L/600,157.0,
curtainwall_single,400S250-54,50,12,30,L/240,201.0,
curtainwall_single,400S250-54,50,12,30,L/360,176.0,
curtainwall_single,400S250-54,50,12,30,L/600,148.0,
curtainwall_single,400S250-54,50,12,35,L/240,191.0,
curtainwall_single,400S250-54,50,12,35,L/360,167.0,
curtainwall_single,400S250-54,50,12,35,L/600,141.0,
curtainwall_single,400S250-54,50,12,40,L/240,183.0,
curtainwall_single,400S250-54,50,12,40,L/360,160.0,
curtainwall_single,400S250-54,50,12,40,L/600,135.0,
curtainwall_single,400S250-54,50,16,5,L/120,371.0,
curtainwall_single,400S250-54,50,16,5,L/240,295.0,
curtainwall_single,400S250-54,50,16,5,L/360,257.0,
curtainwall_single,400S250-54,50,16,15,L/240,230.0,
curtainwall_single,400S250-54,50,16,15,L/360,201.0,
curtainwall_single,400S250-54,50,16,15,L/600,169.0,
curtainwall_single,400S250-54,50,16,20,L/240,209.0,
curtainwall_single,400S250-54,50,16,20,L/360,183.0,
curtainwall_single,400S250-54,50,16,20,L/600,154.0,
curtainwall_single,400S250-54,50,16,25,L/240,194.0,
curtainwall_single,400S250-54,50,16,25,L/360,169.0,
curtainwall_single,400S250-54,50,16,25,L/600,143.0,
curtainwall_single,400S250-54,50,16,30,L/240,183.0,
curtainwall_single,400S250-54,50,16,30,L/360,160.0,
curtainwall_single,400S250-54,50,16,30,L/600,135.0,
curtainwall_single,400S250-54,50,16,35,L/240,173.0,
curtainwall_single,400S250-54,50,16,35,L/360,152.0,
curtainwall_single,400S250-54,50,16,35,L/600,128.0,
curtainwall_single,400S250-54,50,16,40,L/240,166.0,
curtainwall_single,400S250-54,50,16,40,L/360,145.0,
curtainwall_single,400S250-54,50,16,40,L/600,122.0,
curtainwall_single,400S250-54,50,24,5,L/120,324.0,
curtainwall_single,400S250-54,50,24,5,L/240,257.0,
curtainwall_single,400S250-54,50,24,5,L/360,225.0,
curtainwall_single,400S250-54,50,24,15,L/240,201.0,
curtainwall_single,400S250-54,50,24,15,L/360,176.0,
curtainwall_single,400S250-54,50,24,15,L/600,148.0,
curtainwall_single,400S250-54,50,24,20,L/240,183.0,
curtainwall_single,400S250-54,50,24,20,L/360,160.0,
curtainwall_single,400S250-54,50,24,20,L/600,135.0,
curtainwall_single,400S250-54,50,24,25,L/240,169.0,
curtainwall_single,400S250-54,50,24,25,L/360,148.0,
curtainwall_single,400S250-54,50,24,25,L/600,125.0,
curtainwall_single,400S250-54,50,24,30,L/240,160.0,
curtainwall_single,400S250-54,50,24,30,L/360,139.0,
curtainwall_single,400S250-54,50,24,30,L/600,118.0,
curtainwall_single,400S250-54,50,24,35,L/240,152.0,
curtainwall_single,400S250-54,50,24,35,L/360,132.0,
curtainwall_single,400S250-54,50,24,35,L/600,112.0,
curtainwall_single,400S250-54,50,24,40,L/240,145.0,
curtainwall_single,400S250-54,50,24,40,L/360,127.0,
curtainwall_single,400S250-54,50,24,40,L/600,107.0,
curtainwall_single,400S250-68,50,12,5,L/120,439.0,
curtainwall_single,400S250-68,50,12,5,L/240,348.0,
curtainwall_single,400S250-68,50,12,5,L/360,304.0,
curtainwall_single,400S250-68,50,12,15,L/240,272.0,
curtainwall_single,400S250-68,50,12,15,L/360,238.0,
curtainwall_single,400S250-68,50,12,15,L/600,200.0,
curtainwall_single,400S250-68,50,12,20,L/240,247.0,
curtainwall_single,400S250-68,50,12,20,L/360,216.0,
curtainwall_single,400S250-68,50,12,20,L/600,182.0,
curtainwall_single,400S250-68,50,12,25,L/240,229.0,
curtainwall_single,400S250-68,50,12,25,L/360,200.0,
curtainwall_single,400S250-68,50,12,25,L/600,169.0,
curtainwall_single,400S250-68,50,12,30,L/240,216.0,
curtainwall_single,400S250-68,50,12,30,L/360,189.0,
curtainwall_single,400S250-68,50,12,30,L/600,159.0,
curtainwall_single,400S250-68,50,12,35,L/240,205.0,
curtainwall_single,400S250-68,50,12,35,L/360,179.0,
curtainwall_single,400S250-68,50,12,35,L/600,151.0,
curtainwall_single,400S250-68,50,12,40,L/240,196.0,
curtainwall_single,400S250-68,50,12,40,L/360,171.0,
curtainwall_single,400S250-68,50,12,40,L/600,145.0,
curtainwall_single,400S250-68,50,16,5,L/120,399.0,
curtainwall_single,400S250-68,50,16,5,L/240,316.0,
curtainwall_single,400S250-68,50,16,5,L/360,276.0,
curtainwall_single,400S250-68,50,16,15,L/240,247.0,
curtainwall_single,400S250-68,50,16,15,L/360,216.0,
curtainwall_single,400S250-68,50,16,15,L/600,182.0,
curtainwall_single,400S250-68,50,16,20,L/240,225.0,
curtainwall_single,400S250-68,50,16,20,L/360,196.0,
curtainwall_single,400S250-68,50,16,20,L/600,165.0,
curtainwall_single,400S250-68,50,16,25,L/240,208.0,
curtainwall_single,400S250-68,50,16,25,L/360,182.0,
curtainwall_single,400S250-68,50,16,25,L/600,154.0,
curtainwall_single,400S250-68,50,16,30,L/240,196.0,
curtainwall_single,400S250-68,50,16,30,L/360,171.0,
curtainwall_single,400S250-68,50,16,30,L/600,145.0,
curtainwall_single,400S250-68,50,16,35,L/240,186.0,
curtainwall_single,400S250-68,50,16,35,L/360,163.0,
curtainwall_single,400S250-68,50,16,35,L/600,137.0,
curtainwall_single,400S250-68,50,16,40,L/240,178.0,
curtainwall_single,400S250-68,50,16,40,L/360,156.0,
curtainwall_single,400S250-68,50,16,40,L/600,131.0,
curtainwall_single,400S250-68,50,24,5,L/120,348.0,
curtainwall_single,400S250-68,50,24,5,L/240,276.0,
curtainwall_single,400S250-68,50,24,5,L/360,242.0,
curtainwall_single,400S250-68,50,24,15,L/240,216.0,
curtainwall_single,400S250-68,50,24,15,L/360,189.0,
curtainwall_single,400S250-68,50,24,15,L/600,159.0,
curtainwall_single,400S250-68,50,24,20,L/240,196.0,
curtainwall_single,400S250-68,50,24,20,L/360,171.0,
curtainwall_single,400S250-68,50,24,20,L/600,145.0,
curtainwall_single,400S250-68,50,24,25,L/240,182.0,
curtainwall_single,400S250-68,50,24,25,L/360,159.0,
curtainwall_single,400S250-68,50,24,25,L/600,134.0,
curtainwall_single,400S250-68,50,24,30,L/240,171.0,
curtainwall_single,400S250-68,50,24,30,L/360,150.0,
curtainwall_single,400S250-68,50,24,30,L/600,126.0,
curtainwall_single,400S250-68,50,24,35,L/240,163.0,
curtainwall_single,400S250-68,50,24,35,L/360,142.0,
curtainwall_single,400S250-68,50,24,35,L/600,120.0,
curtainwall_single,400S250-68,50,24,40,L/240,156.0,
curtainwall_single,400S250-68,50,24,40,L/360,136.0,
curtainwall_single,400S250-68,50,24,40,L/600,115.0,
curtainwall_single,400S250-97,50,12,5,L/120,487.0,
curtainwall_single,400S250-97,50,12,5,L/240,386.0,
curtainwall_single,400S250-97,50,12,5,L/360,337.0,
curtainwall_single,400S250-97,50,12,15,L/240,302.0,e
curtainwall_single,400S250-97,50,12,15,L/360,263.0,e
curtainwall_single,400S250-97,50,12,15,L/600,222.0,e
curtainwall_single,400S250-97,50,12,20,L/240,274.0,e
curtainwall_single,400S250-97,50,12,20,L/360,239.0,e
curtainwall_single,400S250-97,50,12,20,L/600,202.0,e
curtainwall_single,400S250-97,50,12,25,L/240,254.0,e
curtainwall_single,400S250-97,50,12,25,L/360,222.0,e
curtainwall_single,400S250-97,50,12,25,L/600,187.0,e
curtainwall_single,400S250-97,50,12,30,L/240,239.0,e
curtainwall_single,400S250-97,50,12,30,L/360,209.0,e
curtainwall_single,400S250-97,50,12,30,L/600,176.0,e
curtainwall_single,400S250-97,50,12,35,L/240,227.0,e
curtainwall_single,400S250-97,50,12,35,L/360,199.0,e
curtainwall_single,400S250-97,50,12,35,L/600,168.0,e
curtainwall_single,400S250-97,50,12,40,L/240,218.0,e
curtainwall_single,400S250-97,50,12,40,L/360,190.0,e
curtainwall_single,400S250-97,50,12,40,L/600,160.0,e
curtainwall_single,400S250-97,50,16,5,L/120,442.0,e
curtainwall_single,400S250-97,50,16,5,L/240,351.0,
curtainwall_single,400S250-97,50,16,5,L/360,307.0,
curtainwall_single,400S250-97,50,16,15,L/240,274.0,e
curtainwall_single,400S250-97,50,16,15,L/360,239.0,e
curtainwall_single,400S250-97,50,16,15,L/600,202.0,e
curtainwall_single,400S250-97,50,16,20,L/240,249.0,e
curtainwall_single,400S250-97,50,16,20,L/360,218.0,e
curtainwall_single,400S250-97,50,16,20,L/600,183.0,e
curtainwall_single,400S250-97,50,16,25,L/240,231.0,e
curtainwall_single,400S250-97,50,16,25,L/360,202.0,e
curtainwall_single,400S250-97,50,16,25,L/600,170.0,e
curtainwall_single,400S250-97,50,16,30,L/240,218.0,e
curtainwall_single,400S250-97,50,16,30,L/360,190.0,e
curtainwall_single,400S250-97,50,16,30,L/600,160.0,e
curtainwall_single,400S250-97,50,16,35,L/240,207.0,e
curtainwall_single,400S250-97,50,16,35,L/360,180.0,e
curtainwall_single,400S250-97,50,16,35,L/600,152.0,e
curtainwall_single,400S250-97,50,16,40,L/240,198.0,e
curtainwall_single,400S250-97,50,16,40,L/360,173.0,e
curtainwall_single,400S250-97,50,16,40,L/600,146.0,e
curtainwall_single,400S250-97,50,24,5,L/120,386.0,e
curtainwall_single,400S250-97,50,24,5,L/240,307.0,e
curtainwall_single,400S250-97,50,24,5,L/360,268.0,
curtainwall_single,400S250-97,50,24,15,L/240,239.0,e
curtainwall_single,400S250-97,50,24,15,L/360,209.0,e
curtainwall_single,400S250-97,50,24,15,L/600,176.0,e
curtainwall_single,400S250-97,50,24,20,L/240,218.0,e
curtainwall_single,400S250-97,50,24,20,L/360,190.0,e
curtainwall_single,400S250-97,50,24,20,L/600,160.0,e
curtainwall_single,400S250-97,50,24,25,L/240,202.0,e
curtainwall_single,400S250-97,50,24,25,L/360,176.0,e
curtainwall_single,400S250-97,50,24,25,L/600,149.0,e
curtainwall_single,400S250-97,50,24,30,L/240,190.0,e
curtainwall_single,400S250-97,50,24,30,L/360,166.0,e
curtainwall_single,400S250-97,50,24,30,L/600,140.0,e
curtainwall_single,400S250-97,50,24,35,L/240,180.0,e
curtainwall_single,400S250-97,50,24,35,L/360,158.0,e
curtainwall_single,400S250-97,50,24,35,L/600,133.0,e
curtainwall_single,400S250-97,50,24,40,L/240,173.0,e
curtainwall_single,400S250-97,50,24,40,L/360,151.0,e
curtainwall_single,400S250-97,50,24,40,L/600,127.0,e
curtainwall_single,400S300-54,33,12,5,L/120,427.0,
curtainwall_single,400S300-54,33,12,5,L/240,339.0,
curtainwall_single,400S300-54,33,12,5,L/360,296.0,
curtainwall_single,400S300-54,33,12,15,L/240,265.0,
curtainwall_single,400S300-54,33,12,15,L/360,231.0,
curtainwall_single,400S300-54,33,12,15,L/600,195.0,
curtainwall_single,400S300-54,33,12,20,L/240,241.0,
curtainwall_single,400S300-54,33,12,20,L/360,210.0,
curtainwall_single,400S300-54,33,12,20,L/600,177.0,
curtainwall_single,400S300-54,33,12,25,L/240,223.0,
curtainwall_single,400S300-54,33,12,25,L/360,195.0,
curtainwall_single,400S300-54,33,12,25,L/600,165.0,
curtainwall_single,400S300-54,33,12,30,L/240,210.0,
curtainwall_single,400S300-54,33,12,30,L/360,184.0,
curtainwall_single,400S300-54,33,12,30,L/600,155.0,
curtainwall_single,400S300-54,33,12,35,L/240,194.0,
curtainwall_single,400S300-54,33,12,35,L/360,174.0,
curtainwall_single,400S300-54,33,12,35,L/600,147.0,
curtainwall_single,400S300-54,33,12,40,L/240,182.0,
curtainwall_single,400S300-54,33,12,40,L/360,167.0,
curtainwall_single,400S300-54,33,12,40,L/600,141.0,
curtainwall_single,400S300-54,33,16,5,L/120,388.0,
curtainwall_single,400S300-54,33,16,5,L/240,308.0,
curtainwall_single,400S300-54,33,16,5,L/360,269.0,
curtainwall_single,400S300-54,33,16,15,L/240,241.0,
curtainwall_single,400S300-54,33,16,15,L/360,210.0,
curtainwall_single,400S300-54,33,16,15,L/600,177.0,
curtainwall_single,400S300-54,33,16,20,L/240,219.0,
curtainwall_single,400S300-54,33,16,20,L/360,191.0,
curtainwall_single,400S300-54,33,16,20,L/600,161.0,
curtainwall_single,400S300-54,33,16,25,L/240,199.0,
curtainwall_single,400S300-54,33,16,25,L/360,177.0,
curtainwall_single,400S300-54,33,16,25,L/600,150.0,
curtainwall_single,400S300-54,33,16,30,L/240,182.0,
curtainwall_single,400S300-54,33,16,30,L/360,167.0,
curtainwall_single,400S300-54,33,16,30,L/600,141.0,
curtainwall_single,400S300-54,33,16,35,L/240,168.0,
curtainwall_single,400S300-54,33,16,35,L/360,159.0,
curtainwall_single,400S300-54,33,16,35,L/600,134.0,
curtainwall_single,400S300-54,33,16,40,L/240,157.0,
curtainwall_single,400S300-54,33,16,40,L/360,152.0,
curtainwall_single,400S300-54,33,16,40,L/600,128.0,
curtainwall_single,400S300-54,33,24,5,L/120,339.0,
curtainwall_single,400S300-54,33,24,5,L/240,269.0,
curtainwall_single,400S300-54,33,24,5,L/360,235.0,
curtainwall_single,400S300-54,33,24,15,L/240,210.0,
curtainwall_single,400S300-54,33,24,15,L/360,184.0,
curtainwall_single,400S300-54,33,24,15,L/600,155.0,
curtainwall_single,400S300-54,33,24,20,L/240,182.0,
curtainwall_single,400S300-54,33,24,20,L/360,167.0,
curtainwall_single,400S300-54,33,24,20,L/600,141.0,
curtainwall_single,400S300-54,33,24,25,L/240,162.0,
curtainwall_single,400S300-54,33,24,25,L/360,155.0,
curtainwall_single,400S300-54,33,24,25,L/600,131.0,
curtainwall_single,400S300-54,33,24,30,L/240,148.0,
curtainwall_single,400S300-54,33,24,30,L/360,146.0,
curtainwall_single,400S300-54,33,24,30,L/600,123.0,
curtainwall_single,400S300-54,33,24,35,L/240,137.0,
curtainwall_single,400S300-54,33,24,35,L/360,137.0,
curtainwall_single,400S300-54,33,24,35,L/600,117.0,
curtainwall_single,400S300-54,33,24,40,L/240,128.0,e
curtainwall_single,400S300-54,33,24,40,L/360,128.0,e
curtainwall_single,400S300-54,33,24,40,L/600,112.0,
curtainwall_single,400S300-54,50,12,5,L/120,420.0,
curtainwall_single,400S300-54,50,12,5,L/240,333.0,
curtainwall_single,400S300-54,50,12,5,L/360,291.0,
curtainwall_single,400S300-54,50,12,15,L/240,260.0,
curtainwall_single,400S300-54,50,12,15,L/360,227.0,
curtainwall_single,400S300-54,50,12,15,L/600,192.0,
curtainwall_single,400S300-54,50,12,20,L/240,236.0,
curtainwall_single,400S300-54,50,12,20,L/360,207.0,
curtainwall_single,400S300-54,50,12,20,L/600,174.0,
curtainwall_single,400S300-54,50,12,25,L/240,219.0,
curtainwall_single,400S300-54,50,12,25,L/360,192.0,
curtainwall_single,400S300-54,50,12,25,L/600,162.0,
curtainwall_single,400S300-54,50,12,30,L/240,207.0,
curtainwall_single,400S300-54,50,12,30,L/360,180.0,
curtainwall_single,400S300-54,50,12,30,L/600,152.0,
curtainwall_single,400S300-54,50,12,35,L/240,196.0,
curtainwall_single,400S300-54,50,12,35,L/360,171.0,
curtainwall_single,400S300-54,50,12,35,L/600,145.0,
curtainwall_single,400S300-54,50,12,40,L/240,188.0,
curtainwall_single,400S300-54,50,12,40,L/360,164.0,
curtainwall_single,400S300-54,50,12,40,L/600,138.0,
curtainwall_single,400S300-54,50,16,5,L/120,381.0,
curtainwall_single,400S300-54,50,16,5,L/240,303.0,
curtainwall_single,400S300-54,50,16,5,L/360,265.0,
curtainwall_single,400S300-54,50,16,15,L/240,236.0,
curtainwall_single,400S300-54,50,16,15,L/360,207.0,
curtainwall_single,400S300-54,50,16,15,L/600,174.0,
curtainwall_single,400S300-54,50,16,20,L/240,215.0,
curtainwall_single,400S300-54,50,16,20,L/360,188.0,
curtainwall_single,400S300-54,50,16,20,L/600,158.0,
curtainwall_single,400S300-54,50,16,25,L/240,199.0,
curtainwall_single,400S300-54,50,16,25,L/360,174.0,
curtainwall_single,400S300-54,50,16,25,L/600,147.0,
curtainwall_single,400S300-54,50,16,30,L/240,188.0,
curtainwall_single,400S300-54,50,16,30,L/360,164.0,
curtainwall_single,400S300-54,50,16,30,L/600,138.0,
curtainwall_single,400S300-54,50,16,35,L/240,178.0,
curtainwall_single,400S300-54,50,16,35,L/360,156.0,
curtainwall_single,400S300-54,50,16,35,L/600,131.0,
curtainwall_single,400S300-54,50,16,40,L/240,171.0,
curtainwall_single,400S300-54,50,16,40,L/360,149.0,
curtainwall_single,400S300-54,50,16,40,L/600,126.0,
curtainwall_single,400S300-54,50,24,5,L/120,333.0,
curtainwall_single,400S300-54,50,24,5,L/240,265.0,
curtainwall_single,400S300-54,50,24,5,L/360,231.0,
curtainwall_single,400S300-54,50,24,15,L/240,207.0,
curtainwall_single,400S300-54,50,24,15,L/360,180.0,
curtainwall_single,400S300-54,50,24,15,L/600,152.0,
curtainwall_single,400S300-54,50,24,20,L/240,188.0,
curtainwall_single,400S300-54,50,24,20,L/360,164.0,
curtainwall_single,400S300-54,50,24,20,L/600,138.0,
curtainwall_single,400S300-54,50,24,25,L/240,174.0,
curtainwall_single,400S300-54,50,24,25,L/360,152.0,
curtainwall_single,400S300-54,50,24,25,L/600,128.0,
curtainwall_single,400S300-54,50,24,30,L/240,164.0,
curtainwall_single,400S300-54,50,24,30,L/360,143.0,
curtainwall_single,400S300-54,50,24,30,L/600,121.0,
curtainwall_single,400S300-54,50,24,35,L/240,156.0,
curtainwall_single,400S300-54,50,24,35,L/360,136.0,
curtainwall_single,400S300-54,50,24,35,L/600,115.0,
curtainwall_single,400S300-54,50,24,40,L/240,148.0,
curtainwall_single,400S300-54,50,24,40,L/360,130.0,
curtainwall_single,400S300-54,50,24,40,L/600,110.0,
curtainwall_single,400S300-68,50,12,5,L/120,456.0,
curtainwall_single,400S300-68,50,12,5,L/240,362.0,
curtainwall_single,400S300-68,50,12,5,L/360,316.0,
curtainwall_single,400S300-68,50,12,15,L/240,283.0,
curtainwall_single,400S300-68,50,12,15,L/360,247.0,
curtainwall_single,400S300-68,50,12,15,L/600,208.0,
curtainwall_single,400S300-68,50,12,20,L/240,257.0,
curtainwall_single,400S300-68,50,12,20,L/360,225.0,
curtainwall_single,400S300-68,50,12,20,L/600,189.0,
curtainwall_single,400S300-68,50,12,25,L/240,239.0,
curtainwall_single,400S300-68,50,12,25,L/360,208.0,
curtainwall_single,400S300-68,50,12,25,L/600,176.0,
curtainwall_single,400S300-68,50,12,30,L/240,225.0,
curtainwall_single,400S300-68,50,12,30,L/360,196.0,
curtainwall_single,400S300-68,50,12,30,L/600,165.0,
curtainwall_single,400S300-68,50,12,35,L/240,213.0,
curtainwall_single,400S300-68,50,12,35,L/360,186.0,
curtainwall_single,400S300-68,50,12,35,L/600,157.0,
curtainwall_single,400S300-68,50,12,40,L/240,204.0,
curtainwall_single,400S300-68,50,12,40,L/360,178.0,
curtainwall_single,400S300-68,50,12,40,L/600,150.0,
curtainwall_single,400S300-68,50,16,5,L/120,415.0,
curtainwall_single,400S300-68,50,16,5,L/240,329.0,
curtainwall_single,400S300-68,50,16,5,L/360,288.0,
curtainwall_single,400S300-68,50,16,15,L/240,257.0,
curtainwall_single,400S300-68,50,16,15,L/360,225.0,
curtainwall_single,400S300-68,50,16,15,L/600,189.0,
curtainwall_single,400S300-68,50,16,20,L/240,234.0,
curtainwall_single,400S300-68,50,16,20,L/360,204.0,
curtainwall_single,400S300-68,50,16,20,L/600,172.0,
curtainwall_single,400S300-68,50,16,25,L/240,217.0,
curtainwall_single,400S300-68,50,16,25,L/360,189.0,
curtainwall_single,400S300-68,50,16,25,L/600,160.0,
curtainwall_single,400S300-68,50,16,30,L/240,204.0,
curtainwall_single,400S300-68,50,16,30,L/360,178.0,
curtainwall_single,400S300-68,50,16,30,L/600,150.0,
curtainwall_single,400S300-68,50,16,35,L/240,194.0,
curtainwall_single,400S300-68,50,16,35,L/360,169.0,
curtainwall_single,400S300-68,50,16,35,L/600,143.0,
curtainwall_single,400S300-68,50,16,40,L/240,185.0,
curtainwall_single,400S300-68,50,16,40,L/360,162.0,
curtainwall_single,400S300-68,50,16,40,L/600,137.0,
curtainwall_single,400S300-68,50,24,5,L/120,362.0,
curtainwall_single,400S300-68,50,24,5,L/240,288.0,
curtainwall_single,400S300-68,50,24,5,L/360,251.0,
curtainwall_single,400S300-68,50,24,15,L/240,225.0,
curtainwall_single,400S300-68,50,24,15,L/360,196.0,
curtainwall_single,400S300-68,50,24,15,L/600,165.0,
curtainwall_single,400S300-68,50,24,20,L/240,204.0,
curtainwall_single,400S300-68,50,24,20,L/360,178.0,
curtainwall_single,400S300-68,50,24,20,L/600,150.0,
curtainwall_single,400S300-68,50,24,25,L/240,189.0,
curtainwall_single,400S300-68,50,24,25,L/360,165.0,
curtainwall_single,400S300-68,50,24,25,L/600,140.0,
curtainwall_single,400S300-68,50,24,30,L/240,178.0,
curtainwall_single,400S300-68,50,24,30,L/360,156.0,
curtainwall_single,400S300-68,50,24,30,L/600,131.0,
curtainwall_single,400S300-68,50,24,35,L/240,169.0,
curtainwall_single,400S300-68,50,24,35,L/360,148.0,
curtainwall_single,400S300-68,50,24,35,L/600,125.0,
curtainwall_single,400S300-68,50,24,40,L/240,162.0,
curtainwall_single,400S300-68,50,24,40,L/360,141.0,
curtainwall_single,400S300-68,50,24,40,L/600,119.0,
curtainwall_single,400S300-97,50,12,5,L/120,509.0,
curtainwall_single,400S300-97,50,12,5,L/240,404.0,
curtainwall_single,400S300-97,50,12,5,L/360,353.0,
curtainwall_single,400S300-97,50,12,15,L/240,315.0,
curtainwall_single,400S300-97,50,12,15,L/360,275.0,
curtainwall_single,400S300-97,50,12,15,L/600,232.0,
curtainwall_single,400S300-97,50,12,20,L/240,286.0,
curtainwall_single,400S300-97,50,12,20,L/360,250.0,
curtainwall_single,400S300-97,50,12,20,L/600,211.0,
curtainwall_single,400S300-97,50,12,25,L/240,266.0,
curtainwall_single,400S300-97,50,12,25,L/360,232.0,
curtainwall_single,400S300-97,50,12,25,L/600,196.0,
curtainwall_single,400S300-97,50,12,30,L/240,250.0,
curtainwall_single,400S300-97,50,12,30,L/360,219.0,
curtainwall_single,400S300-97,50,12,30,L/600,184.0,
curtainwall_single,400S300-97,50,12,35,L/240,238.0,
curtainwall_single,400S300-97,50,12,35,L/360,208.0,
curtainwall_single,400S300-97,50,12,35,L/600,175.0,
curtainwall_single,400S300-97,50,12,40,L/240,227.0,
curtainwall_single,400S300-97,50,12,40,L/360,199.0,
curtainwall_single,400S300-97,50,12,40,L/600,167.0,
curtainwall_single,400S300-97,50,16,5,L/120,462.0,
curtainwall_single,400S300-97,50,16,5,L/240,367.0,
curtainwall_single,400S300-97,50,16,5,L/360,320.0,
curtainwall_single,400S300-97,50,16,15,L/240,286.0,
curtainwall_single,400S300-97,50,16,15,L/360,250.0,
curtainwall_single,400S300-97,50,16,15,L/600,211.0,
curtainwall_single,400S300-97,50,16,20,L/240,260.0,
curtainwall_single,400S300-97,50,16,20,L/360,227.0,
curtainwall_single,400S300-97,50,16,20,L/600,192.0,
curtainwall_single,400S300-97,50,16,25,L/240,242.0,
curtainwall_single,400S300-97,50,16,25,L/360,211.0,
curtainwall_single,400S300-97,50,16,25,L/600,178.0,
curtainwall_single,400S300-97,50,16,30,L/240,227.0,
curtainwall_single,400S300-97,50,16,30,L/360,199.0,
curtainwall_single,400S300-97,50,16,30,L/600,167.0,
curtainwall_single,400S300-97,50,16,35,L/240,216.0,
curtainwall_single,400S300-97,50,16,35,L/360,189.0,
curtainwall_single,400S300-97,50,16,35,L/600,159.0,
curtainwall_single,400S300-97,50,16,40,L/240,207.0,
curtainwall_single,400S300-97,50,16,40,L/360,180.0,
curtainwall_single,400S300-97,50,16,40,L/600,152.0,
curtainwall_single,400S300-97,50,24,5,L/120,404.0,
curtainwall_single,400S300-97,50,24,5,L/240,320.0,
curtainwall_single,400S300-97,50,24,5,L/360,280.0,
curtainwall_single,400S300-97,50,24,15,L/240,250.0,
curtainwall_single,400S300-97,50,24,15,L/360,219.0,
curtainwall_single,400S300-97,50,24,15,L/600,184.0,
curtainwall_single,400S300-97,50,24,20,L/240,227.0,
curtainwall_single,400S300-97,50,24,20,L/360,199.0,
curtainwall_single,400S300-97,50,24,20,L/600,167.0,
curtainwall_single,400S300-97,50,24,25,L/240,211.0,
curtainwall_single,400S300-97,50,24,25,L/360,184.0,
curtainwall_single,400S300-97,50,24,25,L/600,155.0,
curtainwall_single,400S300-97,50,24,30,L/240,199.0,
curtainwall_single,400S300-97,50,24,30,L/360,173.0,
curtainwall_single,400S300-97,50,24,30,L/600,146.0,
curtainwall_single,400S300-97,50,24,35,L/240,189.0,
curtainwall_single,400S300-97,50,24,35,L/360,165.0,
curtainwall_single,400S300-97,50,24,35,L/600,139.0,
curtainwall_single,400S300-97,50,24,40,L/240,180.0,
curtainwall_single,400S300-97,50,24,40,L/360,158.0,
curtainwall_single,400S300-97,50,24,40,L/600,133.0,
curtainwall_single,550S162-33,33,12,5,L/120,404.0,
curtainwall_single,550S162-33,33,12,5,L/240,321.0,
curtainwall_single,550S162-33,33,12,5,L/360,280.0,
curtainwall_single,550S162-33,33,12,15,L/240,251.0,e
curtainwall_single,550S162-33,33,12,15,L/360,219.0,e
curtainwall_single,550S162-33,33,12,15,L/600,185.0,e
curtainwall_single,550S162-33,33,12,20,L/240,219.0,e
curtainwall_single,550S162-33,33,12,20,L/360,199.0,e
curtainwall_single,550S162-33,33,12,20,L/600,168.0,e
curtainwall_single,550S162-33,33,12,25,L/240,196.0,e
curtainwall_single,550S162-33,33,12,25,L/360,185.0,e
curtainwall_single,550S162-33,33,12,25,L/600,156.0,e
curtainwall_single,550S162-33,33,12,30,L/240,179.0,e
curtainwall_single,550S162-33,33,12,30,L/360,174.0,e
curtainwall_single,550S162-33,33,12,30,L/600,147.0,e
curtainwall_single,550S162-33,33,12,35,L/240,166.0,e
curtainwall_single,550S162-33,33,12,35,L/360,165.0,e
curtainwall_single,550S162-33,33,12,35,L/600,139.0,e
curtainwall_single,550S162-33,33,12,40,L/240,155.0,e
curtainwall_single,550S162-33,33,12,40,L/360,155.0,e
curtainwall_single,550S162-33,33,12,40,L/600,133.0,e
curtainwall_single,550S162-33,33,16,5,L/120,367.0,
curtainwall_single,550S162-33,33,16,5,L/240,292.0,
curtainwall_single,550S162-33,33,16,5,L/360,255.0,
curtainwall_single,550S162-33,33,16,15,L/240,219.0,e
curtainwall_single,550S162-33,33,16,15,L/360,199.0,e
curtainwall_single,550S162-33,33,16,15,L/600,168.0,e
curtainwall_single,550S162-33,33,16,20,L/240,190.0,e
curtainwall_single,550S162-33,33,16,20,L/360,181.0,e
curtainwall_single,550S162-33,33,16,20,L/600,152.0,e
curtainwall_single,550S162-33,33,16,25,L/240,170.0,e
curtainwall_single,550S162-33,33,16,25,L/360,168.0,e
curtainwall_single,550S162-33,33,16,25,L/600,141.0,e
curtainwall_single,550S162-33,33,16,30,L/240,155.0,e
curtainwall_single,550S162-33,33,16,30,L/360,155.0,e
curtainwall_single,550S162-33,33,16,30,L/600,133.0,e
curtainwall_single,550S162-33,33,16,35,L/240,144.0,e
curtainwall_single,550S162-33,33,16,35,L/360,144.0,e
curtainwall_single,550S162-33,33,16,35,L/600,126.0,e
curtainwall_single,550S162-33,33,16,40,L/240,134.0,e
curtainwall_single,550S162-33,33,16,40,L/360,134.0,e
curtainwall_single,550S162-33,33,16,40,L/600,121.0,e
curtainwall_single,550S162-33,33,24,5,L/120,310.0,e
curtainwall_single,550S162-33,33,24,5,L/240,255.0,e
curtainwall_single,550S162-33,33,24,5,L/360,223.0,
curtainwall_single,550S162-33,33,24,15,L/240,179.0,e
curtainwall_single,550S162-33,33,24,15,L/360,174.0,e
curtainwall_single,550S162-33,33,24,15,L/600,147.0,e
curtainwall_single,550S162-33,33,24,20,L/240,155.0,e
curtainwall_single,550S162-33,33,24,20,L/360,155.0,e
curtainwall_single,550S162-33,33,24,20,L/600,133.0,e
curtainwall_single,550S162-33,33,24,25,L/240,139.0,e
curtainwall_single,550S162-33,33,24,25,L/360,139.0,e
curtainwall_single,550S162-33,33,24,25,L/600,124.0,e
curtainwall_single,550S162-33,33,24,30,L/240,127.0,e
curtainwall_single,550S162-33,33,24,30,L/360,127.0,e
curtainwall_single,550S162-33,33,24,30,L/600,116.0,e
curtainwall_single,550S162-33,33,24,35,L/240,117.0,e
curtainwall_single,550S162-33,33,24,35,L/360,117.0,e
curtainwall_single,550S162-33,33,24,35,L/600,110.0,e
curtainwall_single,550S162-33,33,24,40,L/240,110.0,e
curtainwall_single,550S162-33,33,24,40,L/360,110.0,e
curtainwall_single,550S162-33,33,24,40,L/600,106.0,e
curtainwall_single,550S162-43,33,12,5,L/120,440.0,
curtainwall_single,550S162-43,33,12,5,L/240,349.0,
curtainwall_single,550S162-43,33,12,5,L/360,305.0,
curtainwall_single,550S162-43,33,12,15,L/240,273.0,
curtainwall_single,550S162-43,33,12,15,L/360,238.0,
curtainwall_single,550S162-43,33,12,15,L/600,201.0,
curtainwall_single,550S162-43,33,12,20,L/240,248.0,
curtainwall_single,550S162-43,33,12,20,L/360,217.0,
curtainwall_single,550S162-43,33,12,20,L/600,183.0,
curtainwall_single,550S162-43,33,12,25,L/240,230.0,e
curtainwall_single,550S162-43,33,12,25,L/360,201.0,
curtainwall_single,550S162-43,33,12,25,L/600,170.0,
curtainwall_single,550S162-43,33,12,30,L/240,215.0,e
curtainwall_single,550S162-43,33,12,30,L/360,189.0,e
curtainwall_single,550S162-43,33,12,30,L/600,160.0,
curtainwall_single,550S162-43,33,12,35,L/240,199.0,e
curtainwall_single,550S162-43,33,12,35,L/360,180.0,e
curtainwall_single,550S162-43,33,12,35,L/600,152.0,
curtainwall_single,550S162-43,33,12,40,L/240,186.0,e
curtainwall_single,550S162-43,33,12,40,L/360,172.0,e
curtainwall_single,550S162-43,33,12,40,L/600,145.0,e
curtainwall_single,550S162-43,33,16,5,L/120,400.0,
curtainwall_single,550S162-43,33,16,5,L/240,317.0,
curtainwall_single,550S162-43,33,16,5,L/360,277.0,
curtainwall_single,550S162-43,33,16,15,L/240,248.0,
curtainwall_single,550S162-43,33,16,15,L/360,217.0,
curtainwall_single,550S162-43,33,16,15,L/600,183.0,
curtainwall_single,550S162-43,33,16,20,L/240,225.0,e
curtainwall_single,550S162-43,33,16,20,L/360,197.0,
curtainwall_single,550S162-43,33,16,20,L/600,166.0,
curtainwall_single,550S162-43,33,16,25,L/240,204.0,e
curtainwall_single,550S162-43,33,16,25,L/360,183.0,e
curtainwall_single,550S162-43,33,16,25,L/600,154.0,
curtainwall_single,550S162-43,33,16,30,L/240,186.0,e
curtainwall_single,550S162-43,33,16,30,L/360,172.0,e
curtainwall_single,550S162-43,33,16,30,L/600,145.0,e
curtainwall_single,550S162-43,33,16,35,L/240,172.0,e
curtainwall_single,550S162-43,33,16,35,L/360,163.0,e
curtainwall_single,550S162-43,33,16,35,L/600,138.0,e
curtainwall_single,550S162-43,33,16,40,L/240,161.0,e
curtainwall_single,550S162-43,33,16,40,L/360,156.0,e
curtainwall_single,550S162-43,33,16,40,L/600,132.0,e
curtainwall_single,550S162-43,33,24,5,L/120,349.0,
curtainwall_single,550S162-43,33,24,5,L/240,277.0,
curtainwall_single,550S162-43,33,24,5,L/360,242.0,
curtainwall_single,550S162-43,33,24,15,L/240,215.0,e
curtainwall_single,550S162-43,33,24,15,L/360,189.0,e
curtainwall_single,550S162-43,33,24,15,L/600,160.0,
curtainwall_single,550S162-43,33,24,20,L/240,186.0,e
curtainwall_single,550S162-43,33,24,20,L/360,172.0,e
curtainwall_single,550S162-43,33,24,20,L/600,145.0,e
curtainwall_single,550S162-43,33,24,25,L/240,167.0,e
curtainwall_single,550S162-43,33,24,25,L/360,160.0,e
curtainwall_single,550S162-43,33,24,25,L/600,135.0,e
curtainwall_single,550S162-43,33,24,30,L/240,152.0,e
curtainwall_single,550S162-43,33,24,30,L/360,150.0,e
curtainwall_single,550S162-43,33,24,30,L/600,127.0,e
curtainwall_single,550S162-43,33,24,35,L/240,141.0,e
curtainwall_single,550S162-43,33,24,35,L/360,141.0,e
curtainwall_single,550S162-43,33,24,35,L/600,120.0,e
curtainwall_single,550S162-43,33,24,40,L/240,132.0,e
curtainwall_single,550S162-43,33,24,40,L/360,132.0,e
curtainwall_single,550S162-43,33,24,40,L/600,115.0,e
curtainwall_single,550S162-54,33,12,5,L/120,472.0,
curtainwall_single,550S162-54,33,12,5,L/240,375.0,
curtainwall_single,550S162-54,33,12,5,L/360,327.0,
curtainwall_single,550S162-54,33,12,15,L/240,293.0,
curtainwall_single,550S162-54,33,12,15,L/360,256.0,
curtainwall_single,550S162-54,33,12,15,L/600,216.0,
curtainwall_single,550S162-54,33,12,20,L/240,266.0,
curtainwall_single,550S162-54,33,12,20,L/360,232.0,
curtainwall_single,550S162-54,33,12,20,L/600,196.0,
curtainwall_single,550S162-54,33,12,25,L/240,247.0,
curtainwall_single,550S162-54,33,12,25,L/360,216.0,
curtainwall_single,550S162-54,33,12,25,L/600,182.0,
curtainwall_single,550S162-54,33,12,30,L/240,232.0,
curtainwall_single,550S162-54,33,12,30,L/360,203.0,
curtainwall_single,550S162-54,33,12,30,L/600,171.0,
curtainwall_single,550S162-54,33,12,35,L/240,221.0,
curtainwall_single,550S162-54,33,12,35,L/360,193.0,
curtainwall_single,550S162-54,33,12,35,L/600,163.0,
curtainwall_single,550S162-54,33,12,40,L/240,211.0,
curtainwall_single,550S162-54,33,12,40,L/360,184.0,
curtainwall_single,550S162-54,33,12,40,L/600,156.0,
curtainwall_single,550S162-54,33,16,5,L/120,429.0,
curtainwall_single,550S162-54,33,16,5,L/240,341.0,
curtainwall_single,550S162-54,33,16,5,L/360,298.0,
curtainwall_single,550S162-54,33,16,15,L/240,266.0,
curtainwall_single,550S162-54,33,16,15,L/360,232.0,
curtainwall_single,550S162-54,33,16,15,L/600,196.0,
curtainwall_single,550S162-54,33,16,20,L/240,242.0,
curtainwall_single,550S162-54,33,16,20,L/360,211.0,
curtainwall_single,550S162-54,33,16,20,L/600,178.0,
curtainwall_single,550S162-54,33,16,25,L/240,224.0,
curtainwall_single,550S162-54,33,16,25,L/360,196.0,
curtainwall_single,550S162-54,33,16,25,L/600,165.0,
curtainwall_single,550S162-54,33,16,30,L/240,211.0,
curtainwall_single,550S162-54,33,16,30,L/360,184.0,
curtainwall_single,550S162-54,33,16,30,L/600,156.0,
curtainwall_single,550S162-54,33,16,35,L/240,196.0,e
curtainwall_single,550S162-54,33,16,35,L/360,175.0,
curtainwall_single,550S162-54,33,16,35,L/600,148.0,
curtainwall_single,550S162-54,33,16,40,L/240,183.0,e
curtainwall_single,550S162-54,33,16,40,L/360,168.0,
curtainwall_single,550S162-54,33,16,40,L/600,141.0,
curtainwall_single,550S162-54,33,24,5,L/120,375.0,
curtainwall_single,550S162-54,33,24,5,L/240,298.0,
curtainwall_single,550S162-54,33,24,5,L/360,260.0,
curtainwall_single,550S162-54,33,24,15,L/240,232.0,
curtainwall_single,550S162-54,33,24,15,L/360,203.0,
curtainwall_single,550S162-54,33,24,15,L/600,171.0,
curtainwall_single,550S162-54,33,24,20,L/240,211.0,
curtainwall_single,550S162-54,33,24,20,L/360,184.0,
curtainwall_single,550S162-54,33,24,20,L/600,156.0,
curtainwall_single,550S162-54,33,24,25,L/240,189.0,e
curtainwall_single,550S162-54,33,24,25,L/360,171.0,
curtainwall_single,550S162-54,33,24,25,L/600,144.0,
curtainwall_single,550S162-54,33,24,30,L/240,173.0,e
curtainwall_single,550S162-54,33,24,30,L/360,161.0,e
curtainwall_single,550S162-54,33,24,30,L/600,136.0,
curtainwall_single,550S162-54,33,24,35,L/240,160.0,e
curtainwall_single,550S162-54,33,24,35,L/360,153.0,e
curtainwall_single,550S162-54,33,24,35,L/600,129.0,
curtainwall_single,550S162-54,33,24,40,L/240,150.0,e
curtainwall_single,550S162-54,33,24,40,L/360,146.0,e
curtainwall_single,550S162-54,33,24,40,L/600,123.0,e
curtainwall_single,550S162-54,50,12,5,L/120,472.0,
curtainwall_single,550S162-54,50,12,5,L/240,375.0,
curtainwall_single,550S162-54,50,12,5,L/360,327.0,
curtainwall_single,550S162-54,50,12,15,L/240,293.0,
curtainwall_single,550S162-54,50,12,15,L/360,256.0,
curtainwall_single,550S162-54,50,12,15,L/600,216.0,
curtainwall_single,550S162-54,50,12,20,L/240,266.0,
curtainwall_single,550S162-54,50,12,20,L/360,232.0,
curtainwall_single,550S162-54,50,12,20,L/600,196.0,
curtainwall_single,550S162-54,50,12,25,L/240,247.0,
curtainwall_single,550S162-54,50,12,25,L/360,216.0,
curtainwall_single,550S162-54,50,12,25,L/600,182.0,
curtainwall_single,550S162-54,50,12,30,L/240,232.0,
curtainwall_single,550S162-54,50,12,30,L/360,203.0,
curtainwall_single,550S162-54,50,12,30,L/600,171.0,
curtainwall_single,550S162-54,50,12,35,L/240,221.0,
curtainwall_single,550S162-54,50,12,35,L/360,193.0,
curtainwall_single,550S162-54,50,12,35,L/600,163.0,
curtainwall_single,550S162-54,50,12,40,L/240,211.0,
curtainwall_single,550S162-54,50,12,40,L/360,184.0,
curtainwall_single,550S162-54,50,12,40,L/600,156.0,
curtainwall_single,550S162-54,50,16,5,L/120,429.0,
curtainwall_single,550S162-54,50,16,5,L/240,341.0,
curtainwall_single,550S162-54,50,16,5,L/360,298.0,
curtainwall_single,550S162-54,50,16,15,L/240,266.0,
curtainwall_single,550S162-54,50,16,15,L/360,232.0,
curtainwall_single,550S162-54,50,16,15,L/600,196.0,
curtainwall_single,550S162-54,50,16,20,L/240,242.0,
curtainwall_single,550S162-54,50,16,20,L/360,211.0,
curtainwall_single,550S162-54,50,16,20,L/600,178.0,
curtainwall_single,550S162-54,50,16,25,L/240,224.0,
curtainwall_single,550S162-54,50,16,25,L/360,196.0,
curtainwall_single,550S162-54,50,16,25,L/600,165.0,
curtainwall_single,550S162-54,50,16,30,L/240,211.0,
curtainwall_single,550S162-54,50,16,30,L/360,184.0,
curtainwall_single,550S162-54,50,16,30,L/600,156.0,
curtainwall_single,550S162-54,50,16,35,L/240,201.0,
curtainwall_single,550S162-54,50,16,35,L/360,175.0,
curtainwall_single,550S162-54,50,16,35,L/600,148.0,
curtainwall_single,550S162-54,50,16,40,L/240,192.0,
curtainwall_single,550S162-54,50,16,40,L/360,168.0,
curtainwall_single,550S162-54,50,16,40,L/600,141.0,
curtainwall_single,550S162-54,50,24,5,L/120,375.0,
curtainwall_single,550S162-54,50,24,5,L/240,298.0,
curtainwall_single,550S162-54,50,24,5,L/360,260.0,
curtainwall_single,550S162-54,50,24,15,L/240,232.0,
curtainwall_single,550S162-54,50,24,15,L/360,203.0,
curtainwall_single,550S162-54,50,24,15,L/600,171.0,
curtainwall_single,550S162-54,50,24,20,L/240,211.0,
curtainwall_single,550S162-54,50,24,20,L/360,184.0,
curtainwall_single,550S162-54,50,24,20,L/600,156.0,
curtainwall_single,550S162-54,50,24,25,L/240,196.0,
curtainwall_single,550S162-54,50,24,25,L/360,171.0,
curtainwall_single,550S162-54,50,24,25,L/600,144.0,
curtainwall_single,550S162-54,50,24,30,L/240,184.0,
curtainwall_single,550S162-54,50,24,30,L/360,161.0,
curtainwall_single,550S162-54,50,24,30,L/600,136.0,
curtainwall_single,550S162-54,50,24,35,L/240,175.0,
curtainwall_single,550S162-54,50,24,35,L/360,153.0,
curtainwall_single,550S162-54,50,24,35,L/600,129.0,
curtainwall_single,550S162-54,50,24,40,L/240,168.0,
curtainwall_single,550S162-54,50,24,40,L/360,146.0,
curtainwall_single,550S162-54,50,24,40,L/600,123.0,
curtainwall_single,550S162-68,50,12,5,L/120,506.0,
curtainwall_single,550S162-68,50,12,5,L/240,402.0,
curtainwall_single,550S162-68,50,12,5,L/360,351.0,
curtainwall_single,550S162-68,50,12,15,L/240,314.0,
curtainwall_single,550S162-68,50,12,15,L/360,274.0,
curtainwall_single,550S162-68,50,12,15,L/600,231.0,
curtainwall_single,550S162-68,50,12,20,L/240,285.0,
curtainwall_single,550S162-68,50,12,20,L/360,249.0,
curtainwall_single,550S162-68,50,12,20,L/600,210.0,
curtainwall_single,550S162-68,50,12,25,L/240,265.0,
curtainwall_single,550S162-68,50,12,25,L/360,231.0,
curtainwall_single,550S162-68,50,12,25,L/600,195.0,
curtainwall_single,550S162-68,50,12,30,L/240,249.0,
curtainwall_single,550S162-68,50,12,30,L/360,218.0,
curtainwall_single,550S162-68,50,12,30,L/600,183.0,
curtainwall_single,550S162-68,50,12,35,L/240,237.0,
curtainwall_single,550S162-68,50,12,35,L/360,207.0,
curtainwall_single,550S162-68,50,12,35,L/600,174.0,
curtainwall_single,550S162-68,50,12,40,L/240,226.0,
curtainwall_single,550S162-68,50,12,40,L/360,198.0,
curtainwall_single,550S162-68,50,12,40,L/600,167.0,
curtainwall_single,550S162-68,50,16,5,L/120,460.0,
curtainwall_single,550S162-68,50,16,5,L/240,365.0,
curtainwall_single,550S162-68,50,16,5,L/360,319.0,
curtainwall_single,550S162-68,50,16,15,L/240,285.0,
curtainwall_single,550S162-68,50,16,15,L/360,249.0,
curtainwall_single,550S162-68,50,16,15,L/600,210.0,
curtainwall_single,550S162-68,50,16,20,L/240,259.0,
curtainwall_single,550S162-68,50,16,20,L/360,226.0,
curtainwall_single,550S162-68,50,16,20,L/600,191.0,
curtainwall_single,550S162-68,50,16,25,L/240,240.0,
curtainwall_single,550S162-68,50,16,25,L/360,210.0,
curtainwall_single,550S162-68,50,16,25,L/600,177.0,
curtainwall_single,550S162-68,50,16,30,L/240,226.0,
curtainwall_single,550S162-68,50,16,30,L/360,198.0,
curtainwall_single,550S162-68,50,16,30,L/600,167.0,
curtainwall_single,550S162-68,50,16,35,L/240,215.0,
curtainwall_single,550S162-68,50,16,35,L/360,188.0,
curtainwall_single,550S162-68,50,16,35,L/600,158.0,
curtainwall_single,550S162-68,50,16,40,L/240,206.0,
curtainwall_single,550S162-68,50,16,40,L/360,180.0,
curtainwall_single,550S162-68,50,16,40,L/600,151.0,
curtainwall_single,550S162-68,50,24,5,L/120,402.0,
curtainwall_single,550S162-68,50,24,5,L/240,319.0,
curtainwall_single,550S162-68,50,24,5,L/360,279.0,
curtainwall_single,550S162-68,50,24,15,L/240,249.0,
curtainwall_single,550S162-68,50,24,15,L/360,218.0,
curtainwall_single,550S162-68,50,24,15,L/600,183.0,
curtainwall_single,550S162-68,50,24,20,L/240,226.0,
curtainwall_single,550S162-68,50,24,20,L/360,198.0,
curtainwall_single,550S162-68,50,24,20,L/600,167.0,
curtainwall_single,550S162-68,50,24,25,L/240,210.0,
curtainwall_single,550S162-68,50,24,25,L/360,183.0,
curtainwall_single,550S162-68,50,24,25,L/600,155.0,
curtainwall_single,550S162-68,50,24,30,L/240,198.0,
curtainwall_single,550S162-68,50,24,30,L/360,173.0,
curtainwall_single,550S162-68,50,24,30,L/600,146.0,
curtainwall_single,550S162-68,50,24,35,L/240,188.0,
curtainwall_single,550S162-68,50,24,35,L/360,164.0,
curtainwall_single,550S162-68,50,24,35,L/600,138.0,
curtainwall_single,550S162-68,50,24,40,L/240,180.0,
curtainwall_single,550S162-68,50,24,40,L/360,157.0,
curtainwall_single,550S162-68,50,24,40,L/600,132.0,
curtainwall_single,550S162-97,50,12,5,L/120,561.0,
curtainwall_single,550S162-97,50,12,5,L/240,445.0,
curtainwall_single,550S162-97,50,12,5,L/360,389.0,
curtainwall_single,550S162-97,50,12,15,L/240,347.0,
curtainwall_single,550S162-97,50,12,15,L/360,304.0,
curtainwall_single,550S162-97,50,12,15,L/600,256.0,
curtainwall_single,550S162-97,50,12,20,L/240,316.0,
curtainwall_single,550S162-97,50,12,20,L/360,276.0,
curtainwall_single,550S162-97,50,12,20,L/600,233.0,
curtainwall_single,550S162-97,50,12,25,L/240,293.0,
curtainwall_single,550S162-97,50,12,25,L/360,256.0,
curtainwall_single,550S162-97,50,12,25,L/600,216.0,
curtainwall_single,550S162-97,50,12,30,L/240,276.0,
curtainwall_single,550S162-97,50,12,30,L/360,241.0,
curtainwall_single,550S162-97,50,12,30,L/600,203.0,
curtainwall_single,550S162-97,50,12,35,L/240,262.0,
curtainwall_single,550S162-97,50,12,35,L/360,229.0,
curtainwall_single,550S162-97,50,12,35,L/600,193.0,
curtainwall_single,550S162-97,50,12,40,L/240,251.0,
curtainwall_single,550S162-97,50,12,40,L/360,219.0,
curtainwall_single,550S162-97,50,12,40,L/600,185.0,
curtainwall_single,550S162-97,50,16,5,L/120,509.0,
curtainwall_single,550S162-97,50,16,5,L/240,404.0,
curtainwall_single,550S162-97,50,16,5,L/360,353.0,
curtainwall_single,550S162-97,50,16,15,L/240,316.0,
curtainwall_single,550S162-97,50,16,15,L/360,276.0,
curtainwall_single,550S162-97,50,16,15,L/600,233.0,
curtainwall_single,550S162-97,50,16,20,L/240,287.0,
curtainwall_single,550S162-97,50,16,20,L/360,251.0,
curtainwall_single,550S162-97,50,16,20,L/600,211.0,
curtainwall_single,550S162-97,50,16,25,L/240,266.0,
curtainwall_single,550S162-97,50,16,25,L/360,233.0,
curtainwall_single,550S162-97,50,16,25,L/600,196.0,
curtainwall_single,550S162-97,50,16,30,L/240,251.0,
curtainwall_single,550S162-97,50,16,30,L/360,219.0,
curtainwall_single,550S162-97,50,16,30,L/600,185.0,
curtainwall_single,550S162-97,50,16,35,L/240,238.0,
curtainwall_single,550S162-97,50,16,35,L/360,208.0,
curtainwall_single,550S162-97,50,16,35,L/600,175.0,
curtainwall_single,550S162-97,50,16,40,L/240,228.0,
curtainwall_single,550S162-97,50,16,40,L/360,199.0,
curtainwall_single,550S162-97,50,16,40,L/600,168.0,
curtainwall_single,550S162-97,50,24,5,L/120,445.0,
curtainwall_single,550S162-97,50,24,5,L/240,353.0,
curtainwall_single,550S162-97,50,24,5,L/360,309.0,
curtainwall_single,550S162-97,50,24,15,L/240,276.0,
curtainwall_single,550S162-97,50,24,15,L/360,241.0,
curtainwall_single,550S162-97,50,24,15,L/600,203.0,
curtainwall_single,550S162-97,50,24,20,L/240,251.0,
curtainwall_single,550S162-97,50,24,20,L/360,219.0,
curtainwall_single,550S162-97,50,24,20,L/600,185.0,
curtainwall_single,550S162-97,50,24,25,L/240,233.0,
curtainwall_single,550S162-97,50,24,25,L/360,203.0,
curtainwall_single,550S162-97,50,24,25,L/600,171.0,
curtainwall_single,550S162-97,50,24,30,L/240,219.0,
curtainwall_single,550S162-97,50,24,30,L/360,191.0,
curtainwall_single,550S162-97,50,24,30,L/600,161.0,
curtainwall_single,550S162-97,50,24,35,L/240,208.0,
curtainwall_single,550S162-97,50,24,35,L/360,182.0,
curtainwall_single,550S162-97,50,24,35,L/600,153.0,
curtainwall_single,550S162-97,50,24,40,L/240,199.0,
curtainwall_single,550S162-97,50,24,40,L/360,174.0,
curtainwall_single,550S162-97,50,24,40,L/600,147.0,
curtainwall_single,550S200-33,33,12,5,L/120,424.0,
curtainwall_single,550S200-33,33,12,5,L/240,336.0,
curtainwall_single,550S200-33,33,12,5,L/360,294.0,
curtainwall_single,550S200-33,33,12,15,L/240,263.0,e
curtainwall_single,550S200-33,33,12,15,L/360,229.0,e
curtainwall_single,550S200-33,33,12,15,L/600,194.0,e
curtainwall_single,550S200-33,33,12,20,L/240,229.0,e
curtainwall_single,550S200-33,33,12,20,L/360,208.0,e
curtainwall_single,550S200-33,33,12,20,L/600,176.0,e
curtainwall_single,550S200-33,33,12,25,L/240,205.0,e
curtainwall_single,550S200-33,33,12,25,L/360,194.0,e
curtainwall_single,550S200-33,33,12,25,L/600,163.0,e
curtainwall_single,550S200-33,33,12,30,L/240,187.0,e
curtainwall_single,550S200-33,33,12,30,L/360,182.0,e
curtainwall_single,550S200-33,33,12,30,L/600,154.0,e
curtainwall_single,550S200-33,33,12,35,L/240,173.0,e
curtainwall_single,550S200-33,33,12,35,L/360,173.0,e
curtainwall_single,550S200-33,33,12,35,L/600,146.0,e
curtainwall_single,550S200-33,33,12,40,L/240,162.0,e
curtainwall_single,550S200-33,33,12,40,L/360,162.0,e
curtainwall_single,550S200-33,33,12,40,L/600,140.0,e
curtainwall_single,550S200-33,33,16,5,L/120,385.0,e
curtainwall_single,550S200-33,33,16,5,L/240,306.0,
curtainwall_single,550S200-33,33,16,5,L/360,267.0,
curtainwall_single,550S200-33,33,16,15,L/240,229.0,e
curtainwall_single,550S200-33,33,16,15,L/360,208.0,e
curtainwall_single,550S200-33,33,16,15,L/600,176.0,e
curtainwall_single,550S200-33,33,16,20,L/240,198.0,e
curtainwall_single,550S200-33,33,16,20,L/360,189.0,e
curtainwall_single,550S200-33,33,16,20,L/600,160.0,e
curtainwall_single,550S200-33,33,16,25,L/240,177.0,e
curtainwall_single,550S200-33,33,16,25,L/360,176.0,e
curtainwall_single,550S200-33,33,16,25,L/600,148.0,e
curtainwall_single,550S200-33,33,16,30,L/240,162.0,e
curtainwall_single,550S200-33,33,16,30,L/360,162.0,e
curtainwall_single,550S200-33,33,16,30,L/600,140.0,e
curtainwall_single,550S200-33,33,16,35,L/240,150.0,e
curtainwall_single,550S200-33,33,16,35,L/360,150.0,e
curtainwall_single,550S200-33,33,16,35,L/600,133.0,e
curtainwall_single,550S200-33,33,16,40,L/240,140.0,e
curtainwall_single,550S200-33,33,16,40,L/360,140.0,e
curtainwall_single,550S200-33,33,16,40,L/600,127.0,e
curtainwall_single,550S200-33,33,24,5,L/120,324.0,e
curtainwall_single,550S200-33,33,24,5,L/240,267.0,e
curtainwall_single,550S200-33,33,24,5,L/360,233.0,
curtainwall_single,550S200-33,33,24,15,L/240,187.0,e
curtainwall_single,550S200-33,33,24,15,L/360,182.0,e
curtainwall_single,550S200-33,33,24,15,L/600,154.0,e
curtainwall_single,550S200-33,33,24,20,L/240,162.0,e
curtainwall_single,550S200-33,33,24,20,L/360,162.0,e
curtainwall_single,550S200-33,33,24,20,L/600,140.0,e
curtainwall_single,550S200-33,33,24,25,L/240,145.0,e
curtainwall_single,550S200-33,33,24,25,L/360,145.0,e
curtainwall_single,550S200-33,33,24,25,L/600,130.0,e
curtainwall_single,550S200-33,33,24,30,L/240,132.0,e
curtainwall_single,550S200-33,33,24,30,L/360,132.0,e
curtainwall_single,550S200-33,33,24,30,L/600,122.0,e
curtainwall_single,550S200-33,33,24,35,L/240,122.0,e
curtainwall_single,550S200-33,33,24,35,L/360,122.0,e
curtainwall_single,550S200-33,33,24,35,L/600,116.0,e
curtainwall_single,550S200-33,33,24,40,L/240,114.0,e
curtainwall_single,550S200-33,33,24,40,L/360,114.0,e
curtainwall_single,550S200-33,33,24,40,L/600,111.0,e
curtainwall_single,550S200-43,33,12,5,L/120,463.0,
curtainwall_single,550S200-43,33,12,5,L/240,367.0,
curtainwall_single,550S200-43,33,12,5,L/360,321.0,
curtainwall_single,550S200-43,33,12,15,L/240,287.0,
curtainwall_single,550S200-43,33,12,15,L/360,251.0,
curtainwall_single,550S200-43,33,12,15,L/600,211.0,
curtainwall_single,550S200-43,33,12,20,L/240,261.0,
curtainwall_single,550S200-43,33,12,20,L/360,228.0,
curtainwall_single,550S200-43,33,12,20,L/600,192.0,
curtainwall_single,550S200-43,33,12,25,L/240,242.0,e
curtainwall_single,550S200-43,33,12,25,L/360,211.0,
curtainwall_single,550S200-43,33,12,25,L/600,178.0,
curtainwall_single,550S200-43,33,12,30,L/240,221.0,e
curtainwall_single,550S200-43,33,12,30,L/360,199.0,e
curtainwall_single,550S200-43,33,12,30,L/600,168.0,
curtainwall_single,550S200-43,33,12,35,L/240,204.0,e
curtainwall_single,550S200-43,33,12,35,L/360,189.0,e
curtainwall_single,550S200-43,33,12,35,L/600,159.0,e
curtainwall_single,550S200-43,33,12,40,L/240,191.0,e
curtainwall_single,550S200-43,33,12,40,L/360,181.0,e
curtainwall_single,550S200-43,33,12,40,L/600,152.0,e
curtainwall_single,550S200-43,33,16,5,L/120,421.0,
curtainwall_single,550S200-43,33,16,5,L/240,334.0,
curtainwall_single,550S200-43,33,16,5,L/360,292.0,
curtainwall_single,550S200-43,33,16,15,L/240,261.0,
curtainwall_single,550S200-43,33,16,15,L/360,228.0,
curtainwall_single,550S200-43,33,16,15,L/600,192.0,
curtainwall_single,550S200-43,33,16,20,L/240,234.0,e
curtainwall_single,550S200-43,33,16,20,L/360,207.0,e
curtainwall_single,550S200-43,33,16,20,L/600,174.0,
curtainwall_single,550S200-43,33,16,25,L/240,210.0,e
curtainwall_single,550S200-43,33,16,25,L/360,192.0,e
curtainwall_single,550S200-43,33,16,25,L/600,162.0,e
curtainwall_single,550S200-43,33,16,30,L/240,191.0,e
curtainwall_single,550S200-43,33,16,30,L/360,181.0,e
curtainwall_single,550S200-43,33,16,30,L/600,152.0,e
curtainwall_single,550S200-43,33,16,35,L/240,177.0,e
curtainwall_single,550S200-43,33,16,35,L/360,172.0,e
curtainwall_single,550S200-43,33,16,35,L/600,145.0,e
curtainwall_single,550S200-43,33,16,40,L/240,166.0,e
curtainwall_single,550S200-43,33,16,40,L/360,164.0,e
curtainwall_single,550S200-43,33,16,40,L/600,138.0,e
curtainwall_single,550S200-43,33,24,5,L/120,367.0,
curtainwall_single,550S200-43,33,24,5,L/240,292.0,
curtainwall_single,550S200-43,33,24,5,L/360,255.0,
curtainwall_single,550S200-43,33,24,15,L/240,221.0,e
curtainwall_single,550S200-43,33,24,15,L/360,199.0,e
curtainwall_single,550S200-43,33,24,15,L/600,168.0,
curtainwall_single,550S200-43,33,24,20,L/240,191.0,e
curtainwall_single,550S200-43,33,24,20,L/360,181.0,e
curtainwall_single,550S200-43,33,24,20,L/600,152.0,e
curtainwall_single,550S200-43,33,24,25,L/240,171.0,e
curtainwall_single,550S200-43,33,24,25,L/360,168.0,e
curtainwall_single,550S200-43,33,24,25,L/600,142.0,e
curtainwall_single,550S200-43,33,24,30,L/240,156.0,e
curtainwall_single,550S200-43,33,24,30,L/360,156.0,e
curtainwall_single,550S200-43,33,24,30,L/600,133.0,e
curtainwall_single,550S200-43,33,24,35,L/240,145.0,e
curtainwall_single,550S200-43,33,24,35,L/360,145.0,e
curtainwall_single,550S200-43,33,24,35,L/600,126.0,e
curtainwall_single,550S200-43,33,24,40,L/240,135.0,e
curtainwall_single,550S200-43,33,24,40,L/360,135.0,e
curtainwall_single,550S200-43,33,24,40,L/600,121.0,e
curtainwall_single,550S200-54,33,12,5,L/120,497.0,
curtainwall_single,550S200-54,33,12,5,L/240,394.0,
curtainwall_single,550S200-54,33,12,5,L/360,344.0,
curtainwall_single,550S200-54,33,12,15,L/240,308.0,
curtainwall_single,550S200-54,33,12,15,L/360,269.0,
curtainwall_single,550S200-54,33,12,15,L/600,227.0,
curtainwall_single,550S200-54,33,12,20,L/240,280.0,
curtainwall_single,550S200-54,33,12,20,L/360,244.0,
curtainwall_single,550S200-54,33,12,20,L/600,206.0,
curtainwall_single,550S200-54,33,12,25,L/240,260.0,
curtainwall_single,550S200-54,33,12,25,L/360,227.0,
curtainwall_single,550S200-54,33,12,25,L/600,191.0,
curtainwall_single,550S200-54,33,12,30,L/240,244.0,
curtainwall_single,550S200-54,33,12,30,L/360,214.0,
curtainwall_single,550S200-54,33,12,30,L/600,180.0,
curtainwall_single,550S200-54,33,12,35,L/240,232.0,
curtainwall_single,550S200-54,33,12,35,L/360,203.0,
curtainwall_single,550S200-54,33,12,35,L/600,171.0,
curtainwall_single,550S200-54,33,12,40,L/240,222.0,
curtainwall_single,550S200-54,33,12,40,L/360,194.0,
curtainwall_single,550S200-54,33,12,40,L/600,164.0,
curtainwall_single,550S200-54,33,16,5,L/120,451.0,
curtainwall_single,550S200-54,33,16,5,L/240,358.0,
curtainwall_single,550S200-54,33,16,5,L/360,313.0,
curtainwall_single,550S200-54,33,16,15,L/240,280.0,
curtainwall_single,550S200-54,33,16,15,L/360,244.0,
curtainwall_single,550S200-54,33,16,15,L/600,206.0,
curtainwall_single,550S200-54,33,16,20,L/240,254.0,
curtainwall_single,550S200-54,33,16,20,L/360,222.0,
curtainwall_single,550S200-54,33,16,20,L/600,187.0,
curtainwall_single,550S200-54,33,16,25,L/240,236.0,
curtainwall_single,550S200-54,33,16,25,L/360,206.0,
curtainwall_single,550S200-54,33,16,25,L/600,174.0,
curtainwall_single,550S200-54,33,16,30,L/240,222.0,
curtainwall_single,550S200-54,33,16,30,L/360,194.0,
curtainwall_single,550S200-54,33,16,30,L/600,164.0,
curtainwall_single,550S200-54,33,16,35,L/240,209.0,e
curtainwall_single,550S200-54,33,16,35,L/360,184.0,
curtainwall_single,550S200-54,33,16,35,L/600,155.0,
curtainwall_single,550S200-54,33,16,40,L/240,196.0,e
curtainwall_single,550S200-54,33,16,40,L/360,176.0,e
curtainwall_single,550S200-54,33,16,40,L/600,149.0,
curtainwall_single,550S200-54,33,24,5,L/120,394.0,
curtainwall_single,550S200-54,33,24,5,L/240,313.0,
curtainwall_single,550S200-54,33,24,5,L/360,273.0,
curtainwall_single,550S200-54,33,24,15,L/240,244.0,
curtainwall_single,550S200-54,33,24,15,L/360,214.0,
curtainwall_single,550S200-54,33,24,15,L/600,180.0,
curtainwall_single,550S200-54,33,24,20,L/240,222.0,
curtainwall_single,550S200-54,33,24,20,L/360,194.0,
curtainwall_single,550S200-54,33,24,20,L/600,164.0,
curtainwall_single,550S200-54,33,24,25,L/240,202.0,e
curtainwall_single,550S200-54,33,24,25,L/360,180.0,
curtainwall_single,550S200-54,33,24,25,L/600,152.0,
curtainwall_single,550S200-54,33,24,30,L/240,185.0,e
curtainwall_single,550S200-54,33,24,30,L/360,169.0,e
curtainwall_single,550S200-54,33,24,30,L/600,143.0,
curtainwall_single,550S200-54,33,24,35,L/240,171.0,e
curtainwall_single,550S200-54,33,24,35,L/360,161.0,e
curtainwall_single,550S200-54,33,24,35,L/600,136.0,e
curtainwall_single,550S200-54,33,24,40,L/240,160.0,e
curtainwall_single,550S200-54,33,24,40,L/360,154.0,e
curtainwall_single,550S200-54,33,24,40,L/600,130.0,e
curtainwall_single,550S200-54,50,12,5,L/120,497.0,
curtainwall_single,550S200-54,50,12,5,L/240,394.0,
curtainwall_single,550S200-54,50,12,5,L/360,344.0,
curtainwall_single,550S200-54,50,12,15,L/240,308.0,
curtainwall_single,550S200-54,50,12,15,L/360,269.0,
curtainwall_single,550S200-54,50,12,15,L/600,227.0,
curtainwall_single,550S200-54,50,12,20,L/240,280.0,
curtainwall_single,550S200-54,50,12,20,L/360,244.0,
curtainwall_single,550S200-54,50,12,20,L/600,206.0,
curtainwall_single,550S200-54,50,12,25,L/240,260.0,
curtainwall_single,550S200-54,50,12,25,L/360,227.0,
curtainwall_single,550S200-54,50,12,25,L/600,191.0,
curtainwall_single,550S200-54,50,12,30,L/240,244.0,
curtainwall_single,550S200-54,50,12,30,L/360,214.0,
curtainwall_single,550S200-54,50,12,30,L/600,180.0,
curtainwall_single,550S200-54,50,12,35,L/240,232.0,
curtainwall_single,550S200-54,50,12,35,L/360,203.0,
curtainwall_single,550S200-54,50,12,35,L/600,171.0,
curtainwall_single,550S200-54,50,12,40,L/240,222.0,
curtainwall_single,550S200-54,50,12,40,L/360,194.0,
curtainwall_single,550S200-54,50,12,40,L/600,164.0,
curtainwall_single,550S200-54,50,16,5,L/120,451.0,
curtainwall_single,550S200-54,50,16,5,L/240,358.0,
curtainwall_single,550S200-54,50,16,5,L/360,313.0,
curtainwall_single,550S200-54,50,16,15,L/240,280.0,
curtainwall_single,550S200-54,50,16,15,L/360,244.0,
curtainwall_single,550S200-54,50,16,15,L/600,206.0,
curtainwall_single,550S200-54,50,16,20,L/240,254.0,
curtainwall_single,550S200-54,50,16,20,L/360,222.0,
curtainwall_single,550S200-54,50,16,20,L/600,187.0,
curtainwall_single,550S200-54,50,16,25,L/240,236.0,
curtainwall_single,550S200-54,50,16,25,L/360,206.0,
curtainwall_single,550S200-54,50,16,25,L/600,174.0,
curtainwall_single,550S200-54,50,16,30,L/240,222.0,
curtainwall_single,550S200-54,50,16,30,L/360,194.0,
curtainwall_single,550S200-54,50,16,30,L/600,164.0,
curtainwall_single,550S200-54,50,16,35,L/240,211.0,
curtainwall_single,550S200-54,50,16,35,L/360,184.0,
curtainwall_single,550S200-54,50,16,35,L/600,155.0,
curtainwall_single,550S200-54,50,16,40,L/240,202.0,
curtainwall_single,550S200-54,50,16,40,L/360,176.0,
curtainwall_single,550S200-54,50,16,40,L/600,149.0,
curtainwall_single,550S200-54,50,24,5,L/120,394.0,
curtainwall_single,550S200-54,50,24,5,L/240,313.0,
curtainwall_single,550S200-54,50,24,5,L/360,273.0,
curtainwall_single,550S200-54,50,24,15,L/240,244.0,
curtainwall_single,550S200-54,50,24,15,L/360,214.0,
curtainwall_single,550S200-54,50,24,15,L/600,180.0,
curtainwall_single,550S200-54,50,24,20,L/240,222.0,
curtainwall_single,550S200-54,50,24,20,L/360,194.0,
curtainwall_single,550S200-54,50,24,20,L/600,164.0,
curtainwall_single,550S200-54,50,24,25,L/240,206.0,
curtainwall_single,550S200-54,50,24,25,L/360,180.0,
curtainwall_single,550S200-54,50,24,25,L/600,152.0,
curtainwall_single,550S200-54,50,24,30,L/240,194.0,
curtainwall_single,550S200-54,50,24,30,L/360,169.0,
curtainwall_single,550S200-54,50,24,30,L/600,143.0,
curtainwall_single,550S200-54,50,24,35,L/240,184.0,
curtainwall_single,550S200-54,50,24,35,L/360,161.0,
curtainwall_single,550S200-54,50,24,35,L/600,136.0,
curtainwall_single,550S200-54,50,24,40,L/240,176.0,e
curtainwall_single,550S200-54,50,24,40,L/360,154.0,
curtainwall_single,550S200-54,50,24,40,L/600,130.0,
curtainwall_single,550S200-68,50,12,5,L/120,533.0,
curtainwall_single,550S200-68,50,12,5,L/240,423.0,
curtainwall_single,550S200-68,50,12,5,L/360,370.0,
curtainwall_single,550S200-68,50,12,15,L/240,330.0,
curtainwall_single,550S200-68,50,12,15,L/360,289.0,
curtainwall_single,550S200-68,50,12,15,L/600,243.0,
curtainwall_single,550S200-68,50,12,20,L/240,300.0,
curtainwall_single,550S200-68,50,12,20,L/360,262.0,
curtainwall_single,550S200-68,50,12,20,L/600,221.0,
curtainwall_single,550S200-68,50,12,25,L/240,279.0,
curtainwall_single,550S200-68,50,12,25,L/360,243.0,
curtainwall_single,550S200-68,50,12,25,L/600,205.0,
curtainwall_single,550S200-68,50,12,30,L/240,262.0,
curtainwall_single,550S200-68,50,12,30,L/360,229.0,
curtainwall_single,550S200-68,50,12,30,L/600,193.0,
curtainwall_single,550S200-68,50,12,35,L/240,249.0,
curtainwall_single,550S200-68,50,12,35,L/360,218.0,
curtainwall_single,550S200-68,50,12,35,L/600,184.0,
curtainwall_single,550S200-68,50,12,40,L/240,238.0,
curtainwall_single,550S200-68,50,12,40,L/360,208.0,
curtainwall_single,550S200-68,50,12,40,L/600,176.0,
curtainwall_single,550S200-68,50,16,5,L/120,484.0,
curtainwall_single,550S200-68,50,16,5,L/240,384.0,
curtainwall_single,550S200-68,50,16,5,L/360,336.0,
curtainwall_single,550S200-68,50,16,15,L/240,300.0,
curtainwall_single,550S200-68,50,16,15,L/360,262.0,
curtainwall_single,550S200-68,50,16,15,L/600,221.0,
curtainwall_single,550S200-68,50,16,20,L/240,273.0,
curtainwall_single,550S200-68,50,16,20,L/360,238.0,
curtainwall_single,550S200-68,50,16,20,L/600,201.0,
curtainwall_single,550S200-68,50,16,25,L/240,253.0,
curtainwall_single,550S200-68,50,16,25,L/360,221.0,
curtainwall_single,550S200-68,50,16,25,L/600,187.0,
curtainwall_single,550S200-68,50,16,30,L/240,238.0,
curtainwall_single,550S200-68,50,16,30,L/360,208.0,
curtainwall_single,550S200-68,50,16,30,L/600,176.0,
curtainwall_single,550S200-68,50,16,35,L/240,226.0,
curtainwall_single,550S200-68,50,16,35,L/360,198.0,
curtainwall_single,550S200-68,50,16,35,L/600,167.0,
curtainwall_single,550S200-68,50,16,40,L/240,216.0,
curtainwall_single,550S200-68,50,16,40,L/360,189.0,
curtainwall_single,550S200-68,50,16,40,L/600,159.0,
curtainwall_single,550S200-68,50,24,5,L/120,423.0,
curtainwall_single,550S200-68,50,24,5,L/240,336.0,
curtainwall_single,550S200-68,50,24,5,L/360,293.0,
curtainwall_single,550S200-68,50,24,15,L/240,262.0,
curtainwall_single,550S200-68,50,24,15,L/360,229.0,
curtainwall_single,550S200-68,50,24,15,L/600,193.0,
curtainwall_single,550S200-68,50,24,20,L/240,238.0,
curtainwall_single,550S200-68,50,24,20,L/360,208.0,
curtainwall_single,550S200-68,50,24,20,L/600,176.0,
curtainwall_single,550S200-68,50,24,25,L/240,221.0,
curtainwall_single,550S200-68,50,24,25,L/360,193.0,
curtainwall_single,550S200-68,50,24,25,L/600,163.0,
curtainwall_single,550S200-68,50,24,30,L/240,208.0,
curtainwall_single,550S200-68,50,24,30,L/360,182.0,
curtainwall_single,550S200-68,50,24,30,L/600,153.0,
curtainwall_single,550S200-68,50,24,35,L/240,198.0,
curtainwall_single,550S200-68,50,24,35,L/360,173.0,
curtainwall_single,550S200-68,50,24,35,L/600,146.0,
curtainwall_single,550S200-68,50,24,40,L/240,189.0,
curtainwall_single,550S200-68,50,24,40,L/360,165.0,
curtainwall_single,550S200-68,50,24,40,L/600,139.0,
curtainwall_single,550S200-97,50,12,5,L/120,591.0,
curtainwall_single,550S200-97,50,12,5,L/240,469.0,
curtainwall_single,550S200-97,50,12,5,L/360,410.0,
curtainwall_single,550S200-97,50,12,15,L/240,367.0,
curtainwall_single,550S200-97,50,12,15,L/360,320.0,
curtainwall_single,550S200-97,50,12,15,L/600,270.0,
curtainwall_single,550S200-97,50,12,20,L/240,333.0,
curtainwall_single,550S200-97,50,12,20,L/360,291.0,
curtainwall_single,550S200-97,50,12,20,L/600,245.0,
curtainwall_single,550S200-97,50,12,25,L/240,309.0,
curtainwall_single,550S200-97,50,12,25,L/360,270.0,
curtainwall_single,550S200-97,50,12,25,L/600,228.0,
curtainwall_single,550S200-97,50,12,30,L/240,291.0,
curtainwall_single,550S200-97,50,12,30,L/360,254.0,
curtainwall_single,550S200-97,50,12,30,L/600,214.0,
curtainwall_single,550S200-97,50,12,35,L/240,276.0,
curtainwall_single,550S200-97,50,12,35,L/360,241.0,
curtainwall_single,550S200-97,50,12,35,L/600,204.0,
curtainwall_single,550S200-97,50,12,40,L/240,264.0,
curtainwall_single,550S200-97,50,12,40,L/360,231.0,
curtainwall_single,550S200-97,50,12,40,L/600,195.0,
curtainwall_single,550S200-97,50,16,5,L/120,537.0,
curtainwall_single,550S200-97,50,16,5,L/240,427.0,
curtainwall_single,550S200-97,50,16,5,L/360,373.0,
curtainwall_single,550S200-97,50,16,15,L/240,333.0,
curtainwall_single,550S200-97,50,16,15,L/360,291.0,
curtainwall_single,550S200-97,50,16,15,L/600,245.0,
curtainwall_single,550S200-97,50,16,20,L/240,303.0,
curtainwall_single,550S200-97,50,16,20,L/360,264.0,
curtainwall_single,550S200-97,50,16,20,L/600,223.0,
curtainwall_single,550S200-97,50,16,25,L/240,281.0,
curtainwall_single,550S200-97,50,16,25,L/360,245.0,
curtainwall_single,550S200-97,50,16,25,L/600,207.0,
curtainwall_single,550S200-97,50,16,30,L/240,264.0,
curtainwall_single,550S200-97,50,16,30,L/360,231.0,
curtainwall_single,550S200-97,50,16,30,L/600,195.0,
curtainwall_single,550S200-97,50,16,35,L/240,251.0,
curtainwall_single,550S200-97,50,16,35,L/360,219.0,
curtainwall_single,550S200-97,50,16,35,L/600,185.0,
curtainwall_single,550S200-97,50,16,40,L/240,240.0,
curtainwall_single,550S200-97,50,16,40,L/360,210.0,
curtainwall_single,550S200-97,50,16,40,L/600,177.0,
curtainwall_single,550S200-97,50,24,5,L/120,469.0,
curtainwall_single,550S200-97,50,24,5,L/240,373.0,
curtainwall_single,550S200-97,50,24,5,L/360,325.0,
curtainwall_single,550S200-97,50,24,15,L/240,291.0,
curtainwall_single,550S200-97,50,24,15,L/360,254.0,
curtainwall_single,550S200-97,50,24,15,L/600,214.0,
curtainwall_single,550S200-97,50,24,20,L/240,264.0,
curtainwall_single,550S200-97,50,24,20,L/360,231.0,
curtainwall_single,550S200-97,50,24,20,L/600,195.0,
curtainwall_single,550S200-97,50,24,25,L/240,245.0,
curtainwall_single,550S200-97,50,24,25,L/360,214.0,
curtainwall_single,550S200-97,50,24,25,L/600,181.0,
curtainwall_single,550S200-97,50,24,30,L/240,231.0,
curtainwall_single,550S200-97,50,24,30,L/360,202.0,
curtainwall_single,550S200-97,50,24,30,L/600,170.0,
curtainwall_single,550S200-97,50,24,35,L/240,219.0,
curtainwall_single,550S200-97,50,24,35,L/360,192.0,
curtainwall_single,550S200-97,50,24,35,L/600,162.0,
curtainwall_single,550S200-97,50,24,40,L/240,210.0,
curtainwall_single,550S200-97,50,24,40,L/360,183.0,
curtainwall_single,550S200-97,50,24,40,L/600,155.0,
curtainwall_single,600S137-33,33,12,5,L/120,409.0,
curtainwall_single,600S137-33,33,12,5,L/240,328.0,
curtainwall_single,600S137-33,33,12,5,L/360,286.0,
curtainwall_single,600S137-33,33,12,15,L/240,236.0,e
curtainwall_single,600S137-33,33,12,15,L/360,223.0,e
curtainwall_single,600S137-33,33,12,15,L/600,188.0,e
curtainwall_single,600S137-33,33,12,20,L/240,205.0,e
curtainwall_single,600S137-33,33,12,20,L/360,203.0,e
curtainwall_single,600S137-33,33,12,20,L/600,171.0,e
curtainwall_single,600S137-33,33,12,25,L/240,183.0,e
curtainwall_single,600S137-33,33,12,25,L/360,183.0,e
curtainwall_single,600S137-33,33,12,25,L/600,159.0,e
curtainwall_single,600S137-33,33,12,30,L/240,167.0,e
curtainwall_single,600S137-33,33,12,30,L/360,167.0,e
curtainwall_single,600S137-33,33,12,30,L/600,150.0,e
curtainwall_single,600S137-33,33,12,35,L/240,155.0,e
curtainwall_single,600S137-33,33,12,35,L/360,155.0,e
curtainwall_single,600S137-33,33,12,35,L/600,142.0,e
curtainwall_single,600S137-33,33,12,40,L/240,145.0,e
curtainwall_single,600S137-33,33,12,40,L/360,145.0,e
curtainwall_single,600S137-33,33,12,40,L/600,136.0,e
curtainwall_single,600S137-33,33,16,5,L/120,354.0,
curtainwall_single,600S137-33,33,16,5,L/240,298.0,
curtainwall_single,600S137-33,33,16,5,L/360,260.0,
curtainwall_single,600S137-33,33,16,15,L/240,205.0,e
curtainwall_single,600S137-33,33,16,15,L/360,203.0,e
curtainwall_single,600S137-33,33,16,15,L/600,171.0,e
curtainwall_single,600S137-33,33,16,20,L/240,177.0,e
curtainwall_single,600S137-33,33,16,20,L/360,177.0,e
curtainwall_single,600S137-33,33,16,20,L/600,156.0,e
curtainwall_single,600S137-33,33,16,25,L/240,159.0,e
curtainwall_single,600S137-33,33,16,25,L/360,159.0,e
curtainwall_single,600S137-33,33,16,25,L/600,144.0,e
curtainwall_single,600S137-33,33,16,30,L/240,145.0,e
curtainwall_single,600S137-33,33,16,30,L/360,145.0,e
curtainwall_single,600S137-33,33,16,30,L/600,136.0,e
curtainwall_single,600S137-33,33,16,35,L/240,134.0,e
curtainwall_single,600S137-33,33,16,35,L/360,134.0,e
curtainwall_single,600S137-33,33,16,35,L/600,129.0,e
curtainwall_single,600S137-33,33,16,40,L/240,125.0,e
curtainwall_single,600S137-33,33,16,40,L/360,125.0,e
curtainwall_single,600S137-33,33,16,40,L/600,123.0,e
curtainwall_single,600S137-33,33,24,5,L/120,289.0,e
curtainwall_single,600S137-33,33,24,5,L/240,260.0,e
curtainwall_single,600S137-33,33,24,5,L/360,227.0,
curtainwall_single,600S137-33,33,24,15,L/240,167.0,e
curtainwall_single,600S137-33,33,24,15,L/360,167.0,e
curtainwall_single,600S137-33,33,24,15,L/600,150.0,e
curtainwall_single,600S137-33,33,24,20,L/240,145.0,e
curtainwall_single,600S137-33,33,24,20,L/360,145.0,e
curtainwall_single,600S137-33,33,24,20,L/600,136.0,e
curtainwall_single,600S137-33,33,24,25,L/240,129.0,e
curtainwall_single,600S137-33,33,24,25,L/360,129.0,e
curtainwall_single,600S137-33,33,24,25,L/600,126.0,e
curtainwall_single,600S137-33,33,24,30,L/240,118.0,e
curtainwall_single,600S137-33,33,24,30,L/360,118.0,e
curtainwall_single,600S137-33,33,24,30,L/600,118.0,e
curtainwall_single,600S137-33,33,24,35,L/240,109.0,e
curtainwall_single,600S137-33,33,24,35,L/360,109.0,e
curtainwall_single,600S137-33,33,24,35,L/600,109.0,e
curtainwall_single,600S137-33,33,24,40,L/240,102.0,e
curtainwall_single,600S137-33,33,24,40,L/360,102.0,e
curtainwall_single,600S137-33,33,24,40,L/600,102.0,e
curtainwall_single,600S137-43,33,12,5,L/120,452.0,
curtainwall_single,600S137-43,33,12,5,L/240,359.0,
curtainwall_single,600S137-43,33,12,5,L/360,314.0,
curtainwall_single,600S137-43,33,12,15,L/240,280.0,
curtainwall_single,600S137-43,33,12,15,L/360,245.0,
curtainwall_single,600S137-43,33,12,15,L/600,207.0,
curtainwall_single,600S137-43,33,12,20,L/240,246.0,
curtainwall_single,600S137-43,33,12,20,L/360,222.0,
curtainwall_single,600S137-43,33,12,20,L/600,188.0,
curtainwall_single,600S137-43,33,12,25,L/240,220.0,e
curtainwall_single,600S137-43,33,12,25,L/360,207.0,e
curtainwall_single,600S137-43,33,12,25,L/600,174.0,
curtainwall_single,600S137-43,33,12,30,L/240,200.0,e
curtainwall_single,600S137-43,33,12,30,L/360,194.0,e
curtainwall_single,600S137-43,33,12,30,L/600,164.0,
curtainwall_single,600S137-43,33,12,35,L/240,186.0,e
curtainwall_single,600S137-43,33,12,35,L/360,185.0,e
curtainwall_single,600S137-43,33,12,35,L/600,156.0,e
curtainwall_single,600S137-43,33,12,40,L/240,174.0,e
curtainwall_single,600S137-43,33,12,40,L/360,174.0,e
curtainwall_single,600S137-43,33,12,40,L/600,149.0,e
curtainwall_single,600S137-43,33,16,5,L/120,411.0,
curtainwall_single,600S137-43,33,16,5,L/240,326.0,
curtainwall_single,600S137-43,33,16,5,L/360,285.0,
curtainwall_single,600S137-43,33,16,15,L/240,246.0,
curtainwall_single,600S137-43,33,16,15,L/360,222.0,
curtainwall_single,600S137-43,33,16,15,L/600,188.0,
curtainwall_single,600S137-43,33,16,20,L/240,213.0,e
curtainwall_single,600S137-43,33,16,20,L/360,202.0,e
curtainwall_single,600S137-43,33,16,20,L/600,171.0,
curtainwall_single,600S137-43,33,16,25,L/240,190.0,e
curtainwall_single,600S137-43,33,16,25,L/360,188.0,e
curtainwall_single,600S137-43,33,16,25,L/600,158.0,e
curtainwall_single,600S137-43,33,16,30,L/240,174.0,e
curtainwall_single,600S137-43,33,16,30,L/360,174.0,e
curtainwall_single,600S137-43,33,16,30,L/600,149.0,e
curtainwall_single,600S137-43,33,16,35,L/240,161.0,e
curtainwall_single,600S137-43,33,16,35,L/360,161.0,e
curtainwall_single,600S137-43,33,16,35,L/600,141.0,e
curtainwall_single,600S137-43,33,16,40,L/240,150.0,e
curtainwall_single,600S137-43,33,16,40,L/360,150.0,e
curtainwall_single,600S137-43,33,16,40,L/600,135.0,e
curtainwall_single,600S137-43,33,24,5,L/120,347.0,
curtainwall_single,600S137-43,33,24,5,L/240,285.0,
curtainwall_single,600S137-43,33,24,5,L/360,249.0,
curtainwall_single,600S137-43,33,24,15,L/240,200.0,e
curtainwall_single,600S137-43,33,24,15,L/360,194.0,e
curtainwall_single,600S137-43,33,24,15,L/600,164.0,
curtainwall_single,600S137-43,33,24,20,L/240,174.0,e
curtainwall_single,600S137-43,33,24,20,L/360,174.0,e
curtainwall_single,600S137-43,33,24,20,L/600,149.0,e
curtainwall_single,600S137-43,33,24,25,L/240,155.0,e
curtainwall_single,600S137-43,33,24,25,L/360,155.0,e
curtainwall_single,600S137-43,33,24,25,L/600,138.0,e
curtainwall_single,600S137-43,33,24,30,L/240,142.0,e
curtainwall_single,600S137-43,33,24,30,L/360,142.0,e
curtainwall_single,600S137-43,33,24,30,L/600,130.0,e
curtainwall_single,600S137-43,33,24,35,L/240,131.0,e
curtainwall_single,600S137-43,33,24,35,L/360,131.0,e
curtainwall_single,600S137-43,33,24,35,L/600,124.0,e
curtainwall_single,600S137-43,33,24,40,L/240,123.0,e
curtainwall_single,600S137-43,33,24,40,L/360,123.0,e
curtainwall_single,600S137-43,33,24,40,L/600,118.0,e
curtainwall_single,600S137-54,33,12,5,L/120,485.0,
curtainwall_single,600S137-54,33,12,5,L/240,385.0,
curtainwall_single,600S137-54,33,12,5,L/360,336.0,
curtainwall_single,600S137-54,33,12,15,L/240,301.0,
curtainwall_single,600S137-54,33,12,15,L/360,263.0,
curtainwall_single,600S137-54,33,12,15,L/600,221.0,
curtainwall_single,600S137-54,33,12,20,L/240,273.0,
curtainwall_single,600S137-54,33,12,20,L/360,239.0,
curtainwall_single,600S137-54,33,12,20,L/600,201.0,
curtainwall_single,600S137-54,33,12,25,L/240,250.0,
curtainwall_single,600S137-54,33,12,25,L/360,221.0,
curtainwall_single,600S137-54,33,12,25,L/600,187.0,
curtainwall_single,600S137-54,33,12,30,L/240,229.0,
curtainwall_single,600S137-54,33,12,30,L/360,208.0,
curtainwall_single,600S137-54,33,12,30,L/600,176.0,
curtainwall_single,600S137-54,33,12,35,L/240,212.0,
curtainwall_single,600S137-54,33,12,35,L/360,198.0,
curtainwall_single,600S137-54,33,12,35,L/600,167.0,
curtainwall_single,600S137-54,33,12,40,L/240,198.0,
curtainwall_single,600S137-54,33,12,40,L/360,189.0,
curtainwall_single,600S137-54,33,12,40,L/600,160.0,
curtainwall_single,600S137-54,33,16,5,L/120,441.0,
curtainwall_single,600S137-54,33,16,5,L/240,350.0,
curtainwall_single,600S137-54,33,16,5,L/360,306.0,
curtainwall_single,600S137-54,33,16,15,L/240,273.0,
curtainwall_single,600S137-54,33,16,15,L/360,239.0,
curtainwall_single,600S137-54,33,16,15,L/600,201.0,
curtainwall_single,600S137-54,33,16,20,L/240,242.0,
curtainwall_single,600S137-54,33,16,20,L/360,217.0,
curtainwall_single,600S137-54,33,16,20,L/600,183.0,
curtainwall_single,600S137-54,33,16,25,L/240,217.0,
curtainwall_single,600S137-54,33,16,25,L/360,201.0,
curtainwall_single,600S137-54,33,16,25,L/600,170.0,
curtainwall_single,600S137-54,33,16,30,L/240,198.0,
curtainwall_single,600S137-54,33,16,30,L/360,189.0,
curtainwall_single,600S137-54,33,16,30,L/600,160.0,
curtainwall_single,600S137-54,33,16,35,L/240,183.0,
curtainwall_single,600S137-54,33,16,35,L/360,180.0,
curtainwall_single,600S137-54,33,16,35,L/600,152.0,
curtainwall_single,600S137-54,33,16,40,L/240,171.0,e
curtainwall_single,600S137-54,33,16,40,L/360,171.0,e
curtainwall_single,600S137-54,33,16,40,L/600,145.0,
curtainwall_single,600S137-54,33,24,5,L/120,385.0,
curtainwall_single,600S137-54,33,24,5,L/240,306.0,
curtainwall_single,600S137-54,33,24,5,L/360,267.0,
curtainwall_single,600S137-54,33,24,15,L/240,229.0,
curtainwall_single,600S137-54,33,24,15,L/360,208.0,
curtainwall_single,600S137-54,33,24,15,L/600,176.0,
curtainwall_single,600S137-54,33,24,20,L/240,198.0,
curtainwall_single,600S137-54,33,24,20,L/360,189.0,
curtainwall_single,600S137-54,33,24,20,L/600,160.0,
curtainwall_single,600S137-54,33,24,25,L/240,177.0,e
curtainwall_single,600S137-54,33,24,25,L/360,176.0,
curtainwall_single,600S137-54,33,24,25,L/600,148.0,
curtainwall_single,600S137-54,33,24,30,L/240,162.0,e
curtainwall_single,600S137-54,33,24,30,L/360,162.0,e
curtainwall_single,600S137-54,33,24,30,L/600,140.0,
curtainwall_single,600S137-54,33,24,35,L/240,150.0,e
curtainwall_single,600S137-54,33,24,35,L/360,150.0,e
curtainwall_single,600S137-54,33,24,35,L/600,133.0,e
curtainwall_single,600S137-54,33,24,40,L/240,140.0,e
curtainwall_single,600S137-54,33,24,40,L/360,140.0,e
curtainwall_single,600S137-54,33,24,40,L/600,127.0,e
curtainwall_single,600S137-54,50,12,5,L/120,485.0,
curtainwall_single,600S137-54,50,12,5,L/240,385.0,
curtainwall_single,600S137-54,50,12,5,L/360,336.0,
curtainwall_single,600S137-54,50,12,15,L/240,301.0,
curtainwall_single,600S137-54,50,12,15,L/360,263.0,
curtainwall_single,600S137-54,50,12,15,L/600,221.0,
curtainwall_single,600S137-54,50,12,20,L/240,273.0,
curtainwall_single,600S137-54,50,12,20,L/360,239.0,
curtainwall_single,600S137-54,50,12,20,L/600,201.0,
curtainwall_single,600S137-54,50,12,25,L/240,254.0,
curtainwall_single,600S137-54,50,12,25,L/360,221.0,
curtainwall_single,600S137-54,50,12,25,L/600,187.0,
curtainwall_single,600S137-54,50,12,30,L/240,239.0,
curtainwall_single,600S137-54,50,12,30,L/360,208.0,
curtainwall_single,600S137-54,50,12,30,L/600,176.0,
curtainwall_single,600S137-54,50,12,35,L/240,227.0,
curtainwall_single,600S137-54,50,12,35,L/360,198.0,
curtainwall_single,600S137-54,50,12,35,L/600,167.0,
curtainwall_single,600S137-54,50,12,40,L/240,217.0,
curtainwall_single,600S137-54,50,12,40,L/360,189.0,
curtainwall_single,600S137-54,50,12,40,L/600,160.0,
curtainwall_single,600S137-54,50,16,5,L/120,441.0,
curtainwall_single,600S137-54,50,16,5,L/240,350.0,
curtainwall_single,600S137-54,50,16,5,L/360,306.0,
curtainwall_single,600S137-54,50,16,15,L/240,273.0,
curtainwall_single,600S137-54,50,16,15,L/360,239.0,
curtainwall_single,600S137-54,50,16,15,L/600,201.0,
curtainwall_single,600S137-54,50,16,20,L/240,248.0,
curtainwall_single,600S137-54,50,16,20,L/360,217.0,
curtainwall_single,600S137-54,50,16,20,L/600,183.0,
curtainwall_single,600S137-54,50,16,25,L/240,230.0,
curtainwall_single,600S137-54,50,16,25,L/360,201.0,
curtainwall_single,600S137-54,50,16,25,L/600,170.0,
curtainwall_single,600S137-54,50,16,30,L/240,217.0,
curtainwall_single,600S137-54,50,16,30,L/360,189.0,
curtainwall_single,600S137-54,50,16,30,L/600,160.0,
curtainwall_single,600S137-54,50,16,35,L/240,206.0,
curtainwall_single,600S137-54,50,16,35,L/360,180.0,
curtainwall_single,600S137-54,50,16,35,L/600,152.0,
curtainwall_single,600S137-54,50,16,40,L/240,197.0,
curtainwall_single,600S137-54,50,16,40,L/360,172.0,
curtainwall_single,600S137-54,50,16,40,L/600,145.0,
curtainwall_single,600S137-54,50,24,5,L/120,385.0,
curtainwall_single,600S137-54,50,24,5,L/240,306.0,
curtainwall_single,600S137-54,50,24,5,L/360,267.0,
curtainwall_single,600S137-54,50,24,15,L/240,239.0,
curtainwall_single,600S137-54,50,24,15,L/360,208.0,
curtainwall_single,600S137-54,50,24,15,L/600,176.0,
curtainwall_single,600S137-54,50,24,20,L/240,217.0,
curtainwall_single,600S137-54,50,24,20,L/360,189.0,
curtainwall_single,600S137-54,50,24,20,L/600,160.0,
curtainwall_single,600S137-54,50,24,25,L/240,201.0,
curtainwall_single,600S137-54,50,24,25,L/360,176.0,
curtainwall_single,600S137-54,50,24,25,L/600,148.0,
curtainwall_single,600S137-54,50,24,30,L/240,189.0,
curtainwall_single,600S137-54,50,24,30,L/360,165.0,
curtainwall_single,600S137-54,50,24,30,L/600,140.0,
curtainwall_single,600S137-54,50,24,35,L/240,177.0,
curtainwall_single,600S137-54,50,24,35,L/360,157.0,
curtainwall_single,600S137-54,50,24,35,L/600,133.0,
curtainwall_single,600S137-54,50,24,40,L/240,166.0,
curtainwall_single,600S137-54,50,24,40,L/360,150.0,
curtainwall_single,600S137-54,50,24,40,L/600,127.0,
curtainwall_single,600S137-68,50,12,5,L/120,520.0,
curtainwall_single,600S137-68,50,12,5,L/240,412.0,
curtainwall_single,600S137-68,50,12,5,L/360,360.0,
curtainwall_single,600S137-68,50,12,15,L/240,322.0,
curtainwall_single,600S137-68,50,12,15,L/360,281.0,
curtainwall_single,600S137-68,50,12,15,L/600,237.0,
curtainwall_single,600S137-68,50,12,20,L/240,293.0,
curtainwall_single,600S137-68,50,12,20,L/360,256.0,
curtainwall_single,600S137-68,50,12,20,L/600,216.0,
curtainwall_single,600S137-68,50,12,25,L/240,272.0,
curtainwall_single,600S137-68,50,12,25,L/360,237.0,
curtainwall_single,600S137-68,50,12,25,L/600,200.0,
curtainwall_single,600S137-68,50,12,30,L/240,256.0,
curtainwall_single,600S137-68,50,12,30,L/360,223.0,
curtainwall_single,600S137-68,50,12,30,L/600,188.0,
curtainwall_single,600S137-68,50,12,35,L/240,243.0,
curtainwall_single,600S137-68,50,12,35,L/360,212.0,
curtainwall_single,600S137-68,50,12,35,L/600,179.0,
curtainwall_single,600S137-68,50,12,40,L/240,232.0,
curtainwall_single,600S137-68,50,12,40,L/360,203.0,
curtainwall_single,600S137-68,50,12,40,L/600,171.0,
curtainwall_single,600S137-68,50,16,5,L/120,472.0,
curtainwall_single,600S137-68,50,16,5,L/240,375.0,
curtainwall_single,600S137-68,50,16,5,L/360,327.0,
curtainwall_single,600S137-68,50,16,15,L/240,293.0,
curtainwall_single,600S137-68,50,16,15,L/360,256.0,
curtainwall_single,600S137-68,50,16,15,L/600,216.0,
curtainwall_single,600S137-68,50,16,20,L/240,266.0,
curtainwall_single,600S137-68,50,16,20,L/360,232.0,
curtainwall_single,600S137-68,50,16,20,L/600,196.0,
curtainwall_single,600S137-68,50,16,25,L/240,247.0,
curtainwall_single,600S137-68,50,16,25,L/360,216.0,
curtainwall_single,600S137-68,50,16,25,L/600,182.0,
curtainwall_single,600S137-68,50,16,30,L/240,232.0,
curtainwall_single,600S137-68,50,16,30,L/360,203.0,
curtainwall_single,600S137-68,50,16,30,L/600,171.0,
curtainwall_single,600S137-68,50,16,35,L/240,221.0,
curtainwall_single,600S137-68,50,16,35,L/360,193.0,
curtainwall_single,600S137-68,50,16,35,L/600,163.0,
curtainwall_single,600S137-68,50,16,40,L/240,211.0,
curtainwall_single,600S137-68,50,16,40,L/360,184.0,
curtainwall_single,600S137-68,50,16,40,L/600,155.0,
curtainwall_single,600S137-68,50,24,5,L/120,412.0,
curtainwall_single,600S137-68,50,24,5,L/240,327.0,
curtainwall_single,600S137-68,50,24,5,L/360,286.0,
curtainwall_single,600S137-68,50,24,15,L/240,256.0,
curtainwall_single,600S137-68,50,24,15,L/360,223.0,
curtainwall_single,600S137-68,50,24,15,L/600,188.0,
curtainwall_single,600S137-68,50,24,20,L/240,232.0,
curtainwall_single,600S137-68,50,24,20,L/360,203.0,
curtainwall_single,600S137-68,50,24,20,L/600,171.0,
curtainwall_single,600S137-68,50,24,25,L/240,216.0,
curtainwall_single,600S137-68,50,24,25,L/360,188.0,
curtainwall_single,600S137-68,50,24,25,L/600,159.0,
curtainwall_single,600S137-68,50,24,30,L/240,203.0,
curtainwall_single,600S137-68,50,24,30,L/360,177.0,
curtainwall_single,600S137-68,50,24,30,L/600,149.0,
curtainwall_single,600S137-68,50,24,35,L/240,193.0,
curtainwall_single,600S137-68,50,24,35,L/360,168.0,
curtainwall_single,600S137-68,50,24,35,L/600,142.0,
curtainwall_single,600S137-68,50,24,40,L/240,184.0,
curtainwall_single,600S137-68,50,24,40,L/360,161.0,
curtainwall_single,600S137-68,50,24,40,L/600,136.0,
curtainwall_single,600S137-97,50,12,5,L/120,575.0,
curtainwall_single,600S137-97,50,12,5,L/240,456.0,
curtainwall_single,600S137-97,50,12,5,L/360,399.0,
curtainwall_single,600S137-97,50,12,15,L/240,356.0,
curtainwall_single,600S137-97,50,12,15,L/360,311.0,
curtainwall_single,600S137-97,50,12,15,L/600,262.0,
curtainwall_single,600S137-97,50,12,20,L/240,324.0,
curtainwall_single,600S137-97,50,12,20,L/360,283.0,
curtainwall_single,600S137-97,50,12,20,L/600,238.0,
curtainwall_single,600S137-97,50,12,25,L/240,300.0,
curtainwall_single,600S137-97,50,12,25,L/360,262.0,
curtainwall_single,600S137-97,50,12,25,L/600,221.0,
curtainwall_single,600S137-97,50,12,30,L/240,283.0,
curtainwall_single,600S137-97,50,12,30,L/360,247.0,
curtainwall_single,600S137-97,50,12,30,L/600,208.0,
curtainwall_single,600S137-97,50,12,35,L/240,269.0,
curtainwall_single,600S137-97,50,12,35,L/360,235.0,
curtainwall_single,600S137-97,50,12,35,L/600,198.0,
curtainwall_single,600S137-97,50,12,40,L/240,257.0,
curtainwall_single,600S137-97,50,12,40,L/360,224.0,
curtainwall_single,600S137-97,50,12,40,L/600,189.0,
curtainwall_single,600S137-97,50,16,5,L/120,522.0,
curtainwall_single,600S137-97,50,16,5,L/240,414.0,
curtainwall_single,600S137-97,50,16,5,L/360,362.0,
curtainwall_single,600S137-97,50,16,15,L/240,324.0,
curtainwall_single,600S137-97,50,16,15,L/360,283.0,
curtainwall_single,600S137-97,50,16,15,L/600,238.0,
curtainwall_single,600S137-97,50,16,20,L/240,294.0,
curtainwall_single,600S137-97,50,16,20,L/360,257.0,
curtainwall_single,600S137-97,50,16,20,L/600,217.0,
curtainwall_single,600S137-97,50,16,25,L/240,273.0,
curtainwall_single,600S137-97,50,16,25,L/360,238.0,
curtainwall_single,600S137-97,50,16,25,L/600,201.0,
curtainwall_single,600S137-97,50,16,30,L/240,257.0,
curtainwall_single,600S137-97,50,16,30,L/360,224.0,
curtainwall_single,600S137-97,50,16,30,L/600,189.0,
curtainwall_single,600S137-97,50,16,35,L/240,244.0,
curtainwall_single,600S137-97,50,16,35,L/360,213.0,
curtainwall_single,600S137-97,50,16,35,L/600,180.0,
curtainwall_single,600S137-97,50,16,40,L/240,233.0,
curtainwall_single,600S137-97,50,16,40,L/360,204.0,
curtainwall_single,600S137-97,50,16,40,L/600,172.0,
curtainwall_single,600S137-97,50,24,5,L/120,456.0,
curtainwall_single,600S137-97,50,24,5,L/240,362.0,
curtainwall_single,600S137-97,50,24,5,L/360,316.0,
curtainwall_single,600S137-97,50,24,15,L/240,283.0,
curtainwall_single,600S137-97,50,24,15,L/360,247.0,
curtainwall_single,600S137-97,50,24,15,L/600,208.0,
curtainwall_single,600S137-97,50,24,20,L/240,257.0,
curtainwall_single,600S137-97,50,24,20,L/360,224.0,
curtainwall_single,600S137-97,50,24,20,L/600,189.0,
curtainwall_single,600S137-97,50,24,25,L/240,238.0,
curtainwall_single,600S137-97,50,24,25,L/360,208.0,
curtainwall_single,600S137-97,50,24,25,L/600,176.0,
curtainwall_single,600S137-97,50,24,30,L/240,224.0,
curtainwall_single,600S137-97,50,24,30,L/360,196.0,
curtainwall_single,600S137-97,50,24,30,L/600,165.0,
curtainwall_single,600S137-97,50,24,35,L/240,213.0,
curtainwall_single,600S137-97,50,24,35,L/360,186.0,
curtainwall_single,600S137-97,50,24,35,L/600,157.0,
curtainwall_single,600S137-97,50,24,40,L/240,204.0,
curtainwall_single,600S137-97,50,24,40,L/360,178.0,
curtainwall_single,600S137-97,50,24,40,L/600,150.0,
curtainwall_single,600S162-33,33,12,5,L/120,433.0,
curtainwall_single,600S162-33,33,12,5,L/240,344.0,
curtainwall_single,600S162-33,33,12,5,L/360,300.0,
curtainwall_single,600S162-33,33,12,15,L/240,268.0,e
curtainwall_single,600S162-33,33,12,15,L/360,235.0,e
curtainwall_single,600S162-33,33,12,15,L/600,198.0,e
curtainwall_single,600S162-33,33,12,20,L/240,233.0,e
curtainwall_single,600S162-33,33,12,20,L/360,213.0,e
curtainwall_single,600S162-33,33,12,20,L/600,180.0,e
curtainwall_single,600S162-33,33,12,25,L/240,209.0,e
curtainwall_single,600S162-33,33,12,25,L/360,198.0,e
curtainwall_single,600S162-33,33,12,25,L/600,167.0,e
curtainwall_single,600S162-33,33,12,30,L/240,190.0,e
curtainwall_single,600S162-33,33,12,30,L/360,186.0,e
curtainwall_single,600S162-33,33,12,30,L/600,157.0,e
curtainwall_single,600S162-33,33,12,35,L/240,176.0,e
curtainwall_single,600S162-33,33,12,35,L/360,176.0,e
curtainwall_single,600S162-33,33,12,35,L/600,149.0,e
curtainwall_single,600S162-33,33,12,40,L/240,165.0,e
curtainwall_single,600S162-33,33,12,40,L/360,165.0,e
curtainwall_single,600S162-33,33,12,40,L/600,143.0,e
curtainwall_single,600S162-33,33,16,5,L/120,393.0,e
curtainwall_single,600S162-33,33,16,5,L/240,312.0,
curtainwall_single,600S162-33,33,16,5,L/360,273.0,
curtainwall_single,600S162-33,33,16,15,L/240,233.0,e
curtainwall_single,600S162-33,33,16,15,L/360,213.0,e
curtainwall_single,600S162-33,33,16,15,L/600,180.0,e
curtainwall_single,600S162-33,33,16,20,L/240,202.0,e
curtainwall_single,600S162-33,33,16,20,L/360,194.0,e
curtainwall_single,600S162-33,33,16,20,L/600,163.0,e
curtainwall_single,600S162-33,33,16,25,L/240,181.0,e
curtainwall_single,600S162-33,33,16,25,L/360,180.0,e
curtainwall_single,600S162-33,33,16,25,L/600,152.0,e
curtainwall_single,600S162-33,33,16,30,L/240,165.0,e
curtainwall_single,600S162-33,33,16,30,L/360,165.0,e
curtainwall_single,600S162-33,33,16,30,L/600,143.0,e
curtainwall_single,600S162-33,33,16,35,L/240,153.0,e
curtainwall_single,600S162-33,33,16,35,L/360,153.0,e
curtainwall_single,600S162-33,33,16,35,L/600,135.0,e
curtainwall_single,600S162-33,33,16,40,L/240,143.0,e
curtainwall_single,600S162-33,33,16,40,L/360,143.0,e
curtainwall_single,600S162-33,33,16,40,L/600,130.0,e
curtainwall_single,600S162-33,33,24,5,L/120,330.0,e
curtainwall_single,600S162-33,33,24,5,L/240,273.0,e
curtainwall_single,600S162-33,33,24,5,L/360,238.0,
curtainwall_single,600S162-33,33,24,15,L/240,190.0,e
curtainwall_single,600S162-33,33,24,15,L/360,186.0,e
curtainwall_single,600S162-33,33,24,15,L/600,157.0,e
curtainwall_single,600S162-33,33,24,20,L/240,165.0,e
curtainwall_single,600S162-33,33,24,20,L/360,165.0,e
curtainwall_single,600S162-33,33,24,20,L/600,143.0,e
curtainwall_single,600S162-33,33,24,25,L/240,147.0,e
curtainwall_single,600S162-33,33,24,25,L/360,147.0,e
curtainwall_single,600S162-33,33,24,25,L/600,132.0,e
curtainwall_single,600S162-33,33,24,30,L/240,135.0,e
curtainwall_single,600S162-33,33,24,30,L/360,135.0,e
curtainwall_single,600S162-33,33,24,30,L/600,125.0,e
curtainwall_single,600S162-33,33,24,35,L/240,125.0,e
curtainwall_single,600S162-33,33,24,35,L/360,125.0,e
curtainwall_single,600S162-33,33,24,35,L/600,118.0,e
curtainwall_single,600S162-33,33,24,40,L/240,117.0,e
curtainwall_single,600S162-33,33,24,40,L/360,117.0,e
curtainwall_single,600S162-33,33,24,40,L/600,113.0,e
curtainwall_single,600S162-43,33,12,5,L/120,472.0,
curtainwall_single,600S162-43,33,12,5,L/240,374.0,
curtainwall_single,600S162-43,33,12,5,L/360,327.0,
curtainwall_single,600S162-43,33,12,15,L/240,292.0,
curtainwall_single,600S162-43,33,12,15,L/360,255.0,
curtainwall_single,600S162-43,33,12,15,L/600,215.0,
curtainwall_single,600S162-43,33,12,20,L/240,266.0,e
curtainwall_single,600S162-43,33,12,20,L/360,232.0,
curtainwall_single,600S162-43,33,12,20,L/600,196.0,
curtainwall_single,600S162-43,33,12,25,L/240,247.0,e
curtainwall_single,600S162-43,33,12,25,L/360,215.0,e
curtainwall_single,600S162-43,33,12,25,L/600,182.0,
curtainwall_single,600S162-43,33,12,30,L/240,228.0,e
curtainwall_single,600S162-43,33,12,30,L/360,203.0,e
curtainwall_single,600S162-43,33,12,30,L/600,171.0,
curtainwall_single,600S162-43,33,12,35,L/240,211.0,e
curtainwall_single,600S162-43,33,12,35,L/360,193.0,e
curtainwall_single,600S162-43,33,12,35,L/600,162.0,e
curtainwall_single,600S162-43,33,12,40,L/240,198.0,e
curtainwall_single,600S162-43,33,12,40,L/360,184.0,e
curtainwall_single,600S162-43,33,12,40,L/600,155.0,e
curtainwall_single,600S162-43,33,16,5,L/120,429.0,
curtainwall_single,600S162-43,33,16,5,L/240,340.0,
curtainwall_single,600S162-43,33,16,5,L/360,297.0,
curtainwall_single,600S162-43,33,16,15,L/240,266.0,e
curtainwall_single,600S162-43,33,16,15,L/360,232.0,
curtainwall_single,600S162-43,33,16,15,L/600,196.0,
curtainwall_single,600S162-43,33,16,20,L/240,241.0,e
curtainwall_single,600S162-43,33,16,20,L/360,211.0,e
curtainwall_single,600S162-43,33,16,20,L/600,178.0,
curtainwall_single,600S162-43,33,16,25,L/240,217.0,e
curtainwall_single,600S162-43,33,16,25,L/360,196.0,e
curtainwall_single,600S162-43,33,16,25,L/600,165.0,e
curtainwall_single,600S162-43,33,16,30,L/240,198.0,e
curtainwall_single,600S162-43,33,16,30,L/360,184.0,e
curtainwall_single,600S162-43,33,16,30,L/600,155.0,e
curtainwall_single,600S162-43,33,16,35,L/240,183.0,e
curtainwall_single,600S162-43,33,16,35,L/360,175.0,e
curtainwall_single,600S162-43,33,16,35,L/600,148.0,e
curtainwall_single,600S162-43,33,16,40,L/240,171.0,e
curtainwall_single,600S162-43,33,16,40,L/360,167.0,e
curtainwall_single,600S162-43,33,16,40,L/600,141.0,e
curtainwall_single,600S162-43,33,24,5,L/120,374.0,
curtainwall_single,600S162-43,33,24,5,L/240,297.0,
curtainwall_single,600S162-43,33,24,5,L/360,260.0,
curtainwall_single,600S162-43,33,24,15,L/240,228.0,e
curtainwall_single,600S162-43,33,24,15,L/360,203.0,e
curtainwall_single,600S162-43,33,24,15,L/600,171.0,
curtainwall_single,600S162-43,33,24,20,L/240,198.0,e
curtainwall_single,600S162-43,33,24,20,L/360,184.0,e
curtainwall_single,600S162-43,33,24,20,L/600,155.0,e
curtainwall_single,600S162-43,33,24,25,L/240,177.0,e
curtainwall_single,600S162-43,33,24,25,L/360,171.0,e
curtainwall_single,600S162-43,33,24,25,L/600,144.0,e
curtainwall_single,600S162-43,33,24,30,L/240,161.0,e
curtainwall_single,600S162-43,33,24,30,L/360,161.0,e
curtainwall_single,600S162-43,33,24,30,L/600,136.0,e
curtainwall_single,600S162-43,33,24,35,L/240,149.0,e
curtainwall_single,600S162-43,33,24,35,L/360,149.0,e
curtainwall_single,600S162-43,33,24,35,L/600,129.0,e
curtainwall_single,600S162-43,33,24,40,L/240,140.0,e
curtainwall_single,600S162-43,33,24,40,L/360,140.0,e
curtainwall_single,600S162-43,33,24,40,L/600,123.0,e
curtainwall_single,600S162-54,33,12,5,L/120,506.0,
curtainwall_single,600S162-54,33,12,5,L/240,402.0,
curtainwall_single,600S162-54,33,12,5,L/360,351.0,
curtainwall_single,600S162-54,33,12,15,L/240,314.0,
curtainwall_single,600S162-54,33,12,15,L/360,274.0,
curtainwall_single,600S162-54,33,12,15,L/600,231.0,
curtainwall_single,600S162-54,33,12,20,L/240,285.0,
curtainwall_single,600S162-54,33,12,20,L/360,249.0,
curtainwall_single,600S162-54,33,12,20,L/600,210.0,
curtainwall_single,600S162-54,33,12,25,L/240,265.0,
curtainwall_single,600S162-54,33,12,25,L/360,231.0,
curtainwall_single,600S162-54,33,12,25,L/600,195.0,
curtainwall_single,600S162-54,33,12,30,L/240,249.0,
curtainwall_single,600S162-54,33,12,30,L/360,217.0,
curtainwall_single,600S162-54,33,12,30,L/600,183.0,
curtainwall_single,600S162-54,33,12,35,L/240,236.0,
curtainwall_single,600S162-54,33,12,35,L/360,207.0,
curtainwall_single,600S162-54,33,12,35,L/600,174.0,
curtainwall_single,600S162-54,33,12,40,L/240,225.0,e
curtainwall_single,600S162-54,33,12,40,L/360,198.0,
curtainwall_single,600S162-54,33,12,40,L/600,167.0,
curtainwall_single,600S162-54,33,16,5,L/120,460.0,
curtainwall_single,600S162-54,33,16,5,L/240,365.0,
curtainwall_single,600S162-54,33,16,5,L/360,319.0,
curtainwall_single,600S162-54,33,16,15,L/240,285.0,
curtainwall_single,600S162-54,33,16,15,L/360,249.0,
curtainwall_single,600S162-54,33,16,15,L/600,210.0,
curtainwall_single,600S162-54,33,16,20,L/240,259.0,
curtainwall_single,600S162-54,33,16,20,L/360,226.0,
curtainwall_single,600S162-54,33,16,20,L/600,191.0,
curtainwall_single,600S162-54,33,16,25,L/240,240.0,
curtainwall_single,600S162-54,33,16,25,L/360,210.0,
curtainwall_single,600S162-54,33,16,25,L/600,177.0,
curtainwall_single,600S162-54,33,16,30,L/240,225.0,e
curtainwall_single,600S162-54,33,16,30,L/360,198.0,
curtainwall_single,600S162-54,33,16,30,L/600,167.0,
curtainwall_single,600S162-54,33,16,35,L/240,208.0,e
curtainwall_single,600S162-54,33,16,35,L/360,188.0,
curtainwall_single,600S162-54,33,16,35,L/600,158.0,
curtainwall_single,600S162-54,33,16,40,L/240,195.0,e
curtainwall_single,600S162-54,33,16,40,L/360,180.0,e
curtainwall_single,600S162-54,33,16,40,L/600,151.0,
curtainwall_single,600S162-54,33,24,5,L/120,402.0,
curtainwall_single,600S162-54,33,24,5,L/240,319.0,
curtainwall_single,600S162-54,33,24,5,L/360,279.0,
curtainwall_single,600S162-54,33,24,15,L/240,249.0,
curtainwall_single,600S162-54,33,24,15,L/360,217.0,
curtainwall_single,600S162-54,33,24,15,L/600,183.0,
curtainwall_single,600S162-54,33,24,20,L/240,225.0,e
curtainwall_single,600S162-54,33,24,20,L/360,198.0,
curtainwall_single,600S162-54,33,24,20,L/600,167.0,
curtainwall_single,600S162-54,33,24,25,L/240,201.0,e
curtainwall_single,600S162-54,33,24,25,L/360,183.0,e
curtainwall_single,600S162-54,33,24,25,L/600,155.0,
curtainwall_single,600S162-54,33,24,30,L/240,184.0,e
curtainwall_single,600S162-54,33,24,30,L/360,173.0,e
curtainwall_single,600S162-54,33,24,30,L/600,146.0,
curtainwall_single,600S162-54,33,24,35,L/240,170.0,e
curtainwall_single,600S162-54,33,24,35,L/360,164.0,e
curtainwall_single,600S162-54,33,24,35,L/600,138.0,e
curtainwall_single,600S162-54,33,24,40,L/240,159.0,e
curtainwall_single,600S162-54,33,24,40,L/360,157.0,e
curtainwall_single,600S162-54,33,24,40,L/600,132.0,e
curtainwall_single,600S162-54,50,12,5,L/120,506.0,
curtainwall_single,600S162-54,50,12,5,L/240,402.0,
curtainwall_single,600S162-54,50,12,5,L/360,351.0,
curtainwall_single,600S162-54,50,12,15,L/240,314.0,
curtainwall_single,600S162-54,50,12,15,L/360,274.0,
curtainwall_single,600S162-54,50,12,15,L/600,231.0,
curtainwall_single,600S162-54,50,12,20,L/240,285.0,
curtainwall_single,600S162-54,50,12,20,L/360,249.0,
curtainwall_single,600S162-54,50,12,20,L/600,210.0,
curtainwall_single,600S162-54,50,12,25,L/240,265.0,
curtainwall_single,600S162-54,50,12,25,L/360,231.0,
curtainwall_single,600S162-54,50,12,25,L/600,195.0,
curtainwall_single,600S162-54,50,12,30,L/240,249.0,
curtainwall_single,600S162-54,50,12,30,L/360,217.0,
curtainwall_single,600S162-54,50,12,30,L/600,183.0,
curtainwall_single,600S162-54,50,12,35,L/240,236.0,
curtainwall_single,600S162-54,50,12,35,L/360,207.0,
curtainwall_single,600S162-54,50,12,35,L/600,174.0,
curtainwall_single,600S162-54,50,12,40,L/240,226.0,
curtainwall_single,600S162-54,50,12,40,L/360,198.0,
curtainwall_single,600S162-54,50,12,40,L/600,167.0,
curtainwall_single,600S162-54,50,16,5,L/120,460.0,
curtainwall_single,600S162-54,50,16,5,L/240,365.0,
curtainwall_single,600S162-54,50,16,5,L/360,319.0,
curtainwall_single,600S162-54,50,16,15,L/240,285.0,
curtainwall_single,600S162-54,50,16,15,L/360,249.0,
curtainwall_single,600S162-54,50,16,15,L/600,210.0,
curtainwall_single,600S162-54,50,16,20,L/240,259.0,
curtainwall_single,600S162-54,50,16,20,L/360,226.0,
curtainwall_single,600S162-54,50,16,20,L/600,191.0,
curtainwall_single,600S162-54,50,16,25,L/240,240.0,
curtainwall_single,600S162-54,50,16,25,L/360,210.0,
curtainwall_single,600S162-54,50,16,25,L/600,177.0,
curtainwall_single,600S162-54,50,16,30,L/240,226.0,
curtainwall_single,600S162-54,50,16,30,L/360,198.0,
curtainwall_single,600S162-54,50,16,30,L/600,167.0,
curtainwall_single,600S162-54,50,16,35,L/240,215.0,
curtainwall_single,600S162-54,50,16,35,L/360,188.0,
curtainwall_single,600S162-54,50,16,35,L/600,158.0,
curtainwall_single,600S162-54,50,16,40,L/240,206.0,
curtainwall_single,600S162-54,50,16,40,L/360,180.0,
curtainwall_single,600S162-54,50,16,40,L/600,151.0,
curtainwall_single,600S162-54,50,24,5,L/120,402.0,
curtainwall_single,600S162-54,50,24,5,L/240,319.0,
curtainwall_single,600S162-54,50,24,5,L/360,279.0,
curtainwall_single,600S162-54,50,24,15,L/240,249.0,
curtainwall_single,600S162-54,50,24,15,L/360,217.0,
curtainwall_single,600S162-54,50,24,15,L/600,183.0,
curtainwall_single,600S162-54,50,24,20,L/240,226.0,
curtainwall_single,600S162-54,50,24,20,L/360,198.0,
curtainwall_single,600S162-54,50,24,20,L/600,167.0,
curtainwall_single,600S162-54,50,24,25,L/240,210.0,
curtainwall_single,600S162-54,50,24,25,L/360,183.0,
curtainwall_single,600S162-54,50,24,25,L/600,155.0,
curtainwall_single,600S162-54,50,24,30,L/240,198.0,
curtainwall_single,600S162-54,50,24,30,L/360,173.0,
curtainwall_single,600S162-54,50,24,30,L/600,146.0,
curtainwall_single,600S162-54,50,24,35,L/240,188.0,
curtainwall_single,600S162-54,50,24,35,L/360,164.0,
curtainwall_single,600S162-54,50,24,35,L/600,138.0,
curtainwall_single,600S162-54,50,24,40,L/240,180.0,e
curtainwall_single,600S162-54,50,24,40,L/360,157.0,
curtainwall_single,600S162-54,50,24,40,L/600,132.0,
curtainwall_single,600S162-68,50,12,5,L/120,543.0,
curtainwall_single,600S162-68,50,12,5,L/240,431.0,
curtainwall_single,600S162-68,50,12,5,L/360,376.0,
curtainwall_single,600S162-68,50,12,15,L/240,336.0,
curtainwall_single,600S162-68,50,12,15,L/360,294.0,
curtainwall_single,600S162-68,50,12,15,L/600,248.0,
curtainwall_single,600S162-68,50,12,20,L/240,306.0,
curtainwall_single,600S162-68,50,12,20,L/360,267.0,
curtainwall_single,600S162-68,50,12,20,L/600,225.0,
curtainwall_single,600S162-68,50,12,25,L/240,284.0,
curtainwall_single,600S162-68,50,12,25,L/360,248.0,
curtainwall_single,600S162-68,50,12,25,L/600,209.0,
curtainwall_single,600S162-68,50,12,30,L/240,267.0,
curtainwall_single,600S162-68,50,12,30,L/360,233.0,
curtainwall_single,600S162-68,50,12,30,L/600,197.0,
curtainwall_single,600S162-68,50,12,35,L/240,254.0,
curtainwall_single,600S162-68,50,12,35,L/360,222.0,
curtainwall_single,600S162-68,50,12,35,L/600,187.0,
curtainwall_single,600S162-68,50,12,40,L/240,243.0,
curtainwall_single,600S162-68,50,12,40,L/360,212.0,
curtainwall_single,600S162-68,50,12,40,L/600,179.0,
curtainwall_single,600S162-68,50,16,5,L/120,493.0,
curtainwall_single,600S162-68,50,16,5,L/240,391.0,
curtainwall_single,600S162-68,50,16,5,L/360,342.0,
curtainwall_single,600S162-68,50,16,15,L/240,306.0,
curtainwall_single,600S162-68,50,16,15,L/360,267.0,
curtainwall_single,600S162-68,50,16,15,L/600,225.0,
curtainwall_single,600S162-68,50,16,20,L/240,278.0,
curtainwall_single,600S162-68,50,16,20,L/360,243.0,
curtainwall_single,600S162-68,50,16,20,L/600,205.0,
curtainwall_single,600S162-68,50,16,25,L/240,258.0,
curtainwall_single,600S162-68,50,16,25,L/360,225.0,
curtainwall_single,600S162-68,50,16,25,L/600,190.0,
curtainwall_single,600S162-68,50,16,30,L/240,243.0,
curtainwall_single,600S162-68,50,16,30,L/360,212.0,
curtainwall_single,600S162-68,50,16,30,L/600,179.0,
curtainwall_single,600S162-68,50,16,35,L/240,230.0,
curtainwall_single,600S162-68,50,16,35,L/360,201.0,
curtainwall_single,600S162-68,50,16,35,L/600,170.0,
curtainwall_single,600S162-68,50,16,40,L/240,220.0,
curtainwall_single,600S162-68,50,16,40,L/360,192.0,
curtainwall_single,600S162-68,50,16,40,L/600,162.0,
curtainwall_single,600S162-68,50,24,5,L/120,431.0,
curtainwall_single,600S162-68,50,24,5,L/240,342.0,
curtainwall_single,600S162-68,50,24,5,L/360,299.0,
curtainwall_single,600S162-68,50,24,15,L/240,267.0,
curtainwall_single,600S162-68,50,24,15,L/360,233.0,
curtainwall_single,600S162-68,50,24,15,L/600,197.0,
curtainwall_single,600S162-68,50,24,20,L/240,243.0,
curtainwall_single,600S162-68,50,24,20,L/360,212.0,
curtainwall_single,600S162-68,50,24,20,L/600,179.0,
curtainwall_single,600S162-68,50,24,25,L/240,225.0,
curtainwall_single,600S162-68,50,24,25,L/360,197.0,
curtainwall_single,600S162-68,50,24,25,L/600,166.0,
curtainwall_single,600S162-68,50,24,30,L/240,212.0,
curtainwall_single,600S162-68,50,24,30,L/360,185.0,
curtainwall_single,600S162-68,50,24,30,L/600,156.0,
curtainwall_single,600S162-68,50,24,35,L/240,201.0,
curtainwall_single,600S162-68,50,24,35,L/360,176.0,
curtainwall_single,600S162-68,50,24,35,L/600,148.0,
curtainwall_single,600S162-68,50,24,40,L/240,192.0,
curtainwall_single,600S162-68,50,24,40,L/360,168.0,
curtainwall_single,600S162-68,50,24,40,L/600,142.0,
curtainwall_single,600S162-97,50,12,5,L/120,601.0,
curtainwall_single,600S162-97,50,12,5,L/240,477.0,
curtainwall_single,600S162-97,50,12,5,L/360,417.0,
curtainwall_single,600S162-97,50,12,15,L/240,373.0,
curtainwall_single,600S162-97,50,12,15,L/360,326.0,
curtainwall_single,600S162-97,50,12,15,L/600,275.0,
curtainwall_single,600S162-97,50,12,20,L/240,339.0,
curtainwall_single,600S162-97,50,12,20,L/360,296.0,
curtainwall_single,600S162-97,50,12,20,L/600,250.0,
curtainwall_single,600S162-97,50,12,25,L/240,314.0,
curtainwall_single,600S162-97,50,12,25,L/360,275.0,
curtainwall_single,600S162-97,50,12,25,L/600,232.0,
curtainwall_single,600S162-97,50,12,30,L/240,296.0,
curtainwall_single,600S162-97,50,12,30,L/360,258.0,
curtainwall_single,600S162-97,50,12,30,L/600,218.0,
curtainwall_single,600S162-97,50,12,35,L/240,281.0,
curtainwall_single,600S162-97,50,12,35,L/360,245.0,
curtainwall_single,600S162-97,50,12,35,L/600,207.0,
curtainwall_single,600S162-97,50,12,40,L/240,269.0,
curtainwall_single,600S162-97,50,12,40,L/360,235.0,
curtainwall_single,600S162-97,50,12,40,L/600,198.0,
curtainwall_single,600S162-97,50,16,5,L/120,546.0,
curtainwall_single,600S162-97,50,16,5,L/240,434.0,
curtainwall_single,600S162-97,50,16,5,L/360,379.0,
curtainwall_single,600S162-97,50,16,15,L/240,339.0,
curtainwall_single,600S162-97,50,16,15,L/360,296.0,
curtainwall_single,600S162-97,50,16,15,L/600,250.0,
curtainwall_single,600S162-97,50,16,20,L/240,308.0,
curtainwall_single,600S162-97,50,16,20,L/360,269.0,
curtainwall_single,600S162-97,50,16,20,L/600,227.0,
curtainwall_single,600S162-97,50,16,25,L/240,286.0,
curtainwall_single,600S162-97,50,16,25,L/360,250.0,
curtainwall_single,600S162-97,50,16,25,L/600,210.0,
curtainwall_single,600S162-97,50,16,30,L/240,269.0,
curtainwall_single,600S162-97,50,16,30,L/360,235.0,
curtainwall_single,600S162-97,50,16,30,L/600,198.0,
curtainwall_single,600S162-97,50,16,35,L/240,255.0,
curtainwall_single,600S162-97,50,16,35,L/360,223.0,
curtainwall_single,600S162-97,50,16,35,L/600,188.0,
curtainwall_single,600S162-97,50,16,40,L/240,244.0,
curtainwall_single,600S162-97,50,16,40,L/360,213.0,
curtainwall_single,600S162-97,50,16,40,L/600,180.0,
curtainwall_single,600S162-97,50,24,5,L/120,477.0,
curtainwall_single,600S162-97,50,24,5,L/240,379.0,
curtainwall_single,600S162-97,50,24,5,L/360,331.0,
curtainwall_single,600S162-97,50,24,15,L/240,296.0,
curtainwall_single,600S162-97,50,24,15,L/360,258.0,
curtainwall_single,600S162-97,50,24,15,L/600,218.0,
curtainwall_single,600S162-97,50,24,20,L/240,269.0,
curtainwall_single,600S162-97,50,24,20,L/360,235.0,
curtainwall_single,600S162-97,50,24,20,L/600,198.0,
curtainwall_single,600S162-97,50,24,25,L/240,250.0,
curtainwall_single,600S162-97,50,24,25,L/360,218.0,
curtainwall_single,600S162-97,50,24,25,L/600,184.0,
curtainwall_single,600S162-97,50,24,30,L/240,235.0,
curtainwall_single,600S162-97,50,24,30,L/360,205.0,
curtainwall_single,600S162-97,50,24,30,L/600,173.0,
curtainwall_single,600S162-97,50,24,35,L/240,223.0,
curtainwall_single,600S162-97,50,24,35,L/360,195.0,
curtainwall_single,600S162-97,50,24,35,L/600,164.0,
curtainwall_single,600S162-97,50,24,40,L/240,213.0,
curtainwall_single,600S162-97,50,24,40,L/360,186.0,
curtainwall_single,600S162-97,50,24,40,L/600,157.0,
curtainwall_single,600S162-118,50,12,5,L/120,635.0,
curtainwall_single,600S162-118,50,12,5,L/240,504.0,
curtainwall_single,600S162-118,50,12,5,L/360,440.0,
curtainwall_single,600S162-118,50,12,15,L/240,394.0,
curtainwall_single,600S162-118,50,12,15,L/360,344.0,
curtainwall_single,600S162-118,50,12,15,L/600,290.0,
curtainwall_single,600S162-118,50,12,20,L/240,358.0,
curtainwall_single,600S162-118,50,12,20,L/360,313.0,
curtainwall_single,600S162-118,50,12,20,L/600,264.0,
curtainwall_single,600S162-118,50,12,25,L/240,332.0,
curtainwall_single,600S162-118,50,12,25,L/360,290.0,
curtainwall_single,600S162-118,50,12,25,L/600,245.0,
curtainwall_single,600S162-118,50,12,30,L/240,313.0,
curtainwall_single,600S162-118,50,12,30,L/360,273.0,
curtainwall_single,600S162-118,50,12,30,L/600,230.0,
curtainwall_single,600S162-118,50,12,35,L/240,297.0,
curtainwall_single,600S162-118,50,12,35,L/360,259.0,
curtainwall_single,600S162-118,50,12,35,L/600,219.0,
curtainwall_single,600S162-118,50,12,40,L/240,284.0,
curtainwall_single,600S162-118,50,12,40,L/360,248.0,
curtainwall_single,600S162-118,50,12,40,L/600,209.0,
curtainwall_single,600S162-118,50,16,5,L/120,577.0,
curtainwall_single,600S162-118,50,16,5,L/240,458.0,
curtainwall_single,600S162-118,50,16,5,L/360,400.0,
curtainwall_single,600S162-118,50,16,15,L/240,358.0,
curtainwall_single,600S162-118,50,16,15,L/360,313.0,
curtainwall_single,600S162-118,50,16,15,L/600,264.0,
curtainwall_single,600S162-118,50,16,20,L/240,325.0,
curtainwall_single,600S162-118,50,16,20,L/360,284.0,
curtainwall_single,600S162-118,50,16,20,L/600,239.0,
curtainwall_single,600S162-118,50,16,25,L/240,302.0,
curtainwall_single,600S162-118,50,16,25,L/360,264.0,
curtainwall_single,600S162-118,50,16,25,L/600,222.0,
curtainwall_single,600S162-118,50,16,30,L/240,284.0,
curtainwall_single,600S162-118,50,16,30,L/360,248.0,
curtainwall_single,600S162-118,50,16,30,L/600,209.0,
curtainwall_single,600S162-118,50,16,35,L/240,270.0,
curtainwall_single,600S162-118,50,16,35,L/360,236.0,
curtainwall_single,600S162-118,50,16,35,L/600,199.0,
curtainwall_single,600S162-118,50,16,40,L/240,258.0,
curtainwall_single,600S162-118,50,16,40,L/360,225.0,
curtainwall_single,600S162-118,50,16,40,L/600,190.0,
curtainwall_single,600S162-118,50,24,5,L/120,504.0,
curtainwall_single,600S162-118,50,24,5,L/240,400.0,
curtainwall_single,600S162-118,50,24,5,L/360,350.0,
curtainwall_single,600S162-118,50,24,15,L/240,313.0,
curtainwall_single,600S162-118,50,24,15,L/360,273.0,
curtainwall_single,600S162-118,50,24,15,L/600,230.0,
curtainwall_single,600S162-118,50,24,20,L/240,284.0,
curtainwall_single,600S162-118,50,24,20,L/360,248.0,
curtainwall_single,600S162-118,50,24,20,L/600,209.0,
curtainwall_single,600S162-118,50,24,25,L/240,264.0,
curtainwall_single,600S162-118,50,24,25,L/360,230.0,
curtainwall_single,600S162-118,50,24,25,L/600,194.0,
curtainwall_single,600S162-118,50,24,30,L/240,248.0,
curtainwall_single,600S162-118,50,24,30,L/360,217.0,
curtainwall_single,600S162-118,50,24,30,L/600,183.0,
curtainwall_single,600S162-118,50,24,35,L/240,236.0,
curtainwall_single,600S162-118,50,24,35,L/360,206.0,
curtainwall_single,600S162-118,50,24,35,L/600,174.0,
curtainwall_single,600S162-118,50,24,40,L/240,225.0,
curtainwall_single,600S162-118,50,24,40,L/360,197.0,
curtainwall_single,600S162-118,50,24,40,L/600,166.0,
curtainwall_single,600S200-33,33,12,5,L/120,454.0,
curtainwall_single,600S200-33,33,12,5,L/240,360.0,
curtainwall_single,600S200-33,33,12,5,L/360,315.0,
curtainwall_single,600S200-33,33,12,15,L/240,278.0,e
curtainwall_single,600S200-33,33,12,15,L/360,246.0,e
curtainwall_single,600S200-33,33,12,15,L/600,207.0,e
curtainwall_single,600S200-33,33,12,20,L/240,241.0,e
curtainwall_single,600S200-33,33,12,20,L/360,223.0,e
curtainwall_single,600S200-33,33,12,20,L/600,188.0,e
curtainwall_single,600S200-33,33,12,25,L/240,215.0,e
curtainwall_single,600S200-33,33,12,25,L/360,207.0,e
curtainwall_single,600S200-33,33,12,25,L/600,175.0,e
curtainwall_single,600S200-33,33,12,30,L/240,196.0,e
curtainwall_single,600S200-33,33,12,30,L/360,195.0,e
curtainwall_single,600S200-33,33,12,30,L/600,164.0,e
curtainwall_single,600S200-33,33,12,35,L/240,182.0,e
curtainwall_single,600S200-33,33,12,35,L/360,182.0,e
curtainwall_single,600S200-33,33,12,35,L/600,156.0,e
curtainwall_single,600S200-33,33,12,40,L/240,170.0,e
curtainwall_single,600S200-33,33,12,40,L/360,170.0,e
curtainwall_single,600S200-33,33,12,40,L/600,149.0,e
curtainwall_single,600S200-33,33,16,5,L/120,412.0,e
curtainwall_single,600S200-33,33,16,5,L/240,327.0,
curtainwall_single,600S200-33,33,16,5,L/360,286.0,
curtainwall_single,600S200-33,33,16,15,L/240,241.0,e
curtainwall_single,600S200-33,33,16,15,L/360,223.0,e
curtainwall_single,600S200-33,33,16,15,L/600,188.0,e
curtainwall_single,600S200-33,33,16,20,L/240,208.0,e
curtainwall_single,600S200-33,33,16,20,L/360,203.0,e
curtainwall_single,600S200-33,33,16,20,L/600,171.0,e
curtainwall_single,600S200-33,33,16,25,L/240,186.0,e
curtainwall_single,600S200-33,33,16,25,L/360,186.0,e
curtainwall_single,600S200-33,33,16,25,L/600,159.0,e
curtainwall_single,600S200-33,33,16,30,L/240,170.0,e
curtainwall_single,600S200-33,33,16,30,L/360,170.0,e
curtainwall_single,600S200-33,33,16,30,L/600,149.0,e
curtainwall_single,600S200-33,33,16,35,L/240,157.0,e
curtainwall_single,600S200-33,33,16,35,L/360,157.0,e
curtainwall_single,600S200-33,33,16,35,L/600,142.0,e
curtainwall_single,600S200-33,33,16,40,L/240,147.0,e
curtainwall_single,600S200-33,33,16,40,L/360,147.0,e
curtainwall_single,600S200-33,33,16,40,L/600,136.0,e
curtainwall_single,600S200-33,33,24,5,L/120,340.0,e
curtainwall_single,600S200-33,33,24,5,L/240,286.0,e
curtainwall_single,600S200-33,33,24,5,L/360,250.0,e
curtainwall_single,600S200-33,33,24,15,L/240,196.0,e
curtainwall_single,600S200-33,33,24,15,L/360,195.0,e
curtainwall_single,600S200-33,33,24,15,L/600,164.0,e
curtainwall_single,600S200-33,33,24,20,L/240,170.0,e
curtainwall_single,600S200-33,33,24,20,L/360,170.0,e
curtainwall_single,600S200-33,33,24,20,L/600,149.0,e
curtainwall_single,600S200-33,33,24,25,L/240,152.0,e
curtainwall_single,600S200-33,33,24,25,L/360,152.0,e
curtainwall_single,600S200-33,33,24,25,L/600,139.0,e
curtainwall_single,600S200-33,33,24,30,L/240,139.0,e
curtainwall_single,600S200-33,33,24,30,L/360,139.0,e
curtainwall_single,600S200-33,33,24,30,L/600,131.0,e
curtainwall_single,600S200-33,33,24,35,L/240,129.0,e
curtainwall_single,600S200-33,33,24,35,L/360,129.0,e
curtainwall_single,600S200-33,33,24,35,L/600,124.0,e
curtainwall_single,600S200-33,33,24,40,L/240,120.0,e
curtainwall_single,600S200-33,33,24,40,L/360,120.0,e
curtainwall_single,600S200-33,33,24,40,L/600,119.0,e
curtainwall_single,600S200-43,33,12,5,L/120,495.0,
curtainwall_single,600S200-43,33,12,5,L/240,393.0,
curtainwall_single,600S200-43,33,12,5,L/360,343.0,
curtainwall_single,600S200-43,33,12,15,L/240,307.0,
curtainwall_single,600S200-43,33,12,15,L/360,268.0,
curtainwall_single,600S200-43,33,12,15,L/600,226.0,
curtainwall_single,600S200-43,33,12,20,L/240,279.0,e
curtainwall_single,600S200-43,33,12,20,L/360,244.0,
curtainwall_single,600S200-43,33,12,20,L/600,206.0,
curtainwall_single,600S200-43,33,12,25,L/240,257.0,e
curtainwall_single,600S200-43,33,12,25,L/360,226.0,e
curtainwall_single,600S200-43,33,12,25,L/600,191.0,
curtainwall_single,600S200-43,33,12,30,L/240,234.0,e
curtainwall_single,600S200-43,33,12,30,L/360,213.0,e
curtainwall_single,600S200-43,33,12,30,L/600,180.0,e
curtainwall_single,600S200-43,33,12,35,L/240,217.0,e
curtainwall_single,600S200-43,33,12,35,L/360,202.0,e
curtainwall_single,600S200-43,33,12,35,L/600,171.0,e
curtainwall_single,600S200-43,33,12,40,L/240,203.0,e
curtainwall_single,600S200-43,33,12,40,L/360,193.0,e
curtainwall_single,600S200-43,33,12,40,L/600,163.0,e
curtainwall_single,600S200-43,33,16,5,L/120,450.0,
curtainwall_single,600S200-43,33,16,5,L/240,357.0,
curtainwall_single,600S200-43,33,16,5,L/360,312.0,
curtainwall_single,600S200-43,33,16,15,L/240,279.0,e
curtainwall_single,600S200-43,33,16,15,L/360,244.0,
curtainwall_single,600S200-43,33,16,15,L/600,206.0,
curtainwall_single,600S200-43,33,16,20,L/240,249.0,e
curtainwall_single,600S200-43,33,16,20,L/360,221.0,e
curtainwall_single,600S200-43,33,16,20,L/600,187.0,
curtainwall_single,600S200-43,33,16,25,L/240,222.0,e
curtainwall_single,600S200-43,33,16,25,L/360,206.0,e
curtainwall_single,600S200-43,33,16,25,L/600,173.0,e
curtainwall_single,600S200-43,33,16,30,L/240,203.0,e
curtainwall_single,600S200-43,33,16,30,L/360,193.0,e
curtainwall_single,600S200-43,33,16,30,L/600,163.0,e
curtainwall_single,600S200-43,33,16,35,L/240,188.0,e
curtainwall_single,600S200-43,33,16,35,L/360,184.0,e
curtainwall_single,600S200-43,33,16,35,L/600,155.0,e
curtainwall_single,600S200-43,33,16,40,L/240,176.0,e
curtainwall_single,600S200-43,33,16,40,L/360,176.0,e
curtainwall_single,600S200-43,33,16,40,L/600,148.0,e
curtainwall_single,600S200-43,33,24,5,L/120,393.0,
curtainwall_single,600S200-43,33,24,5,L/240,312.0,
curtainwall_single,600S200-43,33,24,5,L/360,273.0,
curtainwall_single,600S200-43,33,24,15,L/240,234.0,e
curtainwall_single,600S200-43,33,24,15,L/360,213.0,e
curtainwall_single,600S200-43,33,24,15,L/600,180.0,e
curtainwall_single,600S200-43,33,24,20,L/240,203.0,e
curtainwall_single,600S200-43,33,24,20,L/360,193.0,e
curtainwall_single,600S200-43,33,24,20,L/600,163.0,e
curtainwall_single,600S200-43,33,24,25,L/240,182.0,e
curtainwall_single,600S200-43,33,24,25,L/360,180.0,e
curtainwall_single,600S200-43,33,24,25,L/600,151.0,e
curtainwall_single,600S200-43,33,24,30,L/240,166.0,e
curtainwall_single,600S200-43,33,24,30,L/360,166.0,e
curtainwall_single,600S200-43,33,24,30,L/600,143.0,e
curtainwall_single,600S200-43,33,24,35,L/240,153.0,e
curtainwall_single,600S200-43,33,24,35,L/360,153.0,e
curtainwall_single,600S200-43,33,24,35,L/600,135.0,e
curtainwall_single,600S200-43,33,24,40,L/240,144.0,e
curtainwall_single,600S200-43,33,24,40,L/360,144.0,e
curtainwall_single,600S200-43,33,24,40,L/600,129.0,e
curtainwall_single,600S200-54,33,12,5,L/120,532.0,
curtainwall_single,600S200-54,33,12,5,L/240,422.0,
curtainwall_single,600S200-54,33,12,5,L/360,369.0,
curtainwall_single,600S200-54,33,12,15,L/240,330.0,
curtainwall_single,600S200-54,33,12,15,L/360,288.0,
curtainwall_single,600S200-54,33,12,15,L/600,243.0,
curtainwall_single,600S200-54,33,12,20,L/240,299.0,
curtainwall_single,600S200-54,33,12,20,L/360,262.0,
curtainwall_single,600S200-54,33,12,20,L/600,221.0,
curtainwall_single,600S200-54,33,12,25,L/240,278.0,
curtainwall_single,600S200-54,33,12,25,L/360,243.0,
curtainwall_single,600S200-54,33,12,25,L/600,205.0,
curtainwall_single,600S200-54,33,12,30,L/240,262.0,
curtainwall_single,600S200-54,33,12,30,L/360,229.0,
curtainwall_single,600S200-54,33,12,30,L/600,193.0,
curtainwall_single,600S200-54,33,12,35,L/240,249.0,
curtainwall_single,600S200-54,33,12,35,L/360,217.0,
curtainwall_single,600S200-54,33,12,35,L/600,183.0,
curtainwall_single,600S200-54,33,12,40,L/240,238.0,e
curtainwall_single,600S200-54,33,12,40,L/360,208.0,
curtainwall_single,600S200-54,33,12,40,L/600,175.0,
curtainwall_single,600S200-54,33,16,5,L/120,483.0,
curtainwall_single,600S200-54,33,16,5,L/240,384.0,
curtainwall_single,600S200-54,33,16,5,L/360,335.0,
curtainwall_single,600S200-54,33,16,15,L/240,299.0,
curtainwall_single,600S200-54,33,16,15,L/360,262.0,
curtainwall_single,600S200-54,33,16,15,L/600,221.0,
curtainwall_single,600S200-54,33,16,20,L/240,272.0,
curtainwall_single,600S200-54,33,16,20,L/360,238.0,
curtainwall_single,600S200-54,33,16,20,L/600,200.0,
curtainwall_single,600S200-54,33,16,25,L/240,253.0,
curtainwall_single,600S200-54,33,16,25,L/360,221.0,
curtainwall_single,600S200-54,33,16,25,L/600,186.0,
curtainwall_single,600S200-54,33,16,30,L/240,238.0,e
curtainwall_single,600S200-54,33,16,30,L/360,208.0,
curtainwall_single,600S200-54,33,16,30,L/600,175.0,
curtainwall_single,600S200-54,33,16,35,L/240,222.0,e
curtainwall_single,600S200-54,33,16,35,L/360,197.0,e
curtainwall_single,600S200-54,33,16,35,L/600,166.0,
curtainwall_single,600S200-54,33,16,40,L/240,208.0,e
curtainwall_single,600S200-54,33,16,40,L/360,189.0,e
curtainwall_single,600S200-54,33,16,40,L/600,159.0,
curtainwall_single,600S200-54,33,24,5,L/120,422.0,
curtainwall_single,600S200-54,33,24,5,L/240,335.0,
curtainwall_single,600S200-54,33,24,5,L/360,293.0,
curtainwall_single,600S200-54,33,24,15,L/240,262.0,
curtainwall_single,600S200-54,33,24,15,L/360,229.0,
curtainwall_single,600S200-54,33,24,15,L/600,193.0,
curtainwall_single,600S200-54,33,24,20,L/240,238.0,e
curtainwall_single,600S200-54,33,24,20,L/360,208.0,
curtainwall_single,600S200-54,33,24,20,L/600,175.0,
curtainwall_single,600S200-54,33,24,25,L/240,214.0,e
curtainwall_single,600S200-54,33,24,25,L/360,193.0,e
curtainwall_single,600S200-54,33,24,25,L/600,163.0,
curtainwall_single,600S200-54,33,24,30,L/240,196.0,e
curtainwall_single,600S200-54,33,24,30,L/360,181.0,e
curtainwall_single,600S200-54,33,24,30,L/600,153.0,e
curtainwall_single,600S200-54,33,24,35,L/240,181.0,e
curtainwall_single,600S200-54,33,24,35,L/360,172.0,e
curtainwall_single,600S200-54,33,24,35,L/600,145.0,e
curtainwall_single,600S200-54,33,24,40,L/240,170.0,e
curtainwall_single,600S200-54,33,24,40,L/360,165.0,e
curtainwall_single,600S200-54,33,24,40,L/600,139.0,e
curtainwall_single,600S200-54,50,12,5,L/120,532.0,
curtainwall_single,600S200-54,50,12,5,L/240,422.0,
curtainwall_single,600S200-54,50,12,5,L/360,369.0,
curtainwall_single,600S200-54,50,12,15,L/240,330.0,
curtainwall_single,600S200-54,50,12,15,L/360,288.0,
curtainwall_single,600S200-54,50,12,15,L/600,243.0,
curtainwall_single,600S200-54,50,12,20,L/240,299.0,
curtainwall_single,600S200-54,50,12,20,L/360,262.0,
curtainwall_single,600S200-54,50,12,20,L/600,221.0,
curtainwall_single,600S200-54,50,12,25,L/240,278.0,
curtainwall_single,600S200-54,50,12,25,L/360,243.0,
curtainwall_single,600S200-54,50,12,25,L/600,205.0,
curtainwall_single,600S200-54,50,12,30,L/240,262.0,
curtainwall_single,600S200-54,50,12,30,L/360,229.0,
curtainwall_single,600S200-54,50,12,30,L/600,193.0,
curtainwall_single,600S200-54,50,12,35,L/240,249.0,
curtainwall_single,600S200-54,50,12,35,L/360,217.0,
curtainwall_single,600S200-54,50,12,35,L/600,183.0,
curtainwall_single,600S200-54,50,12,40,L/240,238.0,
curtainwall_single,600S200-54,50,12,40,L/360,208.0,
curtainwall_single,600S200-54,50,12,40,L/600,175.0,
curtainwall_single,600S200-54,50,16,5,L/120,483.0,
curtainwall_single,600S200-54,50,16,5,L/240,384.0,
curtainwall_single,600S200-54,50,16,5,L/360,335.0,
curtainwall_single,600S200-54,50,16,15,L/240,299.0,
curtainwall_single,600S200-54,50,16,15,L/360,262.0,
curtainwall_single,600S200-54,50,16,15,L/600,221.0,
curtainwall_single,600S200-54,50,16,20,L/240,272.0,
curtainwall_single,600S200-54,50,16,20,L/360,238.0,
curtainwall_single,600S200-54,50,16,20,L/600,200.0,
curtainwall_single,600S200-54,50,16,25,L/240,253.0,
curtainwall_single,600S200-54,50,16,25,L/360,221.0,
curtainwall_single,600S200-54,50,16,25,L/600,186.0,
curtainwall_single,600S200-54,50,16,30,L/240,238.0,
curtainwall_single,600S200-54,50,16,30,L/360,208.0,
curtainwall_single,600S200-54,50,16,30,L/600,175.0,
curtainwall_single,600S200-54,50,16,35,L/240,226.0,
curtainwall_single,600S200-54,50,16,35,L/360,197.0,
curtainwall_single,600S200-54,50,16,35,L/600,166.0,
curtainwall_single,600S200-54,50,16,40,L/240,216.0,
curtainwall_single,600S200-54,50,16,40,L/360,189.0,
curtainwall_single,600S200-54,50,16,40,L/600,159.0,
curtainwall_single,600S200-54,50,24,5,L/120,422.0,
curtainwall_single,600S200-54,50,24,5,L/240,335.0,
curtainwall_single,600S200-54,50,24,5,L/360,293.0,
curtainwall_single,600S200-54,50,24,15,L/240,262.0,
curtainwall_single,600S200-54,50,24,15,L/360,229.0,
curtainwall_single,600S200-54,50,24,15,L/600,193.0,
curtainwall_single,600S200-54,50,24,20,L/240,238.0,
curtainwall_single,600S200-54,50,24,20,L/360,208.0,
curtainwall_single,600S200-54,50,24,20,L/600,175.0,
curtainwall_single,600S200-54,50,24,25,L/240,221.0,
curtainwall_single,600S200-54,50,24,25,L/360,193.0,
curtainwall_single,600S200-54,50,24,25,L/600,163.0,
curtainwall_single,600S200-54,50,24,30,L/240,208.0,
curtainwall_single,600S200-54,50,24,30,L/360,181.0,
curtainwall_single,600S200-54,50,24,30,L/600,153.0,
curtainwall_single,600S200-54,50,24,35,L/240,197.0,e
curtainwall_single,600S200-54,50,24,35,L/360,172.0,
curtainwall_single,600S200-54,50,24,35,L/600,145.0,
curtainwall_single,600S200-54,50,24,40,L/240,189.0,e
curtainwall_single,600S200-54,50,24,40,L/360,165.0,
curtainwall_single,600S200-54,50,24,40,L/600,139.0,
curtainwall_single,600S200-68,50,12,5,L/120,571.0,
curtainwall_single,600S200-68,50,12,5,L/240,453.0,
curtainwall_single,600S200-68,50,12,5,L/360,396.0,
curtainwall_single,600S200-68,50,12,15,L/240,354.0,
curtainwall_single,600S200-68,50,12,15,L/360,309.0,
curtainwall_single,600S200-68,50,12,15,L/600,261.0,
curtainwall_single,600S200-68,50,12,20,L/240,321.0,
curtainwall_single,600S200-68,50,12,20,L/360,281.0,
curtainwall_single,600S200-68,50,12,20,L/600,237.0,
curtainwall_single,600S200-68,50,12,25,L/240,298.0,
curtainwall_single,600S200-68,50,12,25,L/360,261.0,
curtainwall_single,600S200-68,50,12,25,L/600,220.0,
curtainwall_single,600S200-68,50,12,30,L/240,281.0,
curtainwall_single,600S200-68,50,12,30,L/360,245.0,
curtainwall_single,600S200-68,50,12,30,L/600,207.0,
curtainwall_single,600S200-68,50,12,35,L/240,267.0,
curtainwall_single,600S200-68,50,12,35,L/360,233.0,
curtainwall_single,600S200-68,50,12,35,L/600,196.0,
curtainwall_single,600S200-68,50,12,40,L/240,255.0,
curtainwall_single,600S200-68,50,12,40,L/360,223.0,
curtainwall_single,600S200-68,50,12,40,L/600,188.0,
curtainwall_single,600S200-68,50,16,5,L/120,518.0,
curtainwall_single,600S200-68,50,16,5,L/240,412.0,
curtainwall_single,600S200-68,50,16,5,L/360,359.0,
curtainwall_single,600S200-68,50,16,15,L/240,321.0,
curtainwall_single,600S200-68,50,16,15,L/360,281.0,
curtainwall_single,600S200-68,50,16,15,L/600,237.0,
curtainwall_single,600S200-68,50,16,20,L/240,292.0,
curtainwall_single,600S200-68,50,16,20,L/360,255.0,
curtainwall_single,600S200-68,50,16,20,L/600,215.0,
curtainwall_single,600S200-68,50,16,25,L/240,271.0,
curtainwall_single,600S200-68,50,16,25,L/360,237.0,
curtainwall_single,600S200-68,50,16,25,L/600,200.0,
curtainwall_single,600S200-68,50,16,30,L/240,255.0,
curtainwall_single,600S200-68,50,16,30,L/360,223.0,
curtainwall_single,600S200-68,50,16,30,L/600,188.0,
curtainwall_single,600S200-68,50,16,35,L/240,242.0,
curtainwall_single,600S200-68,50,16,35,L/360,212.0,
curtainwall_single,600S200-68,50,16,35,L/600,179.0,
curtainwall_single,600S200-68,50,16,40,L/240,232.0,
curtainwall_single,600S200-68,50,16,40,L/360,202.0,
curtainwall_single,600S200-68,50,16,40,L/600,171.0,
curtainwall_single,600S200-68,50,24,5,L/120,453.0,
curtainwall_single,600S200-68,50,24,5,L/240,359.0,
curtainwall_single,600S200-68,50,24,5,L/360,314.0,
curtainwall_single,600S200-68,50,24,15,L/240,281.0,
curtainwall_single,600S200-68,50,24,15,L/360,245.0,
curtainwall_single,600S200-68,50,24,15,L/600,207.0,
curtainwall_single,600S200-68,50,24,20,L/240,255.0,
curtainwall_single,600S200-68,50,24,20,L/360,223.0,
curtainwall_single,600S200-68,50,24,20,L/600,188.0,
curtainwall_single,600S200-68,50,24,25,L/240,237.0,
curtainwall_single,600S200-68,50,24,25,L/360,207.0,
curtainwall_single,600S200-68,50,24,25,L/600,174.0,
curtainwall_single,600S200-68,50,24,30,L/240,223.0,
curtainwall_single,600S200-68,50,24,30,L/360,195.0,
curtainwall_single,600S200-68,50,24,30,L/600,164.0,
curtainwall_single,600S200-68,50,24,35,L/240,212.0,
curtainwall_single,600S200-68,50,24,35,L/360,185.0,
curtainwall_single,600S200-68,50,24,35,L/600,156.0,
curtainwall_single,600S200-68,50,24,40,L/240,202.0,
curtainwall_single,600S200-68,50,24,40,L/360,177.0,
curtainwall_single,600S200-68,50,24,40,L/600,149.0,
curtainwall_single,600S200-97,50,12,5,L/120,634.0,
curtainwall_single,600S200-97,50,12,5,L/240,503.0,
curtainwall_single,600S200-97,50,12,5,L/360,439.0,
curtainwall_single,600S200-97,50,12,15,L/240,393.0,
curtainwall_single,600S200-97,50,12,15,L/360,343.0,
curtainwall_single,600S200-97,50,12,15,L/600,289.0,
curtainwall_single,600S200-97,50,12,20,L/240,357.0,
curtainwall_single,600S200-97,50,12,20,L/360,312.0,
curtainwall_single,600S200-97,50,12,20,L/600,263.0,
curtainwall_single,600S200-97,50,12,25,L/240,331.0,
curtainwall_single,600S200-97,50,12,25,L/360,289.0,
curtainwall_single,600S200-97,50,12,25,L/600,244.0,
curtainwall_single,600S200-97,50,12,30,L/240,312.0,
curtainwall_single,600S200-97,50,12,30,L/360,272.0,
curtainwall_single,600S200-97,50,12,30,L/600,230.0,
curtainwall_single,600S200-97,50,12,35,L/240,296.0,
curtainwall_single,600S200-97,50,12,35,L/360,259.0,
curtainwall_single,600S200-97,50,12,35,L/600,218.0,
curtainwall_single,600S200-97,50,12,40,L/240,283.0,
curtainwall_single,600S200-97,50,12,40,L/360,247.0,
curtainwall_single,600S200-97,50,12,40,L/600,209.0,
curtainwall_single,600S200-97,50,16,5,L/120,576.0,
curtainwall_single,600S200-97,50,16,5,L/240,457.0,
curtainwall_single,600S200-97,50,16,5,L/360,399.0,
curtainwall_single,600S200-97,50,16,15,L/240,357.0,
curtainwall_single,600S200-97,50,16,15,L/360,312.0,
curtainwall_single,600S200-97,50,16,15,L/600,263.0,
curtainwall_single,600S200-97,50,16,20,L/240,324.0,
curtainwall_single,600S200-97,50,16,20,L/360,283.0,
curtainwall_single,600S200-97,50,16,20,L/600,239.0,
curtainwall_single,600S200-97,50,16,25,L/240,301.0,
curtainwall_single,600S200-97,50,16,25,L/360,263.0,
curtainwall_single,600S200-97,50,16,25,L/600,222.0,
curtainwall_single,600S200-97,50,16,30,L/240,283.0,
curtainwall_single,600S200-97,50,16,30,L/360,247.0,
curtainwall_single,600S200-97,50,16,30,L/600,209.0,
curtainwall_single,600S200-97,50,16,35,L/240,269.0,
curtainwall_single,600S200-97,50,16,35,L/360,235.0,
curtainwall_single,600S200-97,50,16,35,L/600,198.0,
curtainwall_single,600S200-97,50,16,40,L/240,257.0,
curtainwall_single,600S200-97,50,16,40,L/360,225.0,
curtainwall_single,600S200-97,50,16,40,L/600,190.0,
curtainwall_single,600S200-97,50,24,5,L/120,503.0,
curtainwall_single,600S200-97,50,24,5,L/240,399.0,
curtainwall_single,600S200-97,50,24,5,L/360,349.0,
curtainwall_single,600S200-97,50,24,15,L/240,312.0,
curtainwall_single,600S200-97,50,24,15,L/360,272.0,
curtainwall_single,600S200-97,50,24,15,L/600,230.0,
curtainwall_single,600S200-97,50,24,20,L/240,283.0,
curtainwall_single,600S200-97,50,24,20,L/360,247.0,
curtainwall_single,600S200-97,50,24,20,L/600,209.0,
curtainwall_single,600S200-97,50,24,25,L/240,263.0,
curtainwall_single,600S200-97,50,24,25,L/360,230.0,
curtainwall_single,600S200-97,50,24,25,L/600,194.0,
curtainwall_single,600S200-97,50,24,30,L/240,247.0,
curtainwall_single,600S200-97,50,24,30,L/360,216.0,
curtainwall_single,600S200-97,50,24,30,L/600,182.0,
curtainwall_single,600S200-97,50,24,35,L/240,235.0,
curtainwall_single,600S200-97,50,24,35,L/360,205.0,
curtainwall_single,600S200-97,50,24,35,L/600,173.0,
curtainwall_single,600S200-97,50,24,40,L/240,225.0,
curtainwall_single,600S200-97,50,24,40,L/360,196.0,
curtainwall_single,600S200-97,50,24,40,L/600,166.0,
curtainwall_single,600S200-118,50,12,5,L/120,670.0,
curtainwall_single,600S200-118,50,12,5,L/240,532.0,
curtainwall_single,600S200-118,50,12,5,L/360,465.0,
curtainwall_single,600S200-118,50,12,15,L/240,415.0,
curtainwall_single,600S200-118,50,12,15,L/360,363.0,
curtainwall_single,600S200-118,50,12,15,L/600,306.0,
curtainwall_single,600S200-118,50,12,20,L/240,377.0,
curtainwall_single,600S200-118,50,12,20,L/360,330.0,
curtainwall_single,600S200-118,50,12,20,L/600,278.0,
curtainwall_single,600S200-118,50,12,25,L/240,350.0,
curtainwall_single,600S200-118,50,12,25,L/360,306.0,
curtainwall_single,600S200-118,50,12,25,L/600,258.0,
curtainwall_single,600S200-118,50,12,30,L/240,330.0,
curtainwall_single,600S200-118,50,12,30,L/360,288.0,
curtainwall_single,600S200-118,50,12,30,L/600,243.0,
curtainwall_single,600S200-118,50,12,35,L/240,313.0,
curtainwall_single,600S200-118,50,12,35,L/360,274.0,
curtainwall_single,600S200-118,50,12,35,L/600,231.0,
curtainwall_single,600S200-118,50,12,40,L/240,300.0,
curtainwall_single,600S200-118,50,12,40,L/360,262.0,
curtainwall_single,600S200-118,50,12,40,L/600,221.0,
curtainwall_single,600S200-118,50,16,5,L/120,609.0,
curtainwall_single,600S200-118,50,16,5,L/240,483.0,
curtainwall_single,600S200-118,50,16,5,L/360,422.0,
curtainwall_single,600S200-118,50,16,15,L/240,377.0,
curtainwall_single,600S200-118,50,16,15,L/360,330.0,
curtainwall_single,600S200-118,50,16,15,L/600,278.0,
curtainwall_single,600S200-118,50,16,20,L/240,343.0,
curtainwall_single,600S200-118,50,16,20,L/360,300.0,
curtainwall_single,600S200-118,50,16,20,L/600,253.0,
curtainwall_single,600S200-118,50,16,25,L/240,318.0,
curtainwall_single,600S200-118,50,16,25,L/360,278.0,
curtainwall_single,600S200-118,50,16,25,L/600,235.0,
curtainwall_single,600S200-118,50,16,30,L/240,300.0,
curtainwall_single,600S200-118,50,16,30,L/360,262.0,
curtainwall_single,600S200-118,50,16,30,L/600,221.0,
curtainwall_single,600S200-118,50,16,35,L/240,285.0,
curtainwall_single,600S200-118,50,16,35,L/360,249.0,
curtainwall_single,600S200-118,50,16,35,L/600,210.0,
curtainwall_single,600S200-118,50,16,40,L/240,272.0,
curtainwall_single,600S200-118,50,16,40,L/360,238.0,
curtainwall_single,600S200-118,50,16,40,L/600,201.0,
curtainwall_single,600S200-118,50,24,5,L/120,532.0,
curtainwall_single,600S200-118,50,24,5,L/240,422.0,
curtainwall_single,600S200-118,50,24,5,L/360,369.0,
curtainwall_single,600S200-118,50,24,15,L/240,330.0,
curtainwall_single,600S200-118,50,24,15,L/360,288.0,
curtainwall_single,600S200-118,50,24,15,L/600,243.0,
curtainwall_single,600S200-118,50,24,20,L/240,300.0,
curtainwall_single,600S200-118,50,24,20,L/360,262.0,
curtainwall_single,600S200-118,50,24,20,L/600,221.0,
curtainwall_single,600S200-118,50,24,25,L/240,278.0,
curtainwall_single,600S200-118,50,24,25,L/360,243.0,
curtainwall_single,600S200-118,50,24,25,L/600,205.0,
curtainwall_single,600S200-118,50,24,30,L/240,262.0,
curtainwall_single,600S200-118,50,24,30,L/360,229.0,
curtainwall_single,600S200-118,50,24,30,L/600,193.0,
curtainwall_single,600S200-118,50,24,35,L/240,249.0,
curtainwall_single,600S200-118,50,24,35,L/360,217.0,
curtainwall_single,600S200-118,50,24,35,L/600,183.0,
curtainwall_single,600S200-118,50,24,40,L/240,238.0,
curtainwall_single,600S200-118,50,24,40,L/360,208.0,
curtainwall_single,600S200-118,50,24,40,L/600,175.0,
curtainwall_single,600S250-43,33,12,5,L/120,519.0,
curtainwall_single,600S250-43,33,12,5,L/240,412.0,
curtainwall_single,600S250-43,33,12,5,L/360,360.0,
curtainwall_single,600S250-43,33,12,15,L/240,322.0,
curtainwall_single,600S250-43,33,12,15,L/360,281.0,
curtainwall_single,600S250-43,33,12,15,L/600,237.0,
curtainwall_single,600S250-43,33,12,20,L/240,292.0,e
curtainwall_single,600S250-43,33,12,20,L/360,255.0,
curtainwall_single,600S250-43,33,12,20,L/600,215.0,
curtainwall_single,600S250-43,33,12,25,L/240,263.0,e
curtainwall_single,600S250-43,33,12,25,L/360,237.0,e
curtainwall_single,600S250-43,33,12,25,L/600,200.0,
curtainwall_single,600S250-43,33,12,30,L/240,240.0,e
curtainwall_single,600S250-43,33,12,30,L/360,223.0,e
curtainwall_single,600S250-43,33,12,30,L/600,188.0,e
curtainwall_single,600S250-43,33,12,35,L/240,222.0,e
curtainwall_single,600S250-43,33,12,35,L/360,212.0,e
curtainwall_single,600S250-43,33,12,35,L/600,179.0,e
curtainwall_single,600S250-43,33,12,40,L/240,208.0,e
curtainwall_single,600S250-43,33,12,40,L/360,203.0,e
curtainwall_single,600S250-43,33,12,40,L/600,171.0,e
curtainwall_single,600S250-43,33,16,5,L/120,471.0,
curtainwall_single,600S250-43,33,16,5,L/240,374.0,
curtainwall_single,600S250-43,33,16,5,L/360,327.0,
curtainwall_single,600S250-43,33,16,15,L/240,292.0,e
curtainwall_single,600S250-43,33,16,15,L/360,255.0,
curtainwall_single,600S250-43,33,16,15,L/600,215.0,
curtainwall_single,600S250-43,33,16,20,L/240,254.0,e
curtainwall_single,600S250-43,33,16,20,L/360,232.0,e
curtainwall_single,600S250-43,33,16,20,L/600,196.0,e
curtainwall_single,600S250-43,33,16,25,L/240,227.0,e
curtainwall_single,600S250-43,33,16,25,L/360,215.0,e
curtainwall_single,600S250-43,33,16,25,L/600,182.0,e
curtainwall_single,600S250-43,33,16,30,L/240,208.0,e
curtainwall_single,600S250-43,33,16,30,L/360,203.0,e
curtainwall_single,600S250-43,33,16,30,L/600,171.0,e
curtainwall_single,600S250-43,33,16,35,L/240,192.0,e
curtainwall_single,600S250-43,33,16,35,L/360,192.0,e
curtainwall_single,600S250-43,33,16,35,L/600,162.0,e
curtainwall_single,600S250-43,33,16,40,L/240,180.0,e
curtainwall_single,600S250-43,33,16,40,L/360,180.0,e
curtainwall_single,600S250-43,33,16,40,L/600,155.0,e
curtainwall_single,600S250-43,33,24,5,L/120,412.0,
curtainwall_single,600S250-43,33,24,5,L/240,327.0,
curtainwall_single,600S250-43,33,24,5,L/360,286.0,
curtainwall_single,600S250-43,33,24,15,L/240,240.0,e
curtainwall_single,600S250-43,33,24,15,L/360,223.0,e
curtainwall_single,600S250-43,33,24,15,L/600,188.0,e
curtainwall_single,600S250-43,33,24,20,L/240,208.0,e
curtainwall_single,600S250-43,33,24,20,L/360,203.0,e
curtainwall_single,600S250-43,33,24,20,L/600,171.0,e
curtainwall_single,600S250-43,33,24,25,L/240,186.0,e
curtainwall_single,600S250-43,33,24,25,L/360,186.0,e
curtainwall_single,600S250-43,33,24,25,L/600,159.0,e
curtainwall_single,600S250-43,33,24,30,L/240,170.0,e
curtainwall_single,600S250-43,33,24,30,L/360,170.0,e
curtainwall_single,600S250-43,33,24,30,L/600,149.0,e
curtainwall_single,600S250-43,33,24,35,L/240,157.0,e
curtainwall_single,600S250-43,33,24,35,L/360,157.0,e
curtainwall_single,600S250-43,33,24,35,L/600,142.0,e
curtainwall_single,600S250-43,33,24,40,L/240,147.0,e
curtainwall_single,600S250-43,33,24,40,L/360,147.0,e
curtainwall_single,600S250-43,33,24,40,L/600,136.0,e
curtainwall_single,600S250-54,33,12,5,L/120,557.0,
curtainwall_single,600S250-54,33,12,5,L/240,442.0,
curtainwall_single,600S250-54,33,12,5,L/360,386.0,
curtainwall_single,600S250-54,33,12,15,L/240,345.0,
curtainwall_single,600S250-54,33,12,15,L/360,302.0,
curtainwall_single,600S250-54,33,12,15,L/600,254.0,
curtainwall_single,600S250-54,33,12,20,L/240,314.0,
curtainwall_single,600S250-54,33,12,20,L/360,274.0,
curtainwall_single,600S250-54,33,12,20,L/600,231.0,
curtainwall_single,600S250-54,33,12,25,L/240,291.0,
curtainwall_single,600S250-54,33,12,25,L/360,254.0,
curtainwall_single,600S250-54,33,12,25,L/600,215.0,
curtainwall_single,600S250-54,33,12,30,L/240,270.0,
curtainwall_single,600S250-54,33,12,30,L/360,239.0,
curtainwall_single,600S250-54,33,12,30,L/600,202.0,
curtainwall_single,600S250-54,33,12,35,L/240,250.0,
curtainwall_single,600S250-54,33,12,35,L/360,227.0,
curtainwall_single,600S250-54,33,12,35,L/600,192.0,
curtainwall_single,600S250-54,33,12,40,L/240,233.0,e
curtainwall_single,600S250-54,33,12,40,L/360,218.0,
curtainwall_single,600S250-54,33,12,40,L/600,184.0,
curtainwall_single,600S250-54,33,16,5,L/120,506.0,
curtainwall_single,600S250-54,33,16,5,L/240,402.0,
curtainwall_single,600S250-54,33,16,5,L/360,351.0,
curtainwall_single,600S250-54,33,16,15,L/240,314.0,
curtainwall_single,600S250-54,33,16,15,L/360,274.0,
curtainwall_single,600S250-54,33,16,15,L/600,231.0,
curtainwall_single,600S250-54,33,16,20,L/240,285.0,
curtainwall_single,600S250-54,33,16,20,L/360,249.0,
curtainwall_single,600S250-54,33,16,20,L/600,210.0,
curtainwall_single,600S250-54,33,16,25,L/240,256.0,
curtainwall_single,600S250-54,33,16,25,L/360,231.0,
curtainwall_single,600S250-54,33,16,25,L/600,195.0,
curtainwall_single,600S250-54,33,16,30,L/240,233.0,e
curtainwall_single,600S250-54,33,16,30,L/360,218.0,
curtainwall_single,600S250-54,33,16,30,L/600,184.0,
curtainwall_single,600S250-54,33,16,35,L/240,216.0,e
curtainwall_single,600S250-54,33,16,35,L/360,207.0,e
curtainwall_single,600S250-54,33,16,35,L/600,174.0,
curtainwall_single,600S250-54,33,16,40,L/240,202.0,e
curtainwall_single,600S250-54,33,16,40,L/360,198.0,e
curtainwall_single,600S250-54,33,16,40,L/600,167.0,e
curtainwall_single,600S250-54,33,24,5,L/120,442.0,
curtainwall_single,600S250-54,33,24,5,L/240,351.0,
curtainwall_single,600S250-54,33,24,5,L/360,307.0,
curtainwall_single,600S250-54,33,24,15,L/240,270.0,
curtainwall_single,600S250-54,33,24,15,L/360,239.0,
curtainwall_single,600S250-54,33,24,15,L/600,202.0,
curtainwall_single,600S250-54,33,24,20,L/240,233.0,e
curtainwall_single,600S250-54,33,24,20,L/360,218.0,
curtainwall_single,600S250-54,33,24,20,L/600,184.0,
curtainwall_single,600S250-54,33,24,25,L/240,209.0,e
curtainwall_single,600S250-54,33,24,25,L/360,202.0,e
curtainwall_single,600S250-54,33,24,25,L/600,170.0,
curtainwall_single,600S250-54,33,24,30,L/240,191.0,e
curtainwall_single,600S250-54,33,24,30,L/360,190.0,e
curtainwall_single,600S250-54,33,24,30,L/600,160.0,e
curtainwall_single,600S250-54,33,24,35,L/240,176.0,e
curtainwall_single,600S250-54,33,24,35,L/360,176.0,e
curtainwall_single,600S250-54,33,24,35,L/600,152.0,e
curtainwall_single,600S250-54,33,24,40,L/240,165.0,e
curtainwall_single,600S250-54,33,24,40,L/360,165.0,e
curtainwall_single,600S250-54,33,24,40,L/600,146.0,e
curtainwall_single,600S250-54,50,12,5,L/120,555.0,
curtainwall_single,600S250-54,50,12,5,L/240,441.0,
curtainwall_single,600S250-54,50,12,5,L/360,385.0,
curtainwall_single,600S250-54,50,12,15,L/240,344.0,
curtainwall_single,600S250-54,50,12,15,L/360,301.0,
curtainwall_single,600S250-54,50,12,15,L/600,253.0,
curtainwall_single,600S250-54,50,12,20,L/240,313.0,
curtainwall_single,600S250-54,50,12,20,L/360,273.0,
curtainwall_single,600S250-54,50,12,20,L/600,230.0,
curtainwall_single,600S250-54,50,12,25,L/240,290.0,
curtainwall_single,600S250-54,50,12,25,L/360,253.0,
curtainwall_single,600S250-54,50,12,25,L/600,214.0,
curtainwall_single,600S250-54,50,12,30,L/240,273.0,
curtainwall_single,600S250-54,50,12,30,L/360,239.0,
curtainwall_single,600S250-54,50,12,30,L/600,201.0,
curtainwall_single,600S250-54,50,12,35,L/240,259.0,
curtainwall_single,600S250-54,50,12,35,L/360,227.0,
curtainwall_single,600S250-54,50,12,35,L/600,191.0,
curtainwall_single,600S250-54,50,12,40,L/240,248.0,
curtainwall_single,600S250-54,50,12,40,L/360,217.0,
curtainwall_single,600S250-54,50,12,40,L/600,183.0,
curtainwall_single,600S250-54,50,16,5,L/120,504.0,
curtainwall_single,600S250-54,50,16,5,L/240,400.0,
curtainwall_single,600S250-54,50,16,5,L/360,350.0,
curtainwall_single,600S250-54,50,16,15,L/240,313.0,
curtainwall_single,600S250-54,50,16,15,L/360,273.0,
curtainwall_single,600S250-54,50,16,15,L/600,230.0,
curtainwall_single,600S250-54,50,16,20,L/240,284.0,
curtainwall_single,600S250-54,50,16,20,L/360,248.0,
curtainwall_single,600S250-54,50,16,20,L/600,209.0,
curtainwall_single,600S250-54,50,16,25,L/240,264.0,
curtainwall_single,600S250-54,50,16,25,L/360,230.0,
curtainwall_single,600S250-54,50,16,25,L/600,194.0,
curtainwall_single,600S250-54,50,16,30,L/240,248.0,
curtainwall_single,600S250-54,50,16,30,L/360,217.0,
curtainwall_single,600S250-54,50,16,30,L/600,183.0,
curtainwall_single,600S250-54,50,16,35,L/240,236.0,
curtainwall_single,600S250-54,50,16,35,L/360,206.0,
curtainwall_single,600S250-54,50,16,35,L/600,174.0,
curtainwall_single,600S250-54,50,16,40,L/240,225.0,
curtainwall_single,600S250-54,50,16,40,L/360,197.0,
curtainwall_single,600S250-54,50,16,40,L/600,166.0,
curtainwall_single,600S250-54,50,24,5,L/120,441.0,
curtainwall_single,600S250-54,50,24,5,L/240,350.0,
curtainwall_single,600S250-54,50,24,5,L/360,305.0,
curtainwall_single,600S250-54,50,24,15,L/240,273.0,
curtainwall_single,600S250-54,50,24,15,L/360,239.0,
curtainwall_single,600S250-54,50,24,15,L/600,201.0,
curtainwall_single,600S250-54,50,24,20,L/240,248.0,
curtainwall_single,600S250-54,50,24,20,L/360,217.0,
curtainwall_single,600S250-54,50,24,20,L/600,183.0,
curtainwall_single,600S250-54,50,24,25,L/240,230.0,
curtainwall_single,600S250-54,50,24,25,L/360,201.0,
curtainwall_single,600S250-54,50,24,25,L/600,170.0,
curtainwall_single,600S250-54,50,24,30,L/240,217.0,
curtainwall_single,600S250-54,50,24,30,L/360,189.0,
curtainwall_single,600S250-54,50,24,30,L/600,160.0,
curtainwall_single,600S250-54,50,24,35,L/240,206.0,e
curtainwall_single,600S250-54,50,24,35,L/360,180.0,
curtainwall_single,600S250-54,50,24,35,L/600,152.0,
curtainwall_single,600S250-54,50,24,40,L/240,195.0,e
curtainwall_single,600S250-54,50,24,40,L/360,172.0,e
curtainwall_single,600S250-54,50,24,40,L/600,145.0,
curtainwall_single,600S250-68,50,12,5,L/120,598.0,
curtainwall_single,600S250-68,50,12,5,L/240,475.0,
curtainwall_single,600S250-68,50,12,5,L/360,415.0,
curtainwall_single,600S250-68,50,12,15,L/240,371.0,
curtainwall_single,600S250-68,50,12,15,L/360,324.0,
curtainwall_single,600S250-68,50,12,15,L/600,273.0,
curtainwall_single,600S250-68,50,12,20,L/240,337.0,
curtainwall_single,600S250-68,50,12,20,L/360,294.0,
curtainwall_single,600S250-68,50,12,20,L/600,248.0,
curtainwall_single,600S250-68,50,12,25,L/240,313.0,
curtainwall_single,600S250-68,50,12,25,L/360,273.0,
curtainwall_single,600S250-68,50,12,25,L/600,230.0,
curtainwall_single,600S250-68,50,12,30,L/240,294.0,
curtainwall_single,600S250-68,50,12,30,L/360,257.0,
curtainwall_single,600S250-68,50,12,30,L/600,217.0,
curtainwall_single,600S250-68,50,12,35,L/240,280.0,
curtainwall_single,600S250-68,50,12,35,L/360,244.0,
curtainwall_single,600S250-68,50,12,35,L/600,206.0,
curtainwall_single,600S250-68,50,12,40,L/240,267.0,
curtainwall_single,600S250-68,50,12,40,L/360,234.0,
curtainwall_single,600S250-68,50,12,40,L/600,197.0,
curtainwall_single,600S250-68,50,16,5,L/120,544.0,
curtainwall_single,600S250-68,50,16,5,L/240,431.0,
curtainwall_single,600S250-68,50,16,5,L/360,377.0,
curtainwall_single,600S250-68,50,16,15,L/240,337.0,
curtainwall_single,600S250-68,50,16,15,L/360,294.0,
curtainwall_single,600S250-68,50,16,15,L/600,248.0,
curtainwall_single,600S250-68,50,16,20,L/240,306.0,
curtainwall_single,600S250-68,50,16,20,L/360,267.0,
curtainwall_single,600S250-68,50,16,20,L/600,226.0,
curtainwall_single,600S250-68,50,16,25,L/240,284.0,
curtainwall_single,600S250-68,50,16,25,L/360,248.0,
curtainwall_single,600S250-68,50,16,25,L/600,209.0,
curtainwall_single,600S250-68,50,16,30,L/240,267.0,
curtainwall_single,600S250-68,50,16,30,L/360,234.0,
curtainwall_single,600S250-68,50,16,30,L/600,197.0,
curtainwall_single,600S250-68,50,16,35,L/240,254.0,
curtainwall_single,600S250-68,50,16,35,L/360,222.0,
curtainwall_single,600S250-68,50,16,35,L/600,187.0,
curtainwall_single,600S250-68,50,16,40,L/240,243.0,
curtainwall_single,600S250-68,50,16,40,L/360,212.0,
curtainwall_single,600S250-68,50,16,40,L/600,179.0,
curtainwall_single,600S250-68,50,24,5,L/120,475.0,
curtainwall_single,600S250-68,50,24,5,L/240,377.0,
curtainwall_single,600S250-68,50,24,5,L/360,329.0,
curtainwall_single,600S250-68,50,24,15,L/240,294.0,
curtainwall_single,600S250-68,50,24,15,L/360,257.0,
curtainwall_single,600S250-68,50,24,15,L/600,217.0,
curtainwall_single,600S250-68,50,24,20,L/240,267.0,
curtainwall_single,600S250-68,50,24,20,L/360,234.0,
curtainwall_single,600S250-68,50,24,20,L/600,197.0,
curtainwall_single,600S250-68,50,24,25,L/240,248.0,
curtainwall_single,600S250-68,50,24,25,L/360,217.0,
curtainwall_single,600S250-68,50,24,25,L/600,183.0,
curtainwall_single,600S250-68,50,24,30,L/240,234.0,
curtainwall_single,600S250-68,50,24,30,L/360,204.0,
curtainwall_single,600S250-68,50,24,30,L/600,172.0,
curtainwall_single,600S250-68,50,24,35,L/240,222.0,
curtainwall_single,600S250-68,50,24,35,L/360,194.0,
curtainwall_single,600S250-68,50,24,35,L/600,164.0,
curtainwall_single,600S250-68,50,24,40,L/240,212.0,
curtainwall_single,600S250-68,50,24,40,L/360,185.0,
curtainwall_single,600S250-68,50,24,40,L/600,156.0,
curtainwall_single,600S250-97,50,12,5,L/120,665.0,
curtainwall_single,600S250-97,50,12,5,L/240,528.0,
curtainwall_single,600S250-97,50,12,5,L/360,461.0,
curtainwall_single,600S250-97,50,12,15,L/240,412.0,
curtainwall_single,600S250-97,50,12,15,L/360,360.0,
curtainwall_single,600S250-97,50,12,15,L/600,304.0,
curtainwall_single,600S250-97,50,12,20,L/240,375.0,
curtainwall_single,600S250-97,50,12,20,L/360,327.0,
curtainwall_single,600S250-97,50,12,20,L/600,276.0,
curtainwall_single,600S250-97,50,12,25,L/240,348.0,
curtainwall_single,600S250-97,50,12,25,L/360,304.0,
curtainwall_single,600S250-97,50,12,25,L/600,256.0,
curtainwall_single,600S250-97,50,12,30,L/240,327.0,
curtainwall_single,600S250-97,50,12,30,L/360,286.0,
curtainwall_single,600S250-97,50,12,30,L/600,241.0,
curtainwall_single,600S250-97,50,12,35,L/240,311.0,
curtainwall_single,600S250-97,50,12,35,L/360,272.0,
curtainwall_single,600S250-97,50,12,35,L/600,229.0,
curtainwall_single,600S250-97,50,12,40,L/240,297.0,
curtainwall_single,600S250-97,50,12,40,L/360,260.0,
curtainwall_single,600S250-97,50,12,40,L/600,219.0,
curtainwall_single,600S250-97,50,16,5,L/120,604.0,
curtainwall_single,600S250-97,50,16,5,L/240,480.0,
curtainwall_single,600S250-97,50,16,5,L/360,419.0,
curtainwall_single,600S250-97,50,16,15,L/240,375.0,
curtainwall_single,600S250-97,50,16,15,L/360,327.0,
curtainwall_single,600S250-97,50,16,15,L/600,276.0,
curtainwall_single,600S250-97,50,16,20,L/240,340.0,
curtainwall_single,600S250-97,50,16,20,L/360,297.0,
curtainwall_single,600S250-97,50,16,20,L/600,251.0,
curtainwall_single,600S250-97,50,16,25,L/240,316.0,
curtainwall_single,600S250-97,50,16,25,L/360,276.0,
curtainwall_single,600S250-97,50,16,25,L/600,233.0,
curtainwall_single,600S250-97,50,16,30,L/240,297.0,
curtainwall_single,600S250-97,50,16,30,L/360,260.0,
curtainwall_single,600S250-97,50,16,30,L/600,219.0,
curtainwall_single,600S250-97,50,16,35,L/240,282.0,
curtainwall_single,600S250-97,50,16,35,L/360,247.0,
curtainwall_single,600S250-97,50,16,35,L/600,208.0,
curtainwall_single,600S250-97,50,16,40,L/240,270.0,
curtainwall_single,600S250-97,50,16,40,L/360,236.0,
curtainwall_single,600S250-97,50,16,40,L/600,199.0,
curtainwall_single,600S250-97,50,24,5,L/120,528.0,
curtainwall_single,600S250-97,50,24,5,L/240,419.0,
curtainwall_single,600S250-97,50,24,5,L/360,366.0,
curtainwall_single,600S250-97,50,24,15,L/240,327.0,
curtainwall_single,600S250-97,50,24,15,L/360,286.0,
curtainwall_single,600S250-97,50,24,15,L/600,241.0,
curtainwall_single,600S250-97,50,24,20,L/240,297.0,
curtainwall_single,600S250-97,50,24,20,L/360,260.0,
curtainwall_single,600S250-97,50,24,20,L/600,219.0,
curtainwall_single,600S250-97,50,24,25,L/240,276.0,
curtainwall_single,600S250-97,50,24,25,L/360,241.0,
curtainwall_single,600S250-97,50,24,25,L/600,203.0,
curtainwall_single,600S250-97,50,24,30,L/240,260.0,
curtainwall_single,600S250-97,50,24,30,L/360,227.0,
curtainwall_single,600S250-97,50,24,30,L/600,191.0,
curtainwall_single,600S250-97,50,24,35,L/240,247.0,
curtainwall_single,600S250-97,50,24,35,L/360,216.0,
curtainwall_single,600S250-97,50,24,35,L/600,182.0,
curtainwall_single,600S250-97,50,24,40,L/240,236.0,
curtainwall_single,600S250-97,50,24,40,L/360,206.0,
curtainwall_single,600S250-97,50,24,40,L/600,174.0,
curtainwall_single,600S250-118,50,12,5,L/120,705.0,
curtainwall_single,600S250-118,50,12,5,L/240,559.0,
curtainwall_single,600S250-118,50,12,5,L/360,489.0,
curtainwall_single,600S250-118,50,12,15,L/240,437.0,
curtainwall_single,600S250-118,50,12,15,L/360,381.0,
curtainwall_single,600S250-118,50,12,15,L/600,322.0,
curtainwall_single,600S250-118,50,12,20,L/240,397.0,
curtainwall_single,600S250-118,50,12,20,L/360,347.0,
curtainwall_single,600S250-118,50,12,20,L/600,292.0,
curtainwall_single,600S250-118,50,12,25,L/240,368.0,
curtainwall_single,600S250-118,50,12,25,L/360,322.0,
curtainwall_single,600S250-118,50,12,25,L/600,271.0,
curtainwall_single,600S250-118,50,12,30,L/240,347.0,
curtainwall_single,600S250-118,50,12,30,L/360,303.0,
curtainwall_single,600S250-118,50,12,30,L/600,255.0,
curtainwall_single,600S250-118,50,12,35,L/240,329.0,
curtainwall_single,600S250-118,50,12,35,L/360,288.0,
curtainwall_single,600S250-118,50,12,35,L/600,243.0,
curtainwall_single,600S250-118,50,12,40,L/240,315.0,
curtainwall_single,600S250-118,50,12,40,L/360,275.0,
curtainwall_single,600S250-118,50,12,40,L/600,232.0,
curtainwall_single,600S250-118,50,16,5,L/120,640.0,
curtainwall_single,600S250-118,50,16,5,L/240,508.0,
curtainwall_single,600S250-118,50,16,5,L/360,444.0,
curtainwall_single,600S250-118,50,16,15,L/240,397.0,
curtainwall_single,600S250-118,50,16,15,L/360,347.0,
curtainwall_single,600S250-118,50,16,15,L/600,292.0,
curtainwall_single,600S250-118,50,16,20,L/240,360.0,
curtainwall_single,600S250-118,50,16,20,L/360,315.0,
curtainwall_single,600S250-118,50,16,20,L/600,266.0,
curtainwall_single,600S250-118,50,16,25,L/240,335.0,
curtainwall_single,600S250-118,50,16,25,L/360,292.0,
curtainwall_single,600S250-118,50,16,25,L/600,247.0,
curtainwall_single,600S250-118,50,16,30,L/240,315.0,
curtainwall_single,600S250-118,50,16,30,L/360,275.0,
curtainwall_single,600S250-118,50,16,30,L/600,232.0,
curtainwall_single,600S250-118,50,16,35,L/240,299.0,
curtainwall_single,600S250-118,50,16,35,L/360,261.0,
curtainwall_single,600S250-118,50,16,35,L/600,220.0,
curtainwall_single,600S250-118,50,16,40,L/240,286.0,
curtainwall_single,600S250-118,50,16,40,L/360,250.0,
curtainwall_single,600S250-118,50,16,40,L/600,211.0,
curtainwall_single,600S250-118,50,24,5,L/120,559.0,
curtainwall_single,600S250-118,50,24,5,L/240,444.0,
curtainwall_single,600S250-118,50,24,5,L/360,388.0,
curtainwall_single,600S250-118,50,24,15,L/240,347.0,
curtainwall_single,600S250-118,50,24,15,L/360,303.0,
curtainwall_single,600S250-118,50,24,15,L/600,255.0,
curtainwall_single,600S250-118,50,24,20,L/240,315.0,
curtainwall_single,600S250-118,50,24,20,L/360,275.0,
curtainwall_single,600S250-118,50,24,20,L/600,232.0,
curtainwall_single,600S250-118,50,24,25,L/240,292.0,
curtainwall_single,600S250-118,50,24,25,L/360,255.0,
curtainwall_single,600S250-118,50,24,25,L/600,215.0,
curtainwall_single,600S250-118,50,24,30,L/240,275.0,
curtainwall_single,600S250-118,50,24,30,L/360,240.0,
curtainwall_single,600S250-118,50,24,30,L/600,203.0,
curtainwall_single,600S250-118,50,24,35,L/240,261.0,
curtainwall_single,600S250-118,50,24,35,L/360,228.0,
curtainwall_single,600S250-118,50,24,35,L/600,193.0,
curtainwall_single,600S250-118,50,24,40,L/240,250.0,
curtainwall_single,600S250-118,50,24,40,L/360,218.0,
curtainwall_single,600S250-118,50,24,40,L/600,184.0,
curtainwall_single,600S300-54,33,12,5,L/120,579.0,
curtainwall_single,600S300-54,33,12,5,L/240,459.0,
curtainwall_single,600S300-54,33,12,5,L/360,401.0,
curtainwall_single,600S300-54,33,12,15,L/240,359.0,
curtainwall_single,600S300-54,33,12,15,L/360,313.0,
curtainwall_single,600S300-54,33,12,15,L/600,264.0,
curtainwall_single,600S300-54,33,12,20,L/240,326.0,
curtainwall_single,600S300-54,33,12,20,L/360,285.0,
curtainwall_single,600S300-54,33,12,20,L/600,240.0,
curtainwall_single,600S300-54,33,12,25,L/240,301.0,
curtainwall_single,600S300-54,33,12,25,L/360,264.0,
curtainwall_single,600S300-54,33,12,25,L/600,223.0,
curtainwall_single,600S300-54,33,12,30,L/240,275.0,
curtainwall_single,600S300-54,33,12,30,L/360,249.0,
curtainwall_single,600S300-54,33,12,30,L/600,210.0,
curtainwall_single,600S300-54,33,12,35,L/240,255.0,e
curtainwall_single,600S300-54,33,12,35,L/360,236.0,
curtainwall_single,600S300-54,33,12,35,L/600,199.0,
curtainwall_single,600S300-54,33,12,40,L/240,238.0,e
curtainwall_single,600S300-54,33,12,40,L/360,226.0,e
curtainwall_single,600S300-54,33,12,40,L/600,191.0,
curtainwall_single,600S300-54,33,16,5,L/120,526.0,
curtainwall_single,600S300-54,33,16,5,L/240,417.0,
curtainwall_single,600S300-54,33,16,5,L/360,365.0,
curtainwall_single,600S300-54,33,16,15,L/240,326.0,
curtainwall_single,600S300-54,33,16,15,L/360,285.0,
curtainwall_single,600S300-54,33,16,15,L/600,240.0,
curtainwall_single,600S300-54,33,16,20,L/240,292.0,
curtainwall_single,600S300-54,33,16,20,L/360,259.0,
curtainwall_single,600S300-54,33,16,20,L/600,218.0,
curtainwall_single,600S300-54,33,16,25,L/240,261.0,
curtainwall_single,600S300-54,33,16,25,L/360,240.0,
curtainwall_single,600S300-54,33,16,25,L/600,202.0,
curtainwall_single,600S300-54,33,16,30,L/240,238.0,e
curtainwall_single,600S300-54,33,16,30,L/360,226.0,e
curtainwall_single,600S300-54,33,16,30,L/600,191.0,
curtainwall_single,600S300-54,33,16,35,L/240,221.0,e
curtainwall_single,600S300-54,33,16,35,L/360,215.0,e
curtainwall_single,600S300-54,33,16,35,L/600,181.0,
curtainwall_single,600S300-54,33,16,40,L/240,206.0,e
curtainwall_single,600S300-54,33,16,40,L/360,205.0,e
curtainwall_single,600S300-54,33,16,40,L/600,173.0,e
curtainwall_single,600S300-54,33,24,5,L/120,459.0,
curtainwall_single,600S300-54,33,24,5,L/240,365.0,
curtainwall_single,600S300-54,33,24,5,L/360,318.0,
curtainwall_single,600S300-54,33,24,15,L/240,275.0,
curtainwall_single,600S300-54,33,24,15,L/360,249.0,
curtainwall_single,600S300-54,33,24,15,L/600,210.0,
curtainwall_single,600S300-54,33,24,20,L/240,238.0,e
curtainwall_single,600S300-54,33,24,20,L/360,226.0,e
curtainwall_single,600S300-54,33,24,20,L/600,191.0,
curtainwall_single,600S300-54,33,24,25,L/240,213.0,e
curtainwall_single,600S300-54,33,24,25,L/360,210.0,e
curtainwall_single,600S300-54,33,24,25,L/600,177.0,e
curtainwall_single,600S300-54,33,24,30,L/240,194.0,e
curtainwall_single,600S300-54,33,24,30,L/360,194.0,e
curtainwall_single,600S300-54,33,24,30,L/600,166.0,e
curtainwall_single,600S300-54,33,24,35,L/240,180.0,e
curtainwall_single,600S300-54,33,24,35,L/360,180.0,e
curtainwall_single,600S300-54,33,24,35,L/600,158.0,e
curtainwall_single,600S300-54,33,24,40,L/240,168.0,e
curtainwall_single,600S300-54,33,24,40,L/360,168.0,e
curtainwall_single,600S300-54,33,24,40,L/600,151.0,e
curtainwall_single,600S300-54,50,12,5,L/120,567.0,
curtainwall_single,600S300-54,50,12,5,L/240,450.0,
curtainwall_single,600S300-54,50,12,5,L/360,393.0,
curtainwall_single,600S300-54,50,12,15,L/240,352.0,
curtainwall_single,600S300-54,50,12,15,L/360,307.0,
curtainwall_single,600S300-54,50,12,15,L/600,259.0,
curtainwall_single,600S300-54,50,12,20,L/240,320.0,
curtainwall_single,600S300-54,50,12,20,L/360,279.0,
curtainwall_single,600S300-54,50,12,20,L/600,235.0,
curtainwall_single,600S300-54,50,12,25,L/240,297.0,
curtainwall_single,600S300-54,50,12,25,L/360,259.0,
curtainwall_single,600S300-54,50,12,25,L/600,219.0,
curtainwall_single,600S300-54,50,12,30,L/240,279.0,
curtainwall_single,600S300-54,50,12,30,L/360,244.0,
curtainwall_single,600S300-54,50,12,30,L/600,206.0,
curtainwall_single,600S300-54,50,12,35,L/240,265.0,
curtainwall_single,600S300-54,50,12,35,L/360,232.0,
curtainwall_single,600S300-54,50,12,35,L/600,195.0,
curtainwall_single,600S300-54,50,12,40,L/240,254.0,
curtainwall_single,600S300-54,50,12,40,L/360,222.0,
curtainwall_single,600S300-54,50,12,40,L/600,187.0,
curtainwall_single,600S300-54,50,16,5,L/120,516.0,
curtainwall_single,600S300-54,50,16,5,L/240,409.0,
curtainwall_single,600S300-54,50,16,5,L/360,357.0,
curtainwall_single,600S300-54,50,16,15,L/240,320.0,
curtainwall_single,600S300-54,50,16,15,L/360,279.0,
curtainwall_single,600S300-54,50,16,15,L/600,235.0,
curtainwall_single,600S300-54,50,16,20,L/240,290.0,
curtainwall_single,600S300-54,50,16,20,L/360,254.0,
curtainwall_single,600S300-54,50,16,20,L/600,214.0,
curtainwall_single,600S300-54,50,16,25,L/240,270.0,
curtainwall_single,600S300-54,50,16,25,L/360,235.0,
curtainwall_single,600S300-54,50,16,25,L/600,199.0,
curtainwall_single,600S300-54,50,16,30,L/240,254.0,
curtainwall_single,600S300-54,50,16,30,L/360,222.0,
curtainwall_single,600S300-54,50,16,30,L/600,187.0,
curtainwall_single,600S300-54,50,16,35,L/240,241.0,
curtainwall_single,600S300-54,50,16,35,L/360,210.0,
curtainwall_single,600S300-54,50,16,35,L/600,178.0,
curtainwall_single,600S300-54,50,16,40,L/240,230.0,
curtainwall_single,600S300-54,50,16,40,L/360,201.0,
curtainwall_single,600S300-54,50,16,40,L/600,170.0,
curtainwall_single,600S300-54,50,24,5,L/120,450.0,
curtainwall_single,600S300-54,50,24,5,L/240,357.0,
curtainwall_single,600S300-54,50,24,5,L/360,312.0,
curtainwall_single,600S300-54,50,24,15,L/240,279.0,
curtainwall_single,600S300-54,50,24,15,L/360,244.0,
curtainwall_single,600S300-54,50,24,15,L/600,206.0,
curtainwall_single,600S300-54,50,24,20,L/240,254.0,
curtainwall_single,600S300-54,50,24,20,L/360,222.0,
curtainwall_single,600S300-54,50,24,20,L/600,187.0,
curtainwall_single,600S300-54,50,24,25,L/240,235.0,
curtainwall_single,600S300-54,50,24,25,L/360,206.0,
curtainwall_single,600S300-54,50,24,25,L/600,173.0,
curtainwall_single,600S300-54,50,24,30,L/240,222.0,
curtainwall_single,600S300-54,50,24,30,L/360,194.0,
curtainwall_single,600S300-54,50,24,30,L/600,163.0,
curtainwall_single,600S300-54,50,24,35,L/240,210.0,e
curtainwall_single,600S300-54,50,24,35,L/360,184.0,
curtainwall_single,600S300-54,50,24,35,L/600,155.0,
curtainwall_single,600S300-54,50,24,40,L/240,198.0,e
curtainwall_single,600S300-54,50,24,40,L/360,176.0,e
curtainwall_single,600S300-54,50,24,40,L/600,148.0,
curtainwall_single,600S300-68,50,12,5,L/120,619.0,
curtainwall_single,600S300-68,50,12,5,L/240,491.0,
curtainwall_single,600S300-68,50,12,5,L/360,429.0,
curtainwall_single,600S300-68,50,12,15,L/240,384.0,
curtainwall_single,600S300-68,50,12,15,L/360,335.0,
curtainwall_single,600S300-68,50,12,15,L/600,283.0,
curtainwall_single,600S300-68,50,12,20,L/240,348.0,
curtainwall_single,600S300-68,50,12,20,L/360,304.0,
curtainwall_single,600S300-68,50,12,20,L/600,257.0,
curtainwall_single,600S300-68,50,12,25,L/240,323.0,
curtainwall_single,600S300-68,50,12,25,L/360,283.0,
curtainwall_single,600S300-68,50,12,25,L/600,238.0,
curtainwall_single,600S300-68,50,12,30,L/240,304.0,
curtainwall_single,600S300-68,50,12,30,L/360,266.0,
curtainwall_single,600S300-68,50,12,30,L/600,224.0,
curtainwall_single,600S300-68,50,12,35,L/240,289.0,
curtainwall_single,600S300-68,50,12,35,L/360,253.0,
curtainwall_single,600S300-68,50,12,35,L/600,213.0,
curtainwall_single,600S300-68,50,12,40,L/240,277.0,
curtainwall_single,600S300-68,50,12,40,L/360,242.0,
curtainwall_single,600S300-68,50,12,40,L/600,204.0,
curtainwall_single,600S300-68,50,16,5,L/120,562.0,
curtainwall_single,600S300-68,50,16,5,L/240,446.0,
curtainwall_single,600S300-68,50,16,5,L/360,390.0,
curtainwall_single,600S300-68,50,16,15,L/240,348.0,
curtainwall_single,600S300-68,50,16,15,L/360,304.0,
curtainwall_single,600S300-68,50,16,15,L/600,257.0,
curtainwall_single,600S300-68,50,16,20,L/240,317.0,
curtainwall_single,600S300-68,50,16,20,L/360,277.0,
curtainwall_single,600S300-68,50,16,20,L/600,233.0,
curtainwall_single,600S300-68,50,16,25,L/240,294.0,
curtainwall_single,600S300-68,50,16,25,L/360,257.0,
curtainwall_single,600S300-68,50,16,25,L/600,217.0,
curtainwall_single,600S300-68,50,16,30,L/240,277.0,
curtainwall_single,600S300-68,50,16,30,L/360,242.0,
curtainwall_single,600S300-68,50,16,30,L/600,204.0,
curtainwall_single,600S300-68,50,16,35,L/240,263.0,
curtainwall_single,600S300-68,50,16,35,L/360,229.0,
curtainwall_single,600S300-68,50,16,35,L/600,194.0,
curtainwall_single,600S300-68,50,16,40,L/240,251.0,
curtainwall_single,600S300-68,50,16,40,L/360,220.0,
curtainwall_single,600S300-68,50,16,40,L/600,185.0,
curtainwall_single,600S300-68,50,24,5,L/120,491.0,
curtainwall_single,600S300-68,50,24,5,L/240,390.0,
curtainwall_single,600S300-68,50,24,5,L/360,341.0,
curtainwall_single,600S300-68,50,24,15,L/240,304.0,
curtainwall_single,600S300-68,50,24,15,L/360,266.0,
curtainwall_single,600S300-68,50,24,15,L/600,224.0,
curtainwall_single,600S300-68,50,24,20,L/240,277.0,
curtainwall_single,600S300-68,50,24,20,L/360,242.0,
curtainwall_single,600S300-68,50,24,20,L/600,204.0,
curtainwall_single,600S300-68,50,24,25,L/240,257.0,
curtainwall_single,600S300-68,50,24,25,L/360,224.0,
curtainwall_single,600S300-68,50,24,25,L/600,189.0,
curtainwall_single,600S300-68,50,24,30,L/240,242.0,
curtainwall_single,600S300-68,50,24,30,L/360,211.0,
curtainwall_single,600S300-68,50,24,30,L/600,178.0,
curtainwall_single,600S300-68,50,24,35,L/240,229.0,
curtainwall_single,600S300-68,50,24,35,L/360,200.0,
curtainwall_single,600S300-68,50,24,35,L/600,169.0,
curtainwall_single,600S300-68,50,24,40,L/240,220.0,
curtainwall_single,600S300-68,50,24,40,L/360,192.0,
curtainwall_single,600S300-68,50,24,40,L/600,162.0,
curtainwall_single,600S300-97,50,12,5,L/120,691.0,
curtainwall_single,600S300-97,50,12,5,L/240,549.0,
curtainwall_single,600S300-97,50,12,5,L/360,479.0,
curtainwall_single,600S300-97,50,12,15,L/240,429.0,
curtainwall_single,600S300-97,50,12,15,L/360,374.0,
curtainwall_single,600S300-97,50,12,15,L/600,316.0,
curtainwall_single,600S300-97,50,12,20,L/240,389.0,
curtainwall_single,600S300-97,50,12,20,L/360,340.0,
curtainwall_single,600S300-97,50,12,20,L/600,287.0,
curtainwall_single,600S300-97,50,12,25,L/240,361.0,
curtainwall_single,600S300-97,50,12,25,L/360,316.0,
curtainwall_single,600S300-97,50,12,25,L/600,266.0,
curtainwall_single,600S300-97,50,12,30,L/240,340.0,
curtainwall_single,600S300-97,50,12,30,L/360,297.0,
curtainwall_single,600S300-97,50,12,30,L/600,251.0,
curtainwall_single,600S300-97,50,12,35,L/240,323.0,
curtainwall_single,600S300-97,50,12,35,L/360,282.0,
curtainwall_single,600S300-97,50,12,35,L/600,238.0,
curtainwall_single,600S300-97,50,12,40,L/240,309.0,
curtainwall_single,600S300-97,50,12,40,L/360,270.0,
curtainwall_single,600S300-97,50,12,40,L/600,228.0,
curtainwall_single,600S300-97,50,16,5,L/120,628.0,
curtainwall_single,600S300-97,50,16,5,L/240,499.0,
curtainwall_single,600S300-97,50,16,5,L/360,436.0,
curtainwall_single,600S300-97,50,16,15,L/240,389.0,
curtainwall_single,600S300-97,50,16,15,L/360,340.0,
curtainwall_single,600S300-97,50,16,15,L/600,287.0,
curtainwall_single,600S300-97,50,16,20,L/240,354.0,
curtainwall_single,600S300-97,50,16,20,L/360,309.0,
curtainwall_single,600S300-97,50,16,20,L/600,261.0,
curtainwall_single,600S300-97,50,16,25,L/240,328.0,
curtainwall_single,600S300-97,50,16,25,L/360,287.0,
curtainwall_single,600S300-97,50,16,25,L/600,242.0,
curtainwall_single,600S300-97,50,16,30,L/240,309.0,
curtainwall_single,600S300-97,50,16,30,L/360,270.0,
curtainwall_single,600S300-97,50,16,30,L/600,228.0,
curtainwall_single,600S300-97,50,16,35,L/240,294.0,
curtainwall_single,600S300-97,50,16,35,L/360,256.0,
curtainwall_single,600S300-97,50,16,35,L/600,216.0,
curtainwall_single,600S300-97,50,16,40,L/240,281.0,
curtainwall_single,600S300-97,50,16,40,L/360,245.0,
curtainwall_single,600S300-97,50,16,40,L/600,207.0,
curtainwall_single,600S300-97,50,24,5,L/120,549.0,
curtainwall_single,600S300-97,50,24,5,L/240,436.0,
curtainwall_single,600S300-97,50,24,5,L/360,380.0,
curtainwall_single,600S300-97,50,24,15,L/240,340.0,
curtainwall_single,600S300-97,50,24,15,L/360,297.0,
curtainwall_single,600S300-97,50,24,15,L/600,251.0,
curtainwall_single,600S300-97,50,24,20,L/240,309.0,
curtainwall_single,600S300-97,50,24,20,L/360,270.0,
curtainwall_single,600S300-97,50,24,20,L/600,228.0,
curtainwall_single,600S300-97,50,24,25,L/240,287.0,
curtainwall_single,600S300-97,50,24,25,L/360,251.0,
curtainwall_single,600S300-97,50,24,25,L/600,211.0,
curtainwall_single,600S300-97,50,24,30,L/240,270.0,
curtainwall_single,600S300-97,50,24,30,L/360,236.0,
curtainwall_single,600S300-97,50,24,30,L/600,199.0,
curtainwall_single,600S300-97,50,24,35,L/240,256.0,
curtainwall_single,600S300-97,50,24,35,L/360,224.0,
curtainwall_single,600S300-97,50,24,35,L/600,189.0,
curtainwall_single,600S300-97,50,24,40,L/240,245.0,
curtainwall_single,600S300-97,50,24,40,L/360,214.0,
curtainwall_single,600S300-97,50,24,40,L/600,181.0,
curtainwall_single,600S300-118,50,12,5,L/120,736.0,
curtainwall_single,600S300-118,50,12,5,L/240,584.0,
curtainwall_single,600S300-118,50,12,5,L/360,510.0,
curtainwall_single,600S300-118,50,12,15,L/240,456.0,
curtainwall_single,600S300-118,50,12,15,L/360,398.0,
curtainwall_single,600S300-118,50,12,15,L/600,336.0,
curtainwall_single,600S300-118,50,12,20,L/240,414.0,
curtainwall_single,600S300-118,50,12,20,L/360,362.0,
curtainwall_single,600S300-118,50,12,20,L/600,305.0,
curtainwall_single,600S300-118,50,12,25,L/240,385.0,
curtainwall_single,600S300-118,50,12,25,L/360,336.0,
curtainwall_single,600S300-118,50,12,25,L/600,283.0,
curtainwall_single,600S300-118,50,12,30,L/240,362.0,
curtainwall_single,600S300-118,50,12,30,L/360,316.0,
curtainwall_single,600S300-118,50,12,30,L/600,267.0,
curtainwall_single,600S300-118,50,12,35,L/240,344.0,
curtainwall_single,600S300-118,50,12,35,L/360,300.0,
curtainwall_single,600S300-118,50,12,35,L/600,253.0,
curtainwall_single,600S300-118,50,12,40,L/240,329.0,
curtainwall_single,600S300-118,50,12,40,L/360,287.0,
curtainwall_single,600S300-118,50,12,40,L/600,242.0,
curtainwall_single,600S300-118,50,16,5,L/120,668.0,
curtainwall_single,600S300-118,50,16,5,L/240,531.0,
curtainwall_single,600S300-118,50,16,5,L/360,464.0,
curtainwall_single,600S300-118,50,16,15,L/240,414.0,
curtainwall_single,600S300-118,50,16,15,L/360,362.0,
curtainwall_single,600S300-118,50,16,15,L/600,305.0,
curtainwall_single,600S300-118,50,16,20,L/240,376.0,
curtainwall_single,600S300-118,50,16,20,L/360,329.0,
curtainwall_single,600S300-118,50,16,20,L/600,277.0,
curtainwall_single,600S300-118,50,16,25,L/240,349.0,
curtainwall_single,600S300-118,50,16,25,L/360,305.0,
curtainwall_single,600S300-118,50,16,25,L/600,257.0,
curtainwall_single,600S300-118,50,16,30,L/240,329.0,
curtainwall_single,600S300-118,50,16,30,L/360,287.0,
curtainwall_single,600S300-118,50,16,30,L/600,242.0,
curtainwall_single,600S300-118,50,16,35,L/240,312.0,
curtainwall_single,600S300-118,50,16,35,L/360,273.0,
curtainwall_single,600S300-118,50,16,35,L/600,230.0,
curtainwall_single,600S300-118,50,16,40,L/240,299.0,
curtainwall_single,600S300-118,50,16,40,L/360,261.0,
curtainwall_single,600S300-118,50,16,40,L/600,220.0,
curtainwall_single,600S300-118,50,24,5,L/120,584.0,
curtainwall_single,600S300-118,50,24,5,L/240,464.0,
curtainwall_single,600S300-118,50,24,5,L/360,405.0,
curtainwall_single,600S300-118,50,24,15,L/240,362.0,
curtainwall_single,600S300-118,50,24,15,L/360,316.0,
curtainwall_single,600S300-118,50,24,15,L/600,267.0,
curtainwall_single,600S300-118,50,24,20,L/240,329.0,
curtainwall_single,600S300-118,50,24,20,L/360,287.0,
curtainwall_single,600S300-118,50,24,20,L/600,242.0,
curtainwall_single,600S300-118,50,24,25,L/240,305.0,
curtainwall_single,600S300-118,50,24,25,L/360,267.0,
curtainwall_single,600S300-118,50,24,25,L/600,225.0,
curtainwall_single,600S300-118,50,24,30,L/240,287.0,
curtainwall_single,600S300-118,50,24,30,L/360,251.0,
curtainwall_single,600S300-118,50,24,30,L/600,212.0,
curtainwall_single,600S300-118,50,24,35,L/240,273.0,
curtainwall_single,600S300-118,50,24,35,L/360,238.0,
curtainwall_single,600S300-118,50,24,35,L/600,201.0,
curtainwall_single,600S300-118,50,24,40,L/240,261.0,
curtainwall_single,600S300-118,50,24,40,L/360,228.0,
curtainwall_single,600S300-118,50,24,40,L/600,192.0,
curtainwall_single,600S350-54,50,12,5,L/120,599.0,
curtainwall_single,600S350-54,50,12,5,L/240,475.0,
curtainwall_single,600S350-54,50,12,5,L/360,415.0,
curtainwall_single,600S350-54,50,12,15,L/240,371.0,
curtainwall_single,600S350-54,50,12,15,L/360,324.0,
curtainwall_single,600S350-54,50,12,15,L/600,273.0,
curtainwall_single,600S350-54,50,12,20,L/240,337.0,
curtainwall_single,600S350-54,50,12,20,L/360,294.0,
curtainwall_single,600S350-54,50,12,20,L/600,248.0,
curtainwall_single,600S350-54,50,12,25,L/240,313.0,
curtainwall_single,600S350-54,50,12,25,L/360,273.0,
curtainwall_single,600S350-54,50,12,25,L/600,231.0,
curtainwall_single,600S350-54,50,12,30,L/240,294.0,
curtainwall_single,600S350-54,50,12,30,L/360,257.0,
curtainwall_single,600S350-54,50,12,30,L/600,217.0,
curtainwall_single,600S350-54,50,12,35,L/240,280.0,
curtainwall_single,600S350-54,50,12,35,L/360,244.0,
curtainwall_single,600S350-54,50,12,35,L/600,206.0,
curtainwall_single,600S350-54,50,12,40,L/240,268.0,
curtainwall_single,600S350-54,50,12,40,L/360,234.0,
curtainwall_single,600S350-54,50,12,40,L/600,197.0,
curtainwall_single,600S350-54,50,16,5,L/120,544.0,
curtainwall_single,600S350-54,50,16,5,L/240,432.0,
curtainwall_single,600S350-54,50,16,5,L/360,377.0,
curtainwall_single,600S350-54,50,16,15,L/240,337.0,
curtainwall_single,600S350-54,50,16,15,L/360,294.0,
curtainwall_single,600S350-54,50,16,15,L/600,248.0,
curtainwall_single,600S350-54,50,16,20,L/240,306.0,
curtainwall_single,600S350-54,50,16,20,L/360,268.0,
curtainwall_single,600S350-54,50,16,20,L/600,226.0,
curtainwall_single,600S350-54,50,16,25,L/240,284.0,
curtainwall_single,600S350-54,50,16,25,L/360,248.0,
curtainwall_single,600S350-54,50,16,25,L/600,209.0,
curtainwall_single,600S350-54,50,16,30,L/240,268.0,
curtainwall_single,600S350-54,50,16,30,L/360,234.0,
curtainwall_single,600S350-54,50,16,30,L/600,197.0,
curtainwall_single,600S350-54,50,16,35,L/240,254.0,
curtainwall_single,600S350-54,50,16,35,L/360,222.0,
curtainwall_single,600S350-54,50,16,35,L/600,187.0,
curtainwall_single,600S350-54,50,16,40,L/240,243.0,
curtainwall_single,600S350-54,50,16,40,L/360,212.0,
curtainwall_single,600S350-54,50,16,40,L/600,179.0,
curtainwall_single,600S350-54,50,24,5,L/120,475.0,
curtainwall_single,600S350-54,50,24,5,L/240,377.0,
curtainwall_single,600S350-54,50,24,5,L/360,329.0,
curtainwall_single,600S350-54,50,24,15,L/240,294.0,
curtainwall_single,600S350-54,50,24,15,L/360,257.0,
curtainwall_single,600S350-54,50,24,15,L/600,217.0,
curtainwall_single,600S350-54,50,24,20,L/240,268.0,
curtainwall_single,600S350-54,50,24,20,L/360,234.0,
curtainwall_single,600S350-54,50,24,20,L/600,197.0,
curtainwall_single,600S350-54,50,24,25,L/240,248.0,
curtainwall_single,600S350-54,50,24,25,L/360,217.0,
curtainwall_single,600S350-54,50,24,25,L/600,183.0,
curtainwall_single,600S350-54,50,24,30,L/240,234.0,e
curtainwall_single,600S350-54,50,24,30,L/360,204.0,
curtainwall_single,600S350-54,50,24,30,L/600,172.0,
curtainwall_single,600S350-54,50,24,35,L/240,222.0,e
curtainwall_single,600S350-54,50,24,35,L/360,194.0,e
curtainwall_single,600S350-54,50,24,35,L/600,164.0,
curtainwall_single,600S350-54,50,24,40,L/240,212.0,e
curtainwall_single,600S350-54,50,24,40,L/360,186.0,e
curtainwall_single,600S350-54,50,24,40,L/600,156.0,
curtainwall_single,600S350-68,50,12,5,L/120,654.0,
curtainwall_single,600S350-68,50,12,5,L/240,519.0,
curtainwall_single,600S350-68,50,12,5,L/360,454.0,
curtainwall_single,600S350-68,50,12,15,L/240,405.0,
curtainwall_single,600S350-68,50,12,15,L/360,354.0,
curtainwall_single,600S350-68,50,12,15,L/600,299.0,
curtainwall_single,600S350-68,50,12,20,L/240,368.0,
curtainwall_single,600S350-68,50,12,20,L/360,322.0,
curtainwall_single,600S350-68,50,12,20,L/600,271.0,
curtainwall_single,600S350-68,50,12,25,L/240,342.0,
curtainwall_single,600S350-68,50,12,25,L/360,299.0,
curtainwall_single,600S350-68,50,12,25,L/600,252.0,
curtainwall_single,600S350-68,50,12,30,L/240,322.0,
curtainwall_single,600S350-68,50,12,30,L/360,281.0,
curtainwall_single,600S350-68,50,12,30,L/600,237.0,
curtainwall_single,600S350-68,50,12,35,L/240,306.0,
curtainwall_single,600S350-68,50,12,35,L/360,267.0,
curtainwall_single,600S350-68,50,12,35,L/600,225.0,
curtainwall_single,600S350-68,50,12,40,L/240,292.0,
curtainwall_single,600S350-68,50,12,40,L/360,255.0,
curtainwall_single,600S350-68,50,12,40,L/600,215.0,
curtainwall_single,600S350-68,50,16,5,L/120,594.0,
curtainwall_single,600S350-68,50,16,5,L/240,472.0,
curtainwall_single,600S350-68,50,16,5,L/360,412.0,
curtainwall_single,600S350-68,50,16,15,L/240,368.0,
curtainwall_single,600S350-68,50,16,15,L/360,322.0,
curtainwall_single,600S350-68,50,16,15,L/600,271.0,
curtainwall_single,600S350-68,50,16,20,L/240,335.0,
curtainwall_single,600S350-68,50,16,20,L/360,292.0,
curtainwall_single,600S350-68,50,16,20,L/600,247.0,
curtainwall_single,600S350-68,50,16,25,L/240,311.0,
curtainwall_single,600S350-68,50,16,25,L/360,271.0,
curtainwall_single,600S350-68,50,16,25,L/600,229.0,
curtainwall_single,600S350-68,50,16,30,L/240,292.0,
curtainwall_single,600S350-68,50,16,30,L/360,255.0,
curtainwall_single,600S350-68,50,16,30,L/600,215.0,
curtainwall_single,600S350-68,50,16,35,L/240,278.0,
curtainwall_single,600S350-68,50,16,35,L/360,243.0,
curtainwall_single,600S350-68,50,16,35,L/600,205.0,
curtainwall_single,600S350-68,50,16,40,L/240,266.0,
curtainwall_single,600S350-68,50,16,40,L/360,232.0,
curtainwall_single,600S350-68,50,16,40,L/600,196.0,
curtainwall_single,600S350-68,50,24,5,L/120,519.0,
curtainwall_single,600S350-68,50,24,5,L/240,412.0,
curtainwall_single,600S350-68,50,24,5,L/360,360.0,
curtainwall_single,600S350-68,50,24,15,L/240,322.0,
curtainwall_single,600S350-68,50,24,15,L/360,281.0,
curtainwall_single,600S350-68,50,24,15,L/600,237.0,
curtainwall_single,600S350-68,50,24,20,L/240,292.0,
curtainwall_single,600S350-68,50,24,20,L/360,255.0,
curtainwall_single,600S350-68,50,24,20,L/600,215.0,
curtainwall_single,600S350-68,50,24,25,L/240,271.0,
curtainwall_single,600S350-68,50,24,25,L/360,237.0,
curtainwall_single,600S350-68,50,24,25,L/600,200.0,
curtainwall_single,600S350-68,50,24,30,L/240,255.0,
curtainwall_single,600S350-68,50,24,30,L/360,223.0,
curtainwall_single,600S350-68,50,24,30,L/600,188.0,
curtainwall_single,600S350-68,50,24,35,L/240,243.0,
curtainwall_single,600S350-68,50,24,35,L/360,212.0,
curtainwall_single,600S350-68,50,24,35,L/600,179.0,
curtainwall_single,600S350-68,50,24,40,L/240,232.0,
curtainwall_single,600S350-68,50,24,40,L/360,203.0,
curtainwall_single,600S350-68,50,24,40,L/600,171.0,
curtainwall_single,600S350-97,50,12,5,L/120,731.0,
curtainwall_single,600S350-97,50,12,5,L/240,581.0,
curtainwall_single,600S350-97,50,12,5,L/360,507.0,
curtainwall_single,600S350-97,50,12,15,L/240,453.0,
curtainwall_single,600S350-97,50,12,15,L/360,396.0,
curtainwall_single,600S350-97,50,12,15,L/600,334.0,
curtainwall_single,600S350-97,50,12,20,L/240,412.0,
curtainwall_single,600S350-97,50,12,20,L/360,360.0,
curtainwall_single,600S350-97,50,12,20,L/600,303.0,
curtainwall_single,600S350-97,50,12,25,L/240,382.0,
curtainwall_single,600S350-97,50,12,25,L/360,334.0,
curtainwall_single,600S350-97,50,12,25,L/600,282.0,
curtainwall_single,600S350-97,50,12,30,L/240,360.0,
curtainwall_single,600S350-97,50,12,30,L/360,314.0,
curtainwall_single,600S350-97,50,12,30,L/600,265.0,
curtainwall_single,600S350-97,50,12,35,L/240,342.0,
curtainwall_single,600S350-97,50,12,35,L/360,299.0,
curtainwall_single,600S350-97,50,12,35,L/600,252.0,
curtainwall_single,600S350-97,50,12,40,L/240,327.0,
curtainwall_single,600S350-97,50,12,40,L/360,286.0,
curtainwall_single,600S350-97,50,12,40,L/600,241.0,
curtainwall_single,600S350-97,50,16,5,L/120,665.0,
curtainwall_single,600S350-97,50,16,5,L/240,527.0,
curtainwall_single,600S350-97,50,16,5,L/360,461.0,
curtainwall_single,600S350-97,50,16,15,L/240,412.0,
curtainwall_single,600S350-97,50,16,15,L/360,360.0,
curtainwall_single,600S350-97,50,16,15,L/600,303.0,
curtainwall_single,600S350-97,50,16,20,L/240,374.0,
curtainwall_single,600S350-97,50,16,20,L/360,327.0,
curtainwall_single,600S350-97,50,16,20,L/600,276.0,
curtainwall_single,600S350-97,50,16,25,L/240,347.0,
curtainwall_single,600S350-97,50,16,25,L/360,303.0,
curtainwall_single,600S350-97,50,16,25,L/600,256.0,
curtainwall_single,600S350-97,50,16,30,L/240,327.0,
curtainwall_single,600S350-97,50,16,30,L/360,286.0,
curtainwall_single,600S350-97,50,16,30,L/600,241.0,
curtainwall_single,600S350-97,50,16,35,L/240,311.0,
curtainwall_single,600S350-97,50,16,35,L/360,271.0,
curtainwall_single,600S350-97,50,16,35,L/600,229.0,
curtainwall_single,600S350-97,50,16,40,L/240,297.0,
curtainwall_single,600S350-97,50,16,40,L/360,259.0,
curtainwall_single,600S350-97,50,16,40,L/600,219.0,
curtainwall_single,600S350-97,50,24,5,L/120,581.0,
curtainwall_single,600S350-97,50,24,5,L/240,461.0,
curtainwall_single,600S350-97,50,24,5,L/360,402.0,
curtainwall_single,600S350-97,50,24,15,L/240,360.0,
curtainwall_single,600S350-97,50,24,15,L/360,314.0,
curtainwall_single,600S350-97,50,24,15,L/600,265.0,
curtainwall_single,600S350-97,50,24,20,L/240,327.0,
curtainwall_single,600S350-97,50,24,20,L/360,286.0,
curtainwall_single,600S350-97,50,24,20,L/600,241.0,
curtainwall_single,600S350-97,50,24,25,L/240,303.0,
curtainwall_single,600S350-97,50,24,25,L/360,265.0,
curtainwall_single,600S350-97,50,24,25,L/600,224.0,
curtainwall_single,600S350-97,50,24,30,L/240,286.0,
curtainwall_single,600S350-97,50,24,30,L/360,249.0,
curtainwall_single,600S350-97,50,24,30,L/600,210.0,
curtainwall_single,600S350-97,50,24,35,L/240,271.0,
curtainwall_single,600S350-97,50,24,35,L/360,237.0,
curtainwall_single,600S350-97,50,24,35,L/600,200.0,
curtainwall_single,600S350-97,50,24,40,L/240,259.0,
curtainwall_single,600S350-97,50,24,40,L/360,227.0,
curtainwall_single,600S350-97,50,24,40,L/600,191.0,
curtainwall_single,600S350-118,50,12,5,L/120,776.0,
curtainwall_single,600S350-118,50,12,5,L/240,616.0,
curtainwall_single,600S350-118,50,12,5,L/360,538.0,
curtainwall_single,600S350-118,50,12,15,L/240,481.0,
curtainwall_single,600S350-118,50,12,15,L/360,420.0,
curtainwall_single,600S350-118,50,12,15,L/600,354.0,
curtainwall_single,600S350-118,50,12,20,L/240,437.0,
curtainwall_single,600S350-118,50,12,20,L/360,382.0,
curtainwall_single,600S350-118,50,12,20,L/600,322.0,
curtainwall_single,600S350-118,50,12,25,L/240,406.0,
curtainwall_single,600S350-118,50,12,25,L/360,354.0,
curtainwall_single,600S350-118,50,12,25,L/600,299.0,
curtainwall_single,600S350-118,50,12,30,L/240,382.0,
curtainwall_single,600S350-118,50,12,30,L/360,333.0,
curtainwall_single,600S350-118,50,12,30,L/600,281.0,
curtainwall_single,600S350-118,50,12,35,L/240,363.0,
curtainwall_single,600S350-118,50,12,35,L/360,317.0,
curtainwall_single,600S350-118,50,12,35,L/600,267.0,
curtainwall_single,600S350-118,50,12,40,L/240,347.0,
curtainwall_single,600S350-118,50,12,40,L/360,303.0,
curtainwall_single,600S350-118,50,12,40,L/600,256.0,
curtainwall_single,600S350-118,50,16,5,L/120,705.0,
curtainwall_single,600S350-118,50,16,5,L/240,560.0,
curtainwall_single,600S350-118,50,16,5,L/360,489.0,
curtainwall_single,600S350-118,50,16,15,L/240,437.0,
curtainwall_single,600S350-118,50,16,15,L/360,382.0,
curtainwall_single,600S350-118,50,16,15,L/600,322.0,
curtainwall_single,600S350-118,50,16,20,L/240,397.0,
curtainwall_single,600S350-118,50,16,20,L/360,347.0,
curtainwall_single,600S350-118,50,16,20,L/600,293.0,
curtainwall_single,600S350-118,50,16,25,L/240,369.0,
curtainwall_single,600S350-118,50,16,25,L/360,322.0,
curtainwall_single,600S350-118,50,16,25,L/600,272.0,
curtainwall_single,600S350-118,50,16,30,L/240,347.0,
curtainwall_single,600S350-118,50,16,30,L/360,303.0,
curtainwall_single,600S350-118,50,16,30,L/600,256.0,
curtainwall_single,600S350-118,50,16,35,L/240,329.0,
curtainwall_single,600S350-118,50,16,35,L/360,288.0,
curtainwall_single,600S350-118,50,16,35,L/600,243.0,
curtainwall_single,600S350-118,50,16,40,L/240,315.0,
curtainwall_single,600S350-118,50,16,40,L/360,275.0,
curtainwall_single,600S350-118,50,16,40,L/600,232.0,
curtainwall_single,600S350-118,50,24,5,L/120,616.0,
curtainwall_single,600S350-118,50,24,5,L/240,489.0,
curtainwall_single,600S350-118,50,24,5,L/360,427.0,
curtainwall_single,600S350-118,50,24,15,L/240,382.0,
curtainwall_single,600S350-118,50,24,15,L/360,333.0,
curtainwall_single,600S350-118,50,24,15,L/600,281.0,
curtainwall_single,600S350-118,50,24,20,L/240,347.0,
curtainwall_single,600S350-118,50,24,20,L/360,303.0,
curtainwall_single,600S350-118,50,24,20,L/600,256.0,
curtainwall_single,600S350-118,50,24,25,L/240,322.0,
curtainwall_single,600S350-118,50,24,25,L/360,281.0,
curtainwall_single,600S350-118,50,24,25,L/600,237.0,
curtainwall_single,600S350-118,50,24,30,L/240,303.0,
curtainwall_single,600S350-118,50,24,30,L/360,265.0,
curtainwall_single,600S350-118,50,24,30,L/600,223.0,
curtainwall_single,600S350-118,50,24,35,L/240,288.0,
curtainwall_single,600S350-118,50,24,35,L/360,251.0,
curtainwall_single,600S350-118,50,24,35,L/600,212.0,
curtainwall_single,600S350-118,50,24,40,L/240,275.0,
curtainwall_single,600S350-118,50,24,40,L/360,240.0,
curtainwall_single,600S350-118,50,24,40,L/600,203.0,
curtainwall_single,800S137-33,33,12,5,L/120,438.0,e
curtainwall_single,800S137-33,33,12,5,L/240,408.0,e
curtainwall_single,800S137-33,33,12,5,L/360,357.0,e
curtainwall_single,800S137-33,33,12,15,L/240,253.0,e
curtainwall_single,800S137-33,33,12,15,L/360,253.0,e
curtainwall_single,800S137-33,33,12,15,L/600,235.0,e
curtainwall_single,800S137-33,33,12,20,L/240,219.0,e
curtainwall_single,800S137-33,33,12,20,L/360,219.0,e
curtainwall_single,800S137-33,33,12,20,L/600,213.0,e
curtainwall_single,800S137-33,33,12,25,L/240,196.0,e
curtainwall_single,800S137-33,33,12,25,L/360,196.0,e
curtainwall_single,800S137-33,33,12,25,L/600,196.0,e
curtainwall_single,800S137-33,33,12,30,L/240,179.0,e
curtainwall_single,800S137-33,33,12,30,L/360,179.0,e
curtainwall_single,800S137-33,33,12,30,L/600,179.0,e
curtainwall_single,800S137-33,33,12,35,L/240,166.0,e
curtainwall_single,800S137-33,33,12,35,L/360,166.0,e
curtainwall_single,800S137-33,33,12,35,L/600,166.0,e
curtainwall_single,800S137-33,33,12,40,L/240,155.0,e
curtainwall_single,800S137-33,33,12,40,L/360,155.0,e
curtainwall_single,800S137-33,33,12,40,L/600,155.0,e
curtainwall_single,800S137-33,33,16,5,L/120,380.0,e
curtainwall_single,800S137-33,33,16,5,L/240,371.0,e
curtainwall_single,800S137-33,33,16,5,L/360,324.0,e
curtainwall_single,800S137-33,33,16,15,L/240,219.0,e
curtainwall_single,800S137-33,33,16,15,L/360,219.0,e
curtainwall_single,800S137-33,33,16,15,L/600,213.0,e
curtainwall_single,800S137-33,33,16,20,L/240,190.0,e
curtainwall_single,800S137-33,33,16,20,L/360,190.0,e
curtainwall_single,800S137-33,33,16,20,L/600,190.0,e
curtainwall_single,800S137-33,33,16,25,L/240,170.0,e
curtainwall_single,800S137-33,33,16,25,L/360,170.0,e
curtainwall_single,800S137-33,33,16,25,L/600,170.0,e
curtainwall_single,800S137-33,33,16,30,L/240,155.0,e
curtainwall_single,800S137-33,33,16,30,L/360,155.0,e
curtainwall_single,800S137-33,33,16,30,L/600,155.0,e
curtainwall_single,800S137-33,33,16,35,L/240,143.0,e
curtainwall_single,800S137-33,33,16,35,L/360,143.0,e
curtainwall_single,800S137-33,33,16,35,L/600,143.0,e
curtainwall_single,800S137-33,33,16,40,L/240,134.0,e
curtainwall_single,800S137-33,33,16,40,L/360,134.0,e
curtainwall_single,800S137-33,33,16,40,L/600,134.0,e
curtainwall_single,800S137-33,33,24,5,L/120,310.0,e
curtainwall_single,800S137-33,33,24,5,L/240,310.0,e
curtainwall_single,800S137-33,33,24,5,L/360,283.0,e
curtainwall_single,800S137-33,33,24,15,L/240,179.0,e
curtainwall_single,800S137-33,33,24,15,L/360,179.0,e
curtainwall_single,800S137-33,33,24,15,L/600,179.0,e
curtainwall_single,800S137-33,33,24,20,L/240,155.0,e
curtainwall_single,800S137-33,33,24,20,L/360,155.0,e
curtainwall_single,800S137-33,33,24,20,L/600,155.0,e
curtainwall_single,800S137-33,33,24,25,L/240,139.0,e
curtainwall_single,800S137-33,33,24,25,L/360,139.0,e
curtainwall_single,800S137-33,33,24,25,L/600,139.0,e
curtainwall_single,800S137-33,33,24,30,L/240,127.0,e
curtainwall_single,800S137-33,33,24,30,L/360,127.0,e
curtainwall_single,800S137-33,33,24,30,L/600,127.0,e
curtainwall_single,800S137-33,33,24,35,L/240,117.0,e
curtainwall_single,800S137-33,33,24,35,L/360,117.0,e
curtainwall_single,800S137-33,33,24,35,L/600,117.0,e
curtainwall_single,800S137-33,33,24,40,L/240,110.0,e
curtainwall_single,800S137-33,33,24,40,L/360,110.0,e
curtainwall_single,800S137-33,33,24,40,L/600,110.0,e
curtainwall_single,800S137-43,33,12,5,L/120,566.0,
curtainwall_single,800S137-43,33,12,5,L/240,449.0,
curtainwall_single,800S137-43,33,12,5,L/360,393.0,
curtainwall_single,800S137-43,33,12,15,L/240,333.0,e
curtainwall_single,800S137-43,33,12,15,L/360,307.0,e
curtainwall_single,800S137-43,33,12,15,L/600,259.0,
curtainwall_single,800S137-43,33,12,20,L/240,288.0,e
curtainwall_single,800S137-43,33,12,20,L/360,279.0,e
curtainwall_single,800S137-43,33,12,20,L/600,235.0,e
curtainwall_single,800S137-43,33,12,25,L/240,258.0,e
curtainwall_single,800S137-43,33,12,25,L/360,258.0,e
curtainwall_single,800S137-43,33,12,25,L/600,218.0,e
curtainwall_single,800S137-43,33,12,30,L/240,235.0,e
curtainwall_single,800S137-43,33,12,30,L/360,235.0,e
curtainwall_single,800S137-43,33,12,30,L/600,205.0,e
curtainwall_single,800S137-43,33,12,35,L/240,218.0,e
curtainwall_single,800S137-43,33,12,35,L/360,218.0,e
curtainwall_single,800S137-43,33,12,35,L/600,195.0,e
curtainwall_single,800S137-43,33,12,40,L/240,204.0,e
curtainwall_single,800S137-43,33,12,40,L/360,204.0,e
curtainwall_single,800S137-43,33,12,40,L/600,186.0,e
curtainwall_single,800S137-43,33,16,5,L/120,499.0,
curtainwall_single,800S137-43,33,16,5,L/240,408.0,
curtainwall_single,800S137-43,33,16,5,L/360,357.0,
curtainwall_single,800S137-43,33,16,15,L/240,288.0,e
curtainwall_single,800S137-43,33,16,15,L/360,279.0,e
curtainwall_single,800S137-43,33,16,15,L/600,235.0,e
curtainwall_single,800S137-43,33,16,20,L/240,250.0,e
curtainwall_single,800S137-43,33,16,20,L/360,250.0,e
curtainwall_single,800S137-43,33,16,20,L/600,213.0,e
curtainwall_single,800S137-43,33,16,25,L/240,223.0,e
curtainwall_single,800S137-43,33,16,25,L/360,223.0,e
curtainwall_single,800S137-43,33,16,25,L/600,198.0,e
curtainwall_single,800S137-43,33,16,30,L/240,204.0,e
curtainwall_single,800S137-43,33,16,30,L/360,204.0,e
curtainwall_single,800S137-43,33,16,30,L/600,186.0,e
curtainwall_single,800S137-43,33,16,35,L/240,189.0,e
curtainwall_single,800S137-43,33,16,35,L/360,189.0,e
curtainwall_single,800S137-43,33,16,35,L/600,177.0,e
curtainwall_single,800S137-43,33,16,40,L/240,177.0,e
curtainwall_single,800S137-43,33,16,40,L/360,177.0,e
curtainwall_single,800S137-43,33,16,40,L/600,169.0,e
curtainwall_single,800S137-43,33,24,5,L/120,408.0,
curtainwall_single,800S137-43,33,24,5,L/240,357.0,
curtainwall_single,800S137-43,33,24,5,L/360,312.0,
curtainwall_single,800S137-43,33,24,15,L/240,235.0,e
curtainwall_single,800S137-43,33,24,15,L/360,235.0,e
curtainwall_single,800S137-43,33,24,15,L/600,205.0,e
curtainwall_single,800S137-43,33,24,20,L/240,204.0,e
curtainwall_single,800S137-43,33,24,20,L/360,204.0,e
curtainwall_single,800S137-43,33,24,20,L/600,186.0,e
curtainwall_single,800S137-43,33,24,25,L/240,182.0,e
curtainwall_single,800S137-43,33,24,25,L/360,182.0,e
curtainwall_single,800S137-43,33,24,25,L/600,173.0,e
curtainwall_single,800S137-43,33,24,30,L/240,166.0,e
curtainwall_single,800S137-43,33,24,30,L/360,166.0,e
curtainwall_single,800S137-43,33,24,30,L/600,163.0,e
curtainwall_single,800S137-43,33,24,35,L/240,154.0,e
curtainwall_single,800S137-43,33,24,35,L/360,154.0,e
curtainwall_single,800S137-43,33,24,35,L/600,154.0,e
curtainwall_single,800S137-43,33,24,40,L/240,144.0,e
curtainwall_single,800S137-43,33,24,40,L/360,144.0,e
curtainwall_single,800S137-43,33,24,40,L/600,144.0,e
curtainwall_single,800S137-54,33,12,5,L/120,613.0,
curtainwall_single,800S137-54,33,12,5,L/240,486.0,
curtainwall_single,800S137-54,33,12,5,L/360,425.0,
curtainwall_single,800S137-54,33,12,15,L/240,380.0,
curtainwall_single,800S137-54,33,12,15,L/360,332.0,
curtainwall_single,800S137-54,33,12,15,L/600,280.0,
curtainwall_single,800S137-54,33,12,20,L/240,332.0,
curtainwall_single,800S137-54,33,12,20,L/360,302.0,
curtainwall_single,800S137-54,33,12,20,L/600,254.0,
curtainwall_single,800S137-54,33,12,25,L/240,297.0,
curtainwall_single,800S137-54,33,12,25,L/360,280.0,
curtainwall_single,800S137-54,33,12,25,L/600,236.0,
curtainwall_single,800S137-54,33,12,30,L/240,271.0,e
curtainwall_single,800S137-54,33,12,30,L/360,263.0,e
curtainwall_single,800S137-54,33,12,30,L/600,222.0,
curtainwall_single,800S137-54,33,12,35,L/240,251.0,e
curtainwall_single,800S137-54,33,12,35,L/360,250.0,e
curtainwall_single,800S137-54,33,12,35,L/600,211.0,
curtainwall_single,800S137-54,33,12,40,L/240,235.0,e
curtainwall_single,800S137-54,33,12,40,L/360,235.0,e
curtainwall_single,800S137-54,33,12,40,L/600,202.0,e
curtainwall_single,800S137-54,33,16,5,L/120,557.0,
curtainwall_single,800S137-54,33,16,5,L/240,442.0,
curtainwall_single,800S137-54,33,16,5,L/360,386.0,
curtainwall_single,800S137-54,33,16,15,L/240,332.0,
curtainwall_single,800S137-54,33,16,15,L/360,302.0,
curtainwall_single,800S137-54,33,16,15,L/600,254.0,
curtainwall_single,800S137-54,33,16,20,L/240,288.0,
curtainwall_single,800S137-54,33,16,20,L/360,274.0,
curtainwall_single,800S137-54,33,16,20,L/600,231.0,
curtainwall_single,800S137-54,33,16,25,L/240,257.0,e
curtainwall_single,800S137-54,33,16,25,L/360,254.0,e
curtainwall_single,800S137-54,33,16,25,L/600,214.0,
curtainwall_single,800S137-54,33,16,30,L/240,235.0,e
curtainwall_single,800S137-54,33,16,30,L/360,235.0,e
curtainwall_single,800S137-54,33,16,30,L/600,202.0,e
curtainwall_single,800S137-54,33,16,35,L/240,217.0,e
curtainwall_single,800S137-54,33,16,35,L/360,217.0,e
curtainwall_single,800S137-54,33,16,35,L/600,192.0,e
curtainwall_single,800S137-54,33,16,40,L/240,203.0,e
curtainwall_single,800S137-54,33,16,40,L/360,203.0,e
curtainwall_single,800S137-54,33,16,40,L/600,183.0,e
curtainwall_single,800S137-54,33,24,5,L/120,470.0,
curtainwall_single,800S137-54,33,24,5,L/240,386.0,
curtainwall_single,800S137-54,33,24,5,L/360,337.0,
curtainwall_single,800S137-54,33,24,15,L/240,271.0,e
curtainwall_single,800S137-54,33,24,15,L/360,263.0,e
curtainwall_single,800S137-54,33,24,15,L/600,222.0,
curtainwall_single,800S137-54,33,24,20,L/240,235.0,e
curtainwall_single,800S137-54,33,24,20,L/360,235.0,e
curtainwall_single,800S137-54,33,24,20,L/600,202.0,e
curtainwall_single,800S137-54,33,24,25,L/240,210.0,e
curtainwall_single,800S137-54,33,24,25,L/360,210.0,e
curtainwall_single,800S137-54,33,24,25,L/600,187.0,e
curtainwall_single,800S137-54,33,24,30,L/240,192.0,e
curtainwall_single,800S137-54,33,24,30,L/360,192.0,e
curtainwall_single,800S137-54,33,24,30,L/600,176.0,e
curtainwall_single,800S137-54,33,24,35,L/240,178.0,e
curtainwall_single,800S137-54,33,24,35,L/360,178.0,e
curtainwall_single,800S137-54,33,24,35,L/600,167.0,e
curtainwall_single,800S137-54,33,24,40,L/240,166.0,e
curtainwall_single,800S137-54,33,24,40,L/360,166.0,e
curtainwall_single,800S137-54,33,24,40,L/600,160.0,e
curtainwall_single,800S137-54,50,12,5,L/120,609.0,
curtainwall_single,800S137-54,50,12,5,L/240,483.0,
curtainwall_single,800S137-54,50,12,5,L/360,422.0,
curtainwall_single,800S137-54,50,12,15,L/240,377.0,
curtainwall_single,800S137-54,50,12,15,L/360,330.0,
curtainwall_single,800S137-54,50,12,15,L/600,278.0,
curtainwall_single,800S137-54,50,12,20,L/240,343.0,
curtainwall_single,800S137-54,50,12,20,L/360,300.0,
curtainwall_single,800S137-54,50,12,20,L/600,253.0,
curtainwall_single,800S137-54,50,12,25,L/240,318.0,
curtainwall_single,800S137-54,50,12,25,L/360,278.0,
curtainwall_single,800S137-54,50,12,25,L/600,235.0,
curtainwall_single,800S137-54,50,12,30,L/240,300.0,
curtainwall_single,800S137-54,50,12,30,L/360,262.0,
curtainwall_single,800S137-54,50,12,30,L/600,221.0,
curtainwall_single,800S137-54,50,12,35,L/240,285.0,
curtainwall_single,800S137-54,50,12,35,L/360,249.0,
curtainwall_single,800S137-54,50,12,35,L/600,210.0,
curtainwall_single,800S137-54,50,12,40,L/240,272.0,
curtainwall_single,800S137-54,50,12,40,L/360,238.0,
curtainwall_single,800S137-54,50,12,40,L/600,201.0,
curtainwall_single,800S137-54,50,16,5,L/120,553.0,
curtainwall_single,800S137-54,50,16,5,L/240,439.0,
curtainwall_single,800S137-54,50,16,5,L/360,384.0,
curtainwall_single,800S137-54,50,16,15,L/240,343.0,
curtainwall_single,800S137-54,50,16,15,L/360,300.0,
curtainwall_single,800S137-54,50,16,15,L/600,253.0,
curtainwall_single,800S137-54,50,16,20,L/240,312.0,
curtainwall_single,800S137-54,50,16,20,L/360,272.0,
curtainwall_single,800S137-54,50,16,20,L/600,230.0,
curtainwall_single,800S137-54,50,16,25,L/240,289.0,
curtainwall_single,800S137-54,50,16,25,L/360,253.0,
curtainwall_single,800S137-54,50,16,25,L/600,213.0,
curtainwall_single,800S137-54,50,16,30,L/240,272.0,
curtainwall_single,800S137-54,50,16,30,L/360,238.0,
curtainwall_single,800S137-54,50,16,30,L/600,201.0,
curtainwall_single,800S137-54,50,16,35,L/240,255.0,e
curtainwall_single,800S137-54,50,16,35,L/360,226.0,
curtainwall_single,800S137-54,50,16,35,L/600,190.0,
curtainwall_single,800S137-54,50,16,40,L/240,239.0,e
curtainwall_single,800S137-54,50,16,40,L/360,216.0,
curtainwall_single,800S137-54,50,16,40,L/600,182.0,
curtainwall_single,800S137-54,50,24,5,L/120,483.0,
curtainwall_single,800S137-54,50,24,5,L/240,384.0,
curtainwall_single,800S137-54,50,24,5,L/360,335.0,
curtainwall_single,800S137-54,50,24,15,L/240,300.0,
curtainwall_single,800S137-54,50,24,15,L/360,262.0,
curtainwall_single,800S137-54,50,24,15,L/600,221.0,
curtainwall_single,800S137-54,50,24,20,L/240,272.0,
curtainwall_single,800S137-54,50,24,20,L/360,238.0,
curtainwall_single,800S137-54,50,24,20,L/600,201.0,
curtainwall_single,800S137-54,50,24,25,L/240,247.0,e
curtainwall_single,800S137-54,50,24,25,L/360,221.0,
curtainwall_single,800S137-54,50,24,25,L/600,186.0,
curtainwall_single,800S137-54,50,24,30,L/240,225.0,e
curtainwall_single,800S137-54,50,24,30,L/360,208.0,e
curtainwall_single,800S137-54,50,24,30,L/600,175.0,
curtainwall_single,800S137-54,50,24,35,L/240,208.0,e
curtainwall_single,800S137-54,50,24,35,L/360,197.0,e
curtainwall_single,800S137-54,50,24,35,L/600,166.0,
curtainwall_single,800S137-54,50,24,40,L/240,195.0,e
curtainwall_single,800S137-54,50,24,40,L/360,189.0,e
curtainwall_single,800S137-54,50,24,40,L/600,159.0,e
curtainwall_single,800S137-68,50,12,5,L/120,658.0,
curtainwall_single,800S137-68,50,12,5,L/240,522.0,
curtainwall_single,800S137-68,50,12,5,L/360,456.0,
curtainwall_single,800S137-68,50,12,15,L/240,408.0,
curtainwall_single,800S137-68,50,12,15,L/360,356.0,
curtainwall_single,800S137-68,50,12,15,L/600,301.0,
curtainwall_single,800S137-68,50,12,20,L/240,371.0,
curtainwall_single,800S137-68,50,12,20,L/360,324.0,
curtainwall_single,800S137-68,50,12,20,L/600,273.0,
curtainwall_single,800S137-68,50,12,25,L/240,344.0,
curtainwall_single,800S137-68,50,12,25,L/360,301.0,
curtainwall_single,800S137-68,50,12,25,L/600,253.0,
curtainwall_single,800S137-68,50,12,30,L/240,324.0,
curtainwall_single,800S137-68,50,12,30,L/360,283.0,
curtainwall_single,800S137-68,50,12,30,L/600,239.0,
curtainwall_single,800S137-68,50,12,35,L/240,308.0,
curtainwall_single,800S137-68,50,12,35,L/360,269.0,
curtainwall_single,800S137-68,50,12,35,L/600,227.0,
curtainwall_single,800S137-68,50,12,40,L/240,294.0,
curtainwall_single,800S137-68,50,12,40,L/360,257.0,
curtainwall_single,800S137-68,50,12,40,L/600,217.0,
curtainwall_single,800S137-68,50,16,5,L/120,598.0,
curtainwall_single,800S137-68,50,16,5,L/240,475.0,
curtainwall_single,800S137-68,50,16,5,L/360,415.0,
curtainwall_single,800S137-68,50,16,15,L/240,371.0,
curtainwall_single,800S137-68,50,16,15,L/360,324.0,
curtainwall_single,800S137-68,50,16,15,L/600,273.0,
curtainwall_single,800S137-68,50,16,20,L/240,337.0,
curtainwall_single,800S137-68,50,16,20,L/360,294.0,
curtainwall_single,800S137-68,50,16,20,L/600,248.0,
curtainwall_single,800S137-68,50,16,25,L/240,313.0,
curtainwall_single,800S137-68,50,16,25,L/360,273.0,
curtainwall_single,800S137-68,50,16,25,L/600,230.0,
curtainwall_single,800S137-68,50,16,30,L/240,294.0,
curtainwall_single,800S137-68,50,16,30,L/360,257.0,
curtainwall_single,800S137-68,50,16,30,L/600,217.0,
curtainwall_single,800S137-68,50,16,35,L/240,279.0,
curtainwall_single,800S137-68,50,16,35,L/360,244.0,
curtainwall_single,800S137-68,50,16,35,L/600,206.0,
curtainwall_single,800S137-68,50,16,40,L/240,267.0,
curtainwall_single,800S137-68,50,16,40,L/360,233.0,
curtainwall_single,800S137-68,50,16,40,L/600,197.0,
curtainwall_single,800S137-68,50,24,5,L/120,522.0,
curtainwall_single,800S137-68,50,24,5,L/240,415.0,
curtainwall_single,800S137-68,50,24,5,L/360,362.0,
curtainwall_single,800S137-68,50,24,15,L/240,324.0,
curtainwall_single,800S137-68,50,24,15,L/360,283.0,
curtainwall_single,800S137-68,50,24,15,L/600,239.0,
curtainwall_single,800S137-68,50,24,20,L/240,294.0,
curtainwall_single,800S137-68,50,24,20,L/360,257.0,
curtainwall_single,800S137-68,50,24,20,L/600,217.0,
curtainwall_single,800S137-68,50,24,25,L/240,273.0,
curtainwall_single,800S137-68,50,24,25,L/360,239.0,
curtainwall_single,800S137-68,50,24,25,L/600,201.0,
curtainwall_single,800S137-68,50,24,30,L/240,257.0,
curtainwall_single,800S137-68,50,24,30,L/360,224.0,
curtainwall_single,800S137-68,50,24,30,L/600,189.0,
curtainwall_single,800S137-68,50,24,35,L/240,244.0,
curtainwall_single,800S137-68,50,24,35,L/360,213.0,
curtainwall_single,800S137-68,50,24,35,L/600,180.0,
curtainwall_single,800S137-68,50,24,40,L/240,228.0,
curtainwall_single,800S137-68,50,24,40,L/360,204.0,
curtainwall_single,800S137-68,50,24,40,L/600,172.0,
curtainwall_single,800S137-97,50,12,5,L/120,730.0,
curtainwall_single,800S137-97,50,12,5,L/240,580.0,
curtainwall_single,800S137-97,50,12,5,L/360,506.0,
curtainwall_single,800S137-97,50,12,15,L/240,453.0,
curtainwall_single,800S137-97,50,12,15,L/360,395.0,
curtainwall_single,800S137-97,50,12,15,L/600,334.0,
curtainwall_single,800S137-97,50,12,20,L/240,411.0,
curtainwall_single,800S137-97,50,12,20,L/360,359.0,
curtainwall_single,800S137-97,50,12,20,L/600,303.0,
curtainwall_single,800S137-97,50,12,25,L/240,382.0,
curtainwall_single,800S137-97,50,12,25,L/360,334.0,
curtainwall_single,800S137-97,50,12,25,L/600,281.0,
curtainwall_single,800S137-97,50,12,30,L/240,359.0,
curtainwall_single,800S137-97,50,12,30,L/360,314.0,
curtainwall_single,800S137-97,50,12,30,L/600,265.0,
curtainwall_single,800S137-97,50,12,35,L/240,341.0,
curtainwall_single,800S137-97,50,12,35,L/360,298.0,
curtainwall_single,800S137-97,50,12,35,L/600,251.0,
curtainwall_single,800S137-97,50,12,40,L/240,326.0,
curtainwall_single,800S137-97,50,12,40,L/360,285.0,
curtainwall_single,800S137-97,50,12,40,L/600,241.0,
curtainwall_single,800S137-97,50,16,5,L/120,664.0,
curtainwall_single,800S137-97,50,16,5,L/240,527.0,
curtainwall_single,800S137-97,50,16,5,L/360,460.0,
curtainwall_single,800S137-97,50,16,15,L/240,411.0,
curtainwall_single,800S137-97,50,16,15,L/360,359.0,
curtainwall_single,800S137-97,50,16,15,L/600,303.0,
curtainwall_single,800S137-97,50,16,20,L/240,374.0,
curtainwall_single,800S137-97,50,16,20,L/360,326.0,
curtainwall_single,800S137-97,50,16,20,L/600,275.0,
curtainwall_single,800S137-97,50,16,25,L/240,347.0,
curtainwall_single,800S137-97,50,16,25,L/360,303.0,
curtainwall_single,800S137-97,50,16,25,L/600,256.0,
curtainwall_single,800S137-97,50,16,30,L/240,326.0,
curtainwall_single,800S137-97,50,16,30,L/360,285.0,
curtainwall_single,800S137-97,50,16,30,L/600,241.0,
curtainwall_single,800S137-97,50,16,35,L/240,310.0,
curtainwall_single,800S137-97,50,16,35,L/360,271.0,
curtainwall_single,800S137-97,50,16,35,L/600,228.0,
curtainwall_single,800S137-97,50,16,40,L/240,297.0,
curtainwall_single,800S137-97,50,16,40,L/360,259.0,
curtainwall_single,800S137-97,50,16,40,L/600,219.0,
curtainwall_single,800S137-97,50,24,5,L/120,580.0,
curtainwall_single,800S137-97,50,24,5,L/240,460.0,
curtainwall_single,800S137-97,50,24,5,L/360,402.0,
curtainwall_single,800S137-97,50,24,15,L/240,359.0,
curtainwall_single,800S137-97,50,24,15,L/360,314.0,
curtainwall_single,800S137-97,50,24,15,L/600,265.0,
curtainwall_single,800S137-97,50,24,20,L/240,326.0,
curtainwall_single,800S137-97,50,24,20,L/360,285.0,
curtainwall_single,800S137-97,50,24,20,L/600,241.0,
curtainwall_single,800S137-97,50,24,25,L/240,303.0,
curtainwall_single,800S137-97,50,24,25,L/360,265.0,
curtainwall_single,800S137-97,50,24,25,L/600,223.0,
curtainwall_single,800S137-97,50,24,30,L/240,285.0,
curtainwall_single,800S137-97,50,24,30,L/360,249.0,
curtainwall_single,800S137-97,50,24,30,L/600,210.0,
curtainwall_single,800S137-97,50,24,35,L/240,271.0,
curtainwall_single,800S137-97,50,24,35,L/360,237.0,
curtainwall_single,800S137-97,50,24,35,L/600,200.0,
curtainwall_single,800S137-97,50,24,40,L/240,259.0,
curtainwall_single,800S137-97,50,24,40,L/360,226.0,
curtainwall_single,800S137-97,50,24,40,L/600,191.0,
curtainwall_single,800S162-33,33,12,5,L/120,469.0,e
curtainwall_single,800S162-33,33,12,5,L/240,425.0,e
curtainwall_single,800S162-33,33,12,5,L/360,371.0,e
curtainwall_single,800S162-33,33,12,15,L/240,271.0,e
curtainwall_single,800S162-33,33,12,15,L/360,271.0,e
curtainwall_single,800S162-33,33,12,15,L/600,245.0,e
curtainwall_single,800S162-33,33,12,20,L/240,234.0,e
curtainwall_single,800S162-33,33,12,20,L/360,234.0,e
curtainwall_single,800S162-33,33,12,20,L/600,222.0,e
curtainwall_single,800S162-33,33,12,25,L/240,210.0,e
curtainwall_single,800S162-33,33,12,25,L/360,210.0,e
curtainwall_single,800S162-33,33,12,25,L/600,206.0,e
curtainwall_single,800S162-33,33,12,30,L/240,191.0,e
curtainwall_single,800S162-33,33,12,30,L/360,191.0,e
curtainwall_single,800S162-33,33,12,30,L/600,191.0,e
curtainwall_single,800S162-33,33,12,35,L/240,177.0,e
curtainwall_single,800S162-33,33,12,35,L/360,177.0,e
curtainwall_single,800S162-33,33,12,35,L/600,177.0,e
curtainwall_single,800S162-33,33,12,40,L/240,166.0,e
curtainwall_single,800S162-33,33,12,40,L/360,166.0,e
curtainwall_single,800S162-33,33,12,40,L/600,166.0,e
curtainwall_single,800S162-33,33,16,5,L/120,406.0,e
curtainwall_single,800S162-33,33,16,5,L/240,386.0,e
curtainwall_single,800S162-33,33,16,5,L/360,337.0,e
curtainwall_single,800S162-33,33,16,15,L/240,234.0,e
curtainwall_single,800S162-33,33,16,15,L/360,234.0,e
curtainwall_single,800S162-33,33,16,15,L/600,222.0,e
curtainwall_single,800S162-33,33,16,20,L/240,203.0,e
curtainwall_single,800S162-33,33,16,20,L/360,203.0,e
curtainwall_single,800S162-33,33,16,20,L/600,202.0,e
curtainwall_single,800S162-33,33,16,25,L/240,182.0,e
curtainwall_single,800S162-33,33,16,25,L/360,182.0,e
curtainwall_single,800S162-33,33,16,25,L/600,182.0,e
curtainwall_single,800S162-33,33,16,30,L/240,166.0,e
curtainwall_single,800S162-33,33,16,30,L/360,166.0,e
curtainwall_single,800S162-33,33,16,30,L/600,166.0,e
curtainwall_single,800S162-33,33,16,35,L/240,153.0,e
curtainwall_single,800S162-33,33,16,35,L/360,153.0,e
curtainwall_single,800S162-33,33,16,35,L/600,153.0,e
curtainwall_single,800S162-33,33,16,40,L/240,144.0,e
curtainwall_single,800S162-33,33,16,40,L/360,144.0,e
curtainwall_single,800S162-33,33,16,40,L/600,144.0,e
curtainwall_single,800S162-33,33,24,5,L/120,332.0,e
curtainwall_single,800S162-33,33,24,5,L/240,332.0,e
curtainwall_single,800S162-33,33,24,5,L/360,295.0,e
curtainwall_single,800S162-33,33,24,15,L/240,191.0,e
curtainwall_single,800S162-33,33,24,15,L/360,191.0,e
curtainwall_single,800S162-33,33,24,15,L/600,191.0,e
curtainwall_single,800S162-33,33,24,20,L/240,166.0,e
curtainwall_single,800S162-33,33,24,20,L/360,166.0,e
curtainwall_single,800S162-33,33,24,20,L/600,166.0,e
curtainwall_single,800S162-33,33,24,25,L/240,148.0,e
curtainwall_single,800S162-33,33,24,25,L/360,148.0,e
curtainwall_single,800S162-33,33,24,25,L/600,148.0,e
curtainwall_single,800S162-33,33,24,30,L/240,135.0,e
curtainwall_single,800S162-33,33,24,30,L/360,135.0,e
curtainwall_single,800S162-33,33,24,30,L/600,135.0,e
curtainwall_single,800S162-33,33,24,35,L/240,125.0,e
curtainwall_single,800S162-33,33,24,35,L/360,125.0,e
curtainwall_single,800S162-33,33,24,35,L/600,125.0,e
curtainwall_single,800S162-33,33,24,40,L/240,114.0,e
curtainwall_single,800S162-33,33,24,40,L/360,114.0,e
curtainwall_single,800S162-33,33,24,40,L/600,114.0,e
curtainwall_single,800S162-43,33,12,5,L/120,589.0,
curtainwall_single,800S162-43,33,12,5,L/240,467.0,
curtainwall_single,800S162-43,33,12,5,L/360,408.0,
curtainwall_single,800S162-43,33,12,15,L/240,356.0,e
curtainwall_single,800S162-43,33,12,15,L/360,319.0,e
curtainwall_single,800S162-43,33,12,15,L/600,269.0,
curtainwall_single,800S162-43,33,12,20,L/240,308.0,e
curtainwall_single,800S162-43,33,12,20,L/360,290.0,e
curtainwall_single,800S162-43,33,12,20,L/600,244.0,e
curtainwall_single,800S162-43,33,12,25,L/240,276.0,e
curtainwall_single,800S162-43,33,12,25,L/360,269.0,e
curtainwall_single,800S162-43,33,12,25,L/600,227.0,e
curtainwall_single,800S162-43,33,12,30,L/240,252.0,e
curtainwall_single,800S162-43,33,12,30,L/360,252.0,e
curtainwall_single,800S162-43,33,12,30,L/600,213.0,e
curtainwall_single,800S162-43,33,12,35,L/240,233.0,e
curtainwall_single,800S162-43,33,12,35,L/360,233.0,e
curtainwall_single,800S162-43,33,12,35,L/600,203.0,e
curtainwall_single,800S162-43,33,12,40,L/240,218.0,e
curtainwall_single,800S162-43,33,12,40,L/360,218.0,e
curtainwall_single,800S162-43,33,12,40,L/600,194.0,e
curtainwall_single,800S162-43,33,16,5,L/120,534.0,
curtainwall_single,800S162-43,33,16,5,L/240,425.0,
curtainwall_single,800S162-43,33,16,5,L/360,371.0,
curtainwall_single,800S162-43,33,16,15,L/240,308.0,e
curtainwall_single,800S162-43,33,16,15,L/360,290.0,e
curtainwall_single,800S162-43,33,16,15,L/600,244.0,e
curtainwall_single,800S162-43,33,16,20,L/240,267.0,e
curtainwall_single,800S162-43,33,16,20,L/360,263.0,e
curtainwall_single,800S162-43,33,16,20,L/600,222.0,e
curtainwall_single,800S162-43,33,16,25,L/240,239.0,e
curtainwall_single,800S162-43,33,16,25,L/360,239.0,e
curtainwall_single,800S162-43,33,16,25,L/600,206.0,e
curtainwall_single,800S162-43,33,16,30,L/240,218.0,e
curtainwall_single,800S162-43,33,16,30,L/360,218.0,e
curtainwall_single,800S162-43,33,16,30,L/600,194.0,e
curtainwall_single,800S162-43,33,16,35,L/240,202.0,e
curtainwall_single,800S162-43,33,16,35,L/360,202.0,e
curtainwall_single,800S162-43,33,16,35,L/600,184.0,e
curtainwall_single,800S162-43,33,16,40,L/240,189.0,e
curtainwall_single,800S162-43,33,16,40,L/360,189.0,e
curtainwall_single,800S162-43,33,16,40,L/600,176.0,e
curtainwall_single,800S162-43,33,24,5,L/120,436.0,
curtainwall_single,800S162-43,33,24,5,L/240,371.0,
curtainwall_single,800S162-43,33,24,5,L/360,324.0,
curtainwall_single,800S162-43,33,24,15,L/240,252.0,e
curtainwall_single,800S162-43,33,24,15,L/360,252.0,e
curtainwall_single,800S162-43,33,24,15,L/600,213.0,e
curtainwall_single,800S162-43,33,24,20,L/240,218.0,e
curtainwall_single,800S162-43,33,24,20,L/360,218.0,e
curtainwall_single,800S162-43,33,24,20,L/600,194.0,e
curtainwall_single,800S162-43,33,24,25,L/240,195.0,e
curtainwall_single,800S162-43,33,24,25,L/360,195.0,e
curtainwall_single,800S162-43,33,24,25,L/600,180.0,e
curtainwall_single,800S162-43,33,24,30,L/240,178.0,e
curtainwall_single,800S162-43,33,24,30,L/360,178.0,e
curtainwall_single,800S162-43,33,24,30,L/600,169.0,e
curtainwall_single,800S162-43,33,24,35,L/240,165.0,e
curtainwall_single,800S162-43,33,24,35,L/360,165.0,e
curtainwall_single,800S162-43,33,24,35,L/600,161.0,e
curtainwall_single,800S162-43,33,24,40,L/240,154.0,e
curtainwall_single,800S162-43,33,24,40,L/360,154.0,e
curtainwall_single,800S162-43,33,24,40,L/600,154.0,e
curtainwall_single,800S162-54,33,12,5,L/120,637.0,
curtainwall_single,800S162-54,33,12,5,L/240,506.0,
curtainwall_single,800S162-54,33,12,5,L/360,442.0,
curtainwall_single,800S162-54,33,12,15,L/240,395.0,
curtainwall_single,800S162-54,33,12,15,L/360,345.0,
curtainwall_single,800S162-54,33,12,15,L/600,291.0,
curtainwall_single,800S162-54,33,12,20,L/240,354.0,
curtainwall_single,800S162-54,33,12,20,L/360,313.0,
curtainwall_single,800S162-54,33,12,20,L/600,264.0,
curtainwall_single,800S162-54,33,12,25,L/240,316.0,e
curtainwall_single,800S162-54,33,12,25,L/360,291.0,
curtainwall_single,800S162-54,33,12,25,L/600,245.0,
curtainwall_single,800S162-54,33,12,30,L/240,289.0,e
curtainwall_single,800S162-54,33,12,30,L/360,274.0,e
curtainwall_single,800S162-54,33,12,30,L/600,231.0,
curtainwall_single,800S162-54,33,12,35,L/240,267.0,e
curtainwall_single,800S162-54,33,12,35,L/360,260.0,e
curtainwall_single,800S162-54,33,12,35,L/600,219.0,
curtainwall_single,800S162-54,33,12,40,L/240,250.0,e
curtainwall_single,800S162-54,33,12,40,L/360,249.0,e
curtainwall_single,800S162-54,33,12,40,L/600,210.0,e
curtainwall_single,800S162-54,33,16,5,L/120,579.0,
curtainwall_single,800S162-54,33,16,5,L/240,459.0,
curtainwall_single,800S162-54,33,16,5,L/360,401.0,
curtainwall_single,800S162-54,33,16,15,L/240,354.0,
curtainwall_single,800S162-54,33,16,15,L/360,313.0,
curtainwall_single,800S162-54,33,16,15,L/600,264.0,
curtainwall_single,800S162-54,33,16,20,L/240,306.0,e
curtainwall_single,800S162-54,33,16,20,L/360,285.0,
curtainwall_single,800S162-54,33,16,20,L/600,240.0,
curtainwall_single,800S162-54,33,16,25,L/240,274.0,e
curtainwall_single,800S162-54,33,16,25,L/360,264.0,e
curtainwall_single,800S162-54,33,16,25,L/600,223.0,
curtainwall_single,800S162-54,33,16,30,L/240,250.0,e
curtainwall_single,800S162-54,33,16,30,L/360,249.0,e
curtainwall_single,800S162-54,33,16,30,L/600,210.0,e
curtainwall_single,800S162-54,33,16,35,L/240,232.0,e
curtainwall_single,800S162-54,33,16,35,L/360,232.0,e
curtainwall_single,800S162-54,33,16,35,L/600,199.0,e
curtainwall_single,800S162-54,33,16,40,L/240,217.0,e
curtainwall_single,800S162-54,33,16,40,L/360,217.0,e
curtainwall_single,800S162-54,33,16,40,L/600,191.0,e
curtainwall_single,800S162-54,33,24,5,L/120,500.0,
curtainwall_single,800S162-54,33,24,5,L/240,401.0,
curtainwall_single,800S162-54,33,24,5,L/360,351.0,
curtainwall_single,800S162-54,33,24,15,L/240,289.0,e
curtainwall_single,800S162-54,33,24,15,L/360,274.0,e
curtainwall_single,800S162-54,33,24,15,L/600,231.0,
curtainwall_single,800S162-54,33,24,20,L/240,250.0,e
curtainwall_single,800S162-54,33,24,20,L/360,249.0,e
curtainwall_single,800S162-54,33,24,20,L/600,210.0,e
curtainwall_single,800S162-54,33,24,25,L/240,224.0,e
curtainwall_single,800S162-54,33,24,25,L/360,224.0,e
curtainwall_single,800S162-54,33,24,25,L/600,195.0,e
curtainwall_single,800S162-54,33,24,30,L/240,204.0,e
curtainwall_single,800S162-54,33,24,30,L/360,204.0,e
curtainwall_single,800S162-54,33,24,30,L/600,183.0,e
curtainwall_single,800S162-54,33,24,35,L/240,189.0,e
curtainwall_single,800S162-54,33,24,35,L/360,189.0,e
curtainwall_single,800S162-54,33,24,35,L/600,174.0,e
curtainwall_single,800S162-54,33,24,40,L/240,177.0,e
curtainwall_single,800S162-54,33,24,40,L/360,177.0,e
curtainwall_single,800S162-54,33,24,40,L/600,167.0,e
curtainwall_single,800S162-54,50,12,5,L/120,633.0,
curtainwall_single,800S162-54,50,12,5,L/240,503.0,
curtainwall_single,800S162-54,50,12,5,L/360,439.0,
curtainwall_single,800S162-54,50,12,15,L/240,393.0,
curtainwall_single,800S162-54,50,12,15,L/360,343.0,
curtainwall_single,800S162-54,50,12,15,L/600,289.0,
curtainwall_single,800S162-54,50,12,20,L/240,357.0,
curtainwall_single,800S162-54,50,12,20,L/360,312.0,
curtainwall_single,800S162-54,50,12,20,L/600,263.0,
curtainwall_single,800S162-54,50,12,25,L/240,331.0,
curtainwall_single,800S162-54,50,12,25,L/360,289.0,
curtainwall_single,800S162-54,50,12,25,L/600,244.0,
curtainwall_single,800S162-54,50,12,30,L/240,312.0,
curtainwall_single,800S162-54,50,12,30,L/360,272.0,
curtainwall_single,800S162-54,50,12,30,L/600,230.0,
curtainwall_single,800S162-54,50,12,35,L/240,296.0,
curtainwall_single,800S162-54,50,12,35,L/360,259.0,
curtainwall_single,800S162-54,50,12,35,L/600,218.0,
curtainwall_single,800S162-54,50,12,40,L/240,283.0,
curtainwall_single,800S162-54,50,12,40,L/360,247.0,
curtainwall_single,800S162-54,50,12,40,L/600,209.0,
curtainwall_single,800S162-54,50,16,5,L/120,575.0,
curtainwall_single,800S162-54,50,16,5,L/240,457.0,
curtainwall_single,800S162-54,50,16,5,L/360,399.0,
curtainwall_single,800S162-54,50,16,15,L/240,357.0,
curtainwall_single,800S162-54,50,16,15,L/360,312.0,
curtainwall_single,800S162-54,50,16,15,L/600,263.0,
curtainwall_single,800S162-54,50,16,20,L/240,324.0,
curtainwall_single,800S162-54,50,16,20,L/360,283.0,
curtainwall_single,800S162-54,50,16,20,L/600,239.0,
curtainwall_single,800S162-54,50,16,25,L/240,301.0,
curtainwall_single,800S162-54,50,16,25,L/360,263.0,
curtainwall_single,800S162-54,50,16,25,L/600,222.0,
curtainwall_single,800S162-54,50,16,30,L/240,283.0,
curtainwall_single,800S162-54,50,16,30,L/360,247.0,
curtainwall_single,800S162-54,50,16,30,L/600,209.0,
curtainwall_single,800S162-54,50,16,35,L/240,269.0,e
curtainwall_single,800S162-54,50,16,35,L/360,235.0,
curtainwall_single,800S162-54,50,16,35,L/600,198.0,
curtainwall_single,800S162-54,50,16,40,L/240,255.0,e
curtainwall_single,800S162-54,50,16,40,L/360,225.0,e
curtainwall_single,800S162-54,50,16,40,L/600,189.0,
curtainwall_single,800S162-54,50,24,5,L/120,503.0,
curtainwall_single,800S162-54,50,24,5,L/240,399.0,
curtainwall_single,800S162-54,50,24,5,L/360,349.0,
curtainwall_single,800S162-54,50,24,15,L/240,312.0,
curtainwall_single,800S162-54,50,24,15,L/360,272.0,
curtainwall_single,800S162-54,50,24,15,L/600,230.0,
curtainwall_single,800S162-54,50,24,20,L/240,283.0,
curtainwall_single,800S162-54,50,24,20,L/360,247.0,
curtainwall_single,800S162-54,50,24,20,L/600,209.0,
curtainwall_single,800S162-54,50,24,25,L/240,263.0,e
curtainwall_single,800S162-54,50,24,25,L/360,230.0,
curtainwall_single,800S162-54,50,24,25,L/600,194.0,
curtainwall_single,800S162-54,50,24,30,L/240,240.0,e
curtainwall_single,800S162-54,50,24,30,L/360,216.0,e
curtainwall_single,800S162-54,50,24,30,L/600,182.0,
curtainwall_single,800S162-54,50,24,35,L/240,222.0,e
curtainwall_single,800S162-54,50,24,35,L/360,205.0,e
curtainwall_single,800S162-54,50,24,35,L/600,173.0,e
curtainwall_single,800S162-54,50,24,40,L/240,208.0,e
curtainwall_single,800S162-54,50,24,40,L/360,196.0,e
curtainwall_single,800S162-54,50,24,40,L/600,166.0,e
curtainwall_single,800S162-68,50,12,5,L/120,684.0,
curtainwall_single,800S162-68,50,12,5,L/240,543.0,
curtainwall_single,800S162-68,50,12,5,L/360,475.0,
curtainwall_single,800S162-68,50,12,15,L/240,424.0,
curtainwall_single,800S162-68,50,12,15,L/360,371.0,
curtainwall_single,800S162-68,50,12,15,L/600,313.0,
curtainwall_single,800S162-68,50,12,20,L/240,385.0,
curtainwall_single,800S162-68,50,12,20,L/360,337.0,
curtainwall_single,800S162-68,50,12,20,L/600,284.0,
curtainwall_single,800S162-68,50,12,25,L/240,358.0,
curtainwall_single,800S162-68,50,12,25,L/360,313.0,
curtainwall_single,800S162-68,50,12,25,L/600,264.0,
curtainwall_single,800S162-68,50,12,30,L/240,337.0,
curtainwall_single,800S162-68,50,12,30,L/360,294.0,
curtainwall_single,800S162-68,50,12,30,L/600,248.0,
curtainwall_single,800S162-68,50,12,35,L/240,320.0,
curtainwall_single,800S162-68,50,12,35,L/360,279.0,
curtainwall_single,800S162-68,50,12,35,L/600,236.0,
curtainwall_single,800S162-68,50,12,40,L/240,306.0,
curtainwall_single,800S162-68,50,12,40,L/360,267.0,
curtainwall_single,800S162-68,50,12,40,L/600,225.0,
curtainwall_single,800S162-68,50,16,5,L/120,622.0,
curtainwall_single,800S162-68,50,16,5,L/240,494.0,
curtainwall_single,800S162-68,50,16,5,L/360,431.0,
curtainwall_single,800S162-68,50,16,15,L/240,385.0,
curtainwall_single,800S162-68,50,16,15,L/360,337.0,
curtainwall_single,800S162-68,50,16,15,L/600,284.0,
curtainwall_single,800S162-68,50,16,20,L/240,350.0,
curtainwall_single,800S162-68,50,16,20,L/360,306.0,
curtainwall_single,800S162-68,50,16,20,L/600,258.0,
curtainwall_single,800S162-68,50,16,25,L/240,325.0,
curtainwall_single,800S162-68,50,16,25,L/360,284.0,
curtainwall_single,800S162-68,50,16,25,L/600,239.0,
curtainwall_single,800S162-68,50,16,30,L/240,306.0,
curtainwall_single,800S162-68,50,16,30,L/360,267.0,
curtainwall_single,800S162-68,50,16,30,L/600,225.0,
curtainwall_single,800S162-68,50,16,35,L/240,291.0,
curtainwall_single,800S162-68,50,16,35,L/360,254.0,
curtainwall_single,800S162-68,50,16,35,L/600,214.0,
curtainwall_single,800S162-68,50,16,40,L/240,278.0,
curtainwall_single,800S162-68,50,16,40,L/360,243.0,
curtainwall_single,800S162-68,50,16,40,L/600,205.0,
curtainwall_single,800S162-68,50,24,5,L/120,543.0,
curtainwall_single,800S162-68,50,24,5,L/240,431.0,
curtainwall_single,800S162-68,50,24,5,L/360,377.0,
curtainwall_single,800S162-68,50,24,15,L/240,337.0,
curtainwall_single,800S162-68,50,24,15,L/360,294.0,
curtainwall_single,800S162-68,50,24,15,L/600,248.0,
curtainwall_single,800S162-68,50,24,20,L/240,306.0,
curtainwall_single,800S162-68,50,24,20,L/360,267.0,
curtainwall_single,800S162-68,50,24,20,L/600,225.0,
curtainwall_single,800S162-68,50,24,25,L/240,284.0,
curtainwall_single,800S162-68,50,24,25,L/360,248.0,
curtainwall_single,800S162-68,50,24,25,L/600,209.0,
curtainwall_single,800S162-68,50,24,30,L/240,267.0,
curtainwall_single,800S162-68,50,24,30,L/360,233.0,
curtainwall_single,800S162-68,50,24,30,L/600,197.0,
curtainwall_single,800S162-68,50,24,35,L/240,254.0,
curtainwall_single,800S162-68,50,24,35,L/360,222.0,
curtainwall_single,800S162-68,50,24,35,L/600,187.0,
curtainwall_single,800S162-68,50,24,40,L/240,243.0,
curtainwall_single,800S162-68,50,24,40,L/360,212.0,
curtainwall_single,800S162-68,50,24,40,L/600,179.0,
curtainwall_single,800S162-97,50,12,5,L/120,761.0,
curtainwall_single,800S162-97,50,12,5,L/240,604.0,
curtainwall_single,800S162-97,50,12,5,L/360,527.0,
curtainwall_single,800S162-97,50,12,15,L/240,472.0,
curtainwall_single,800S162-97,50,12,15,L/360,412.0,
curtainwall_single,800S162-97,50,12,15,L/600,347.0,
curtainwall_single,800S162-97,50,12,20,L/240,428.0,
curtainwall_single,800S162-97,50,12,20,L/360,374.0,
curtainwall_single,800S162-97,50,12,20,L/600,316.0,
curtainwall_single,800S162-97,50,12,25,L/240,398.0,
curtainwall_single,800S162-97,50,12,25,L/360,347.0,
curtainwall_single,800S162-97,50,12,25,L/600,293.0,
curtainwall_single,800S162-97,50,12,30,L/240,374.0,
curtainwall_single,800S162-97,50,12,30,L/360,327.0,
curtainwall_single,800S162-97,50,12,30,L/600,276.0,
curtainwall_single,800S162-97,50,12,35,L/240,355.0,
curtainwall_single,800S162-97,50,12,35,L/360,311.0,
curtainwall_single,800S162-97,50,12,35,L/600,262.0,
curtainwall_single,800S162-97,50,12,40,L/240,340.0,
curtainwall_single,800S162-97,50,12,40,L/360,297.0,
curtainwall_single,800S162-97,50,12,40,L/600,251.0,
curtainwall_single,800S162-97,50,16,5,L/120,691.0,
curtainwall_single,800S162-97,50,16,5,L/240,549.0,
curtainwall_single,800S162-97,50,16,5,L/360,479.0,
curtainwall_single,800S162-97,50,16,15,L/240,428.0,
curtainwall_single,800S162-97,50,16,15,L/360,374.0,
curtainwall_single,800S162-97,50,16,15,L/600,316.0,
curtainwall_single,800S162-97,50,16,20,L/240,389.0,
curtainwall_single,800S162-97,50,16,20,L/360,340.0,
curtainwall_single,800S162-97,50,16,20,L/600,287.0,
curtainwall_single,800S162-97,50,16,25,L/240,361.0,
curtainwall_single,800S162-97,50,16,25,L/360,316.0,
curtainwall_single,800S162-97,50,16,25,L/600,266.0,
curtainwall_single,800S162-97,50,16,30,L/240,340.0,
curtainwall_single,800S162-97,50,16,30,L/360,297.0,
curtainwall_single,800S162-97,50,16,30,L/600,251.0,
curtainwall_single,800S162-97,50,16,35,L/240,323.0,
curtainwall_single,800S162-97,50,16,35,L/360,282.0,
curtainwall_single,800S162-97,50,16,35,L/600,238.0,
curtainwall_single,800S162-97,50,16,40,L/240,309.0,
curtainwall_single,800S162-97,50,16,40,L/360,270.0,
curtainwall_single,800S162-97,50,16,40,L/600,228.0,
curtainwall_single,800S162-97,50,24,5,L/120,604.0,
curtainwall_single,800S162-97,50,24,5,L/240,479.0,
curtainwall_single,800S162-97,50,24,5,L/360,419.0,
curtainwall_single,800S162-97,50,24,15,L/240,374.0,
curtainwall_single,800S162-97,50,24,15,L/360,327.0,
curtainwall_single,800S162-97,50,24,15,L/600,276.0,
curtainwall_single,800S162-97,50,24,20,L/240,340.0,
curtainwall_single,800S162-97,50,24,20,L/360,297.0,
curtainwall_single,800S162-97,50,24,20,L/600,251.0,
curtainwall_single,800S162-97,50,24,25,L/240,316.0,
curtainwall_single,800S162-97,50,24,25,L/360,276.0,
curtainwall_single,800S162-97,50,24,25,L/600,233.0,
curtainwall_single,800S162-97,50,24,30,L/240,297.0,
curtainwall_single,800S162-97,50,24,30,L/360,259.0,
curtainwall_single,800S162-97,50,24,30,L/600,219.0,
curtainwall_single,800S162-97,50,24,35,L/240,282.0,
curtainwall_single,800S162-97,50,24,35,L/360,246.0,
curtainwall_single,800S162-97,50,24,35,L/600,208.0,
curtainwall_single,800S162-97,50,24,40,L/240,270.0,
curtainwall_single,800S162-97,50,24,40,L/360,236.0,
curtainwall_single,800S162-97,50,24,40,L/600,199.0,
curtainwall_single,800S162-118,50,12,5,L/120,805.0,
curtainwall_single,800S162-118,50,12,5,L/240,639.0,
curtainwall_single,800S162-118,50,12,5,L/360,558.0,
curtainwall_single,800S162-118,50,12,15,L/240,499.0,
curtainwall_single,800S162-118,50,12,15,L/360,436.0,
curtainwall_single,800S162-118,50,12,15,L/600,368.0,
curtainwall_single,800S162-118,50,12,20,L/240,453.0,
curtainwall_single,800S162-118,50,12,20,L/360,396.0,
curtainwall_single,800S162-118,50,12,20,L/600,334.0,
curtainwall_single,800S162-118,50,12,25,L/240,421.0,
curtainwall_single,800S162-118,50,12,25,L/360,368.0,
curtainwall_single,800S162-118,50,12,25,L/600,310.0,
curtainwall_single,800S162-118,50,12,30,L/240,396.0,
curtainwall_single,800S162-118,50,12,30,L/360,346.0,
curtainwall_single,800S162-118,50,12,30,L/600,292.0,
curtainwall_single,800S162-118,50,12,35,L/240,376.0,
curtainwall_single,800S162-118,50,12,35,L/360,329.0,
curtainwall_single,800S162-118,50,12,35,L/600,277.0,
curtainwall_single,800S162-118,50,12,40,L/240,360.0,
curtainwall_single,800S162-118,50,12,40,L/360,314.0,
curtainwall_single,800S162-118,50,12,40,L/600,265.0,
curtainwall_single,800S162-118,50,16,5,L/120,731.0,
curtainwall_single,800S162-118,50,16,5,L/240,580.0,
curtainwall_single,800S162-118,50,16,5,L/360,507.0,
curtainwall_single,800S162-118,50,16,15,L/240,453.0,
curtainwall_single,800S162-118,50,16,15,L/360,396.0,
curtainwall_single,800S162-118,50,16,15,L/600,334.0,
curtainwall_single,800S162-118,50,16,20,L/240,412.0,
curtainwall_single,800S162-118,50,16,20,L/360,360.0,
curtainwall_single,800S162-118,50,16,20,L/600,303.0,
curtainwall_single,800S162-118,50,16,25,L/240,382.0,
curtainwall_single,800S162-118,50,16,25,L/360,334.0,
curtainwall_single,800S162-118,50,16,25,L/600,282.0,
curtainwall_single,800S162-118,50,16,30,L/240,360.0,
curtainwall_single,800S162-118,50,16,30,L/360,314.0,
curtainwall_single,800S162-118,50,16,30,L/600,265.0,
curtainwall_single,800S162-118,50,16,35,L/240,342.0,
curtainwall_single,800S162-118,50,16,35,L/360,299.0,
curtainwall_single,800S162-118,50,16,35,L/600,252.0,
curtainwall_single,800S162-118,50,16,40,L/240,327.0,
curtainwall_single,800S162-118,50,16,40,L/360,286.0,
curtainwall_single,800S162-118,50,16,40,L/600,241.0,
curtainwall_single,800S162-118,50,24,5,L/120,639.0,
curtainwall_single,800S162-118,50,24,5,L/240,507.0,
curtainwall_single,800S162-118,50,24,5,L/360,443.0,
curtainwall_single,800S162-118,50,24,15,L/240,396.0,
curtainwall_single,800S162-118,50,24,15,L/360,346.0,
curtainwall_single,800S162-118,50,24,15,L/600,292.0,
curtainwall_single,800S162-118,50,24,20,L/240,360.0,
curtainwall_single,800S162-118,50,24,20,L/360,314.0,
curtainwall_single,800S162-118,50,24,20,L/600,265.0,
curtainwall_single,800S162-118,50,24,25,L/240,334.0,
curtainwall_single,800S162-118,50,24,25,L/360,292.0,
curtainwall_single,800S162-118,50,24,25,L/600,246.0,
curtainwall_single,800S162-118,50,24,30,L/240,314.0,
curtainwall_single,800S162-118,50,24,30,L/360,275.0,
curtainwall_single,800S162-118,50,24,30,L/600,232.0,
curtainwall_single,800S162-118,50,24,35,L/240,299.0,
curtainwall_single,800S162-118,50,24,35,L/360,261.0,
curtainwall_single,800S162-118,50,24,35,L/600,220.0,
curtainwall_single,800S162-118,50,24,40,L/240,286.0,
curtainwall_single,800S162-118,50,24,40,L/360,249.0,
curtainwall_single,800S162-118,50,24,40,L/600,210.0,
curtainwall_single,800S200-33,33,12,5,L/120,501.0,e
curtainwall_single,800S200-33,33,12,5,L/240,453.0,e
curtainwall_single,800S200-33,33,12,5,L/360,396.0,e
curtainwall_single,800S200-33,33,12,15,L/240,289.0,e
curtainwall_single,800S200-33,33,12,15,L/360,289.0,e
curtainwall_single,800S200-33,33,12,15,L/600,260.0,e
curtainwall_single,800S200-33,33,12,20,L/240,250.0,e
curtainwall_single,800S200-33,33,12,20,L/360,250.0,e
curtainwall_single,800S200-33,33,12,20,L/600,237.0,e
curtainwall_single,800S200-33,33,12,25,L/240,224.0,e
curtainwall_single,800S200-33,33,12,25,L/360,224.0,e
curtainwall_single,800S200-33,33,12,25,L/600,220.0,e
curtainwall_single,800S200-33,33,12,30,L/240,204.0,e
curtainwall_single,800S200-33,33,12,30,L/360,204.0,e
curtainwall_single,800S200-33,33,12,30,L/600,204.0,e
curtainwall_single,800S200-33,33,12,35,L/240,189.0,e
curtainwall_single,800S200-33,33,12,35,L/360,189.0,e
curtainwall_single,800S200-33,33,12,35,L/600,189.0,e
curtainwall_single,800S200-33,33,12,40,L/240,177.0,e
curtainwall_single,800S200-33,33,12,40,L/360,177.0,e
curtainwall_single,800S200-33,33,12,40,L/600,177.0,e
curtainwall_single,800S200-33,33,16,5,L/120,434.0,e
curtainwall_single,800S200-33,33,16,5,L/240,411.0,e
curtainwall_single,800S200-33,33,16,5,L/360,359.0,e
curtainwall_single,800S200-33,33,16,15,L/240,250.0,e
curtainwall_single,800S200-33,33,16,15,L/360,250.0,e
curtainwall_single,800S200-33,33,16,15,L/600,237.0,e
curtainwall_single,800S200-33,33,16,20,L/240,217.0,e
curtainwall_single,800S200-33,33,16,20,L/360,217.0,e
curtainwall_single,800S200-33,33,16,20,L/600,215.0,e
curtainwall_single,800S200-33,33,16,25,L/240,194.0,e
curtainwall_single,800S200-33,33,16,25,L/360,194.0,e
curtainwall_single,800S200-33,33,16,25,L/600,194.0,e
curtainwall_single,800S200-33,33,16,30,L/240,177.0,e
curtainwall_single,800S200-33,33,16,30,L/360,177.0,e
curtainwall_single,800S200-33,33,16,30,L/600,177.0,e
curtainwall_single,800S200-33,33,16,35,L/240,164.0,e
curtainwall_single,800S200-33,33,16,35,L/360,164.0,e
curtainwall_single,800S200-33,33,16,35,L/600,164.0,e
curtainwall_single,800S200-33,33,16,40,L/240,153.0,e
curtainwall_single,800S200-33,33,16,40,L/360,153.0,e
curtainwall_single,800S200-33,33,16,40,L/600,153.0,e
curtainwall_single,800S200-33,33,24,5,L/120,354.0,e
curtainwall_single,800S200-33,33,24,5,L/240,354.0,e
curtainwall_single,800S200-33,33,24,5,L/360,314.0,e
curtainwall_single,800S200-33,33,24,15,L/240,204.0,e
curtainwall_single,800S200-33,33,24,15,L/360,204.0,e
curtainwall_single,800S200-33,33,24,15,L/600,204.0,e
curtainwall_single,800S200-33,33,24,20,L/240,177.0,e
curtainwall_single,800S200-33,33,24,20,L/360,177.0,e
curtainwall_single,800S200-33,33,24,20,L/600,177.0,e
curtainwall_single,800S200-33,33,24,25,L/240,158.0,e
curtainwall_single,800S200-33,33,24,25,L/360,158.0,e
curtainwall_single,800S200-33,33,24,25,L/600,158.0,e
curtainwall_single,800S200-33,33,24,30,L/240,145.0,e
curtainwall_single,800S200-33,33,24,30,L/360,145.0,e
curtainwall_single,800S200-33,33,24,30,L/600,145.0,e
curtainwall_single,800S200-33,33,24,35,L/240,130.0,e
curtainwall_single,800S200-33,33,24,35,L/360,130.0,e
curtainwall_single,800S200-33,33,24,35,L/600,130.0,e
curtainwall_single,800S200-33,33,24,40,L/240,114.0,e
curtainwall_single,800S200-33,33,24,40,L/360,114.0,e
curtainwall_single,800S200-33,33,24,40,L/600,114.0,e
curtainwall_single,800S200-43,33,12,5,L/120,622.0,
curtainwall_single,800S200-43,33,12,5,L/240,493.0,
curtainwall_single,800S200-43,33,12,5,L/360,431.0,
curtainwall_single,800S200-43,33,12,15,L/240,385.0,e
curtainwall_single,800S200-43,33,12,15,L/360,337.0,e
curtainwall_single,800S200-43,33,12,15,L/600,284.0,
curtainwall_single,800S200-43,33,12,20,L/240,350.0,e
curtainwall_single,800S200-43,33,12,20,L/360,306.0,e
curtainwall_single,800S200-43,33,12,20,L/600,258.0,e
curtainwall_single,800S200-43,33,12,25,L/240,313.0,e
curtainwall_single,800S200-43,33,12,25,L/360,284.0,e
curtainwall_single,800S200-43,33,12,25,L/600,239.0,e
curtainwall_single,800S200-43,33,12,30,L/240,285.0,e
curtainwall_single,800S200-43,33,12,30,L/360,267.0,e
curtainwall_single,800S200-43,33,12,30,L/600,225.0,e
curtainwall_single,800S200-43,33,12,35,L/240,264.0,e
curtainwall_single,800S200-43,33,12,35,L/360,254.0,e
curtainwall_single,800S200-43,33,12,35,L/600,214.0,e
curtainwall_single,800S200-43,33,12,40,L/240,247.0,e
curtainwall_single,800S200-43,33,12,40,L/360,243.0,e
curtainwall_single,800S200-43,33,12,40,L/600,205.0,e
curtainwall_single,800S200-43,33,16,5,L/120,565.0,
curtainwall_single,800S200-43,33,16,5,L/240,448.0,
curtainwall_single,800S200-43,33,16,5,L/360,392.0,
curtainwall_single,800S200-43,33,16,15,L/240,350.0,e
curtainwall_single,800S200-43,33,16,15,L/360,306.0,e
curtainwall_single,800S200-43,33,16,15,L/600,258.0,e
curtainwall_single,800S200-43,33,16,20,L/240,303.0,e
curtainwall_single,800S200-43,33,16,20,L/360,278.0,e
curtainwall_single,800S200-43,33,16,20,L/600,234.0,e
curtainwall_single,800S200-43,33,16,25,L/240,271.0,e
curtainwall_single,800S200-43,33,16,25,L/360,258.0,e
curtainwall_single,800S200-43,33,16,25,L/600,218.0,e
curtainwall_single,800S200-43,33,16,30,L/240,247.0,e
curtainwall_single,800S200-43,33,16,30,L/360,243.0,e
curtainwall_single,800S200-43,33,16,30,L/600,205.0,e
curtainwall_single,800S200-43,33,16,35,L/240,229.0,e
curtainwall_single,800S200-43,33,16,35,L/360,229.0,e
curtainwall_single,800S200-43,33,16,35,L/600,194.0,e
curtainwall_single,800S200-43,33,16,40,L/240,214.0,e
curtainwall_single,800S200-43,33,16,40,L/360,214.0,e
curtainwall_single,800S200-43,33,16,40,L/600,186.0,e
curtainwall_single,800S200-43,33,24,5,L/120,493.0,e
curtainwall_single,800S200-43,33,24,5,L/240,392.0,
curtainwall_single,800S200-43,33,24,5,L/360,342.0,
curtainwall_single,800S200-43,33,24,15,L/240,285.0,e
curtainwall_single,800S200-43,33,24,15,L/360,267.0,e
curtainwall_single,800S200-43,33,24,15,L/600,225.0,e
curtainwall_single,800S200-43,33,24,20,L/240,247.0,e
curtainwall_single,800S200-43,33,24,20,L/360,243.0,e
curtainwall_single,800S200-43,33,24,20,L/600,205.0,e
curtainwall_single,800S200-43,33,24,25,L/240,221.0,e
curtainwall_single,800S200-43,33,24,25,L/360,221.0,e
curtainwall_single,800S200-43,33,24,25,L/600,190.0,e
curtainwall_single,800S200-43,33,24,30,L/240,202.0,e
curtainwall_single,800S200-43,33,24,30,L/360,202.0,e
curtainwall_single,800S200-43,33,24,30,L/600,179.0,e
curtainwall_single,800S200-43,33,24,35,L/240,187.0,e
curtainwall_single,800S200-43,33,24,35,L/360,187.0,e
curtainwall_single,800S200-43,33,24,35,L/600,170.0,e
curtainwall_single,800S200-43,33,24,40,L/240,175.0,e
curtainwall_single,800S200-43,33,24,40,L/360,175.0,e
curtainwall_single,800S200-43,33,24,40,L/600,162.0,e
curtainwall_single,800S200-54,33,12,5,L/120,668.0,
curtainwall_single,800S200-54,33,12,5,L/240,530.0,
curtainwall_single,800S200-54,33,12,5,L/360,463.0,
curtainwall_single,800S200-54,33,12,15,L/240,414.0,
curtainwall_single,800S200-54,33,12,15,L/360,362.0,
curtainwall_single,800S200-54,33,12,15,L/600,305.0,
curtainwall_single,800S200-54,33,12,20,L/240,376.0,
curtainwall_single,800S200-54,33,12,20,L/360,329.0,
curtainwall_single,800S200-54,33,12,20,L/600,277.0,
curtainwall_single,800S200-54,33,12,25,L/240,349.0,e
curtainwall_single,800S200-54,33,12,25,L/360,305.0,
curtainwall_single,800S200-54,33,12,25,L/600,257.0,
curtainwall_single,800S200-54,33,12,30,L/240,329.0,e
curtainwall_single,800S200-54,33,12,30,L/360,287.0,e
curtainwall_single,800S200-54,33,12,30,L/600,242.0,
curtainwall_single,800S200-54,33,12,35,L/240,312.0,e
curtainwall_single,800S200-54,33,12,35,L/360,273.0,e
curtainwall_single,800S200-54,33,12,35,L/600,230.0,e
curtainwall_single,800S200-54,33,12,40,L/240,293.0,e
curtainwall_single,800S200-54,33,12,40,L/360,261.0,e
curtainwall_single,800S200-54,33,12,40,L/600,220.0,e
curtainwall_single,800S200-54,33,16,5,L/120,607.0,
curtainwall_single,800S200-54,33,16,5,L/240,482.0,
curtainwall_single,800S200-54,33,16,5,L/360,421.0,
curtainwall_single,800S200-54,33,16,15,L/240,376.0,
curtainwall_single,800S200-54,33,16,15,L/360,329.0,
curtainwall_single,800S200-54,33,16,15,L/600,277.0,
curtainwall_single,800S200-54,33,16,20,L/240,342.0,e
curtainwall_single,800S200-54,33,16,20,L/360,298.0,e
curtainwall_single,800S200-54,33,16,20,L/600,252.0,
curtainwall_single,800S200-54,33,16,25,L/240,317.0,e
curtainwall_single,800S200-54,33,16,25,L/360,277.0,e
curtainwall_single,800S200-54,33,16,25,L/600,234.0,
curtainwall_single,800S200-54,33,16,30,L/240,293.0,e
curtainwall_single,800S200-54,33,16,30,L/360,261.0,e
curtainwall_single,800S200-54,33,16,30,L/600,220.0,e
curtainwall_single,800S200-54,33,16,35,L/240,271.0,e
curtainwall_single,800S200-54,33,16,35,L/360,248.0,e
curtainwall_single,800S200-54,33,16,35,L/600,209.0,e
curtainwall_single,800S200-54,33,16,40,L/240,253.0,e
curtainwall_single,800S200-54,33,16,40,L/360,237.0,e
curtainwall_single,800S200-54,33,16,40,L/600,200.0,e
curtainwall_single,800S200-54,33,24,5,L/120,530.0,
curtainwall_single,800S200-54,33,24,5,L/240,421.0,
curtainwall_single,800S200-54,33,24,5,L/360,368.0,
curtainwall_single,800S200-54,33,24,15,L/240,329.0,e
curtainwall_single,800S200-54,33,24,15,L/360,287.0,e
curtainwall_single,800S200-54,33,24,15,L/600,242.0,
curtainwall_single,800S200-54,33,24,20,L/240,293.0,e
curtainwall_single,800S200-54,33,24,20,L/360,261.0,e
curtainwall_single,800S200-54,33,24,20,L/600,220.0,e
curtainwall_single,800S200-54,33,24,25,L/240,262.0,e
curtainwall_single,800S200-54,33,24,25,L/360,242.0,e
curtainwall_single,800S200-54,33,24,25,L/600,204.0,e
curtainwall_single,800S200-54,33,24,30,L/240,239.0,e
curtainwall_single,800S200-54,33,24,30,L/360,228.0,e
curtainwall_single,800S200-54,33,24,30,L/600,192.0,e
curtainwall_single,800S200-54,33,24,35,L/240,221.0,e
curtainwall_single,800S200-54,33,24,35,L/360,216.0,e
curtainwall_single,800S200-54,33,24,35,L/600,182.0,e
curtainwall_single,800S200-54,33,24,40,L/240,207.0,e
curtainwall_single,800S200-54,33,24,40,L/360,207.0,e
curtainwall_single,800S200-54,33,24,40,L/600,175.0,e
curtainwall_single,800S200-54,50,12,5,L/120,668.0,
curtainwall_single,800S200-54,50,12,5,L/240,530.0,
curtainwall_single,800S200-54,50,12,5,L/360,463.0,
curtainwall_single,800S200-54,50,12,15,L/240,414.0,
curtainwall_single,800S200-54,50,12,15,L/360,362.0,
curtainwall_single,800S200-54,50,12,15,L/600,305.0,
curtainwall_single,800S200-54,50,12,20,L/240,376.0,
curtainwall_single,800S200-54,50,12,20,L/360,329.0,
curtainwall_single,800S200-54,50,12,20,L/600,277.0,
curtainwall_single,800S200-54,50,12,25,L/240,349.0,
curtainwall_single,800S200-54,50,12,25,L/360,305.0,
curtainwall_single,800S200-54,50,12,25,L/600,257.0,
curtainwall_single,800S200-54,50,12,30,L/240,329.0,
curtainwall_single,800S200-54,50,12,30,L/360,287.0,
curtainwall_single,800S200-54,50,12,30,L/600,242.0,
curtainwall_single,800S200-54,50,12,35,L/240,312.0,
curtainwall_single,800S200-54,50,12,35,L/360,273.0,
curtainwall_single,800S200-54,50,12,35,L/600,230.0,
curtainwall_single,800S200-54,50,12,40,L/240,298.0,e
curtainwall_single,800S200-54,50,12,40,L/360,261.0,
curtainwall_single,800S200-54,50,12,40,L/600,220.0,
curtainwall_single,800S200-54,50,16,5,L/120,607.0,
curtainwall_single,800S200-54,50,16,5,L/240,482.0,
curtainwall_single,800S200-54,50,16,5,L/360,421.0,
curtainwall_single,800S200-54,50,16,15,L/240,376.0,
curtainwall_single,800S200-54,50,16,15,L/360,329.0,
curtainwall_single,800S200-54,50,16,15,L/600,277.0,
curtainwall_single,800S200-54,50,16,20,L/240,342.0,
curtainwall_single,800S200-54,50,16,20,L/360,298.0,
curtainwall_single,800S200-54,50,16,20,L/600,252.0,
curtainwall_single,800S200-54,50,16,25,L/240,317.0,
curtainwall_single,800S200-54,50,16,25,L/360,277.0,
curtainwall_single,800S200-54,50,16,25,L/600,234.0,
curtainwall_single,800S200-54,50,16,30,L/240,298.0,e
curtainwall_single,800S200-54,50,16,30,L/360,261.0,
curtainwall_single,800S200-54,50,16,30,L/600,220.0,
curtainwall_single,800S200-54,50,16,35,L/240,284.0,e
curtainwall_single,800S200-54,50,16,35,L/360,248.0,
curtainwall_single,800S200-54,50,16,35,L/600,209.0,
curtainwall_single,800S200-54,50,16,40,L/240,271.0,e
curtainwall_single,800S200-54,50,16,40,L/360,237.0,e
curtainwall_single,800S200-54,50,16,40,L/600,200.0,
curtainwall_single,800S200-54,50,24,5,L/120,530.0,
curtainwall_single,800S200-54,50,24,5,L/240,421.0,
curtainwall_single,800S200-54,50,24,5,L/360,368.0,
curtainwall_single,800S200-54,50,24,15,L/240,329.0,
curtainwall_single,800S200-54,50,24,15,L/360,287.0,
curtainwall_single,800S200-54,50,24,15,L/600,242.0,
curtainwall_single,800S200-54,50,24,20,L/240,298.0,e
curtainwall_single,800S200-54,50,24,20,L/360,261.0,
curtainwall_single,800S200-54,50,24,20,L/600,220.0,
curtainwall_single,800S200-54,50,24,25,L/240,277.0,e
curtainwall_single,800S200-54,50,24,25,L/360,242.0,e
curtainwall_single,800S200-54,50,24,25,L/600,204.0,
curtainwall_single,800S200-54,50,24,30,L/240,261.0,e
curtainwall_single,800S200-54,50,24,30,L/360,228.0,e
curtainwall_single,800S200-54,50,24,30,L/600,192.0,
curtainwall_single,800S200-54,50,24,35,L/240,247.0,e
curtainwall_single,800S200-54,50,24,35,L/360,216.0,e
curtainwall_single,800S200-54,50,24,35,L/600,182.0,e
curtainwall_single,800S200-54,50,24,40,L/240,231.0,e
curtainwall_single,800S200-54,50,24,40,L/360,207.0,e
curtainwall_single,800S200-54,50,24,40,L/600,175.0,e
curtainwall_single,800S200-68,50,12,5,L/120,717.0,
curtainwall_single,800S200-68,50,12,5,L/240,569.0,
curtainwall_single,800S200-68,50,12,5,L/360,497.0,
curtainwall_single,800S200-68,50,12,15,L/240,445.0,
curtainwall_single,800S200-68,50,12,15,L/360,388.0,
curtainwall_single,800S200-68,50,12,15,L/600,328.0,
curtainwall_single,800S200-68,50,12,20,L/240,404.0,
curtainwall_single,800S200-68,50,12,20,L/360,353.0,
curtainwall_single,800S200-68,50,12,20,L/600,298.0,
curtainwall_single,800S200-68,50,12,25,L/240,375.0,
curtainwall_single,800S200-68,50,12,25,L/360,328.0,
curtainwall_single,800S200-68,50,12,25,L/600,276.0,
curtainwall_single,800S200-68,50,12,30,L/240,353.0,
curtainwall_single,800S200-68,50,12,30,L/360,308.0,
curtainwall_single,800S200-68,50,12,30,L/600,260.0,
curtainwall_single,800S200-68,50,12,35,L/240,335.0,
curtainwall_single,800S200-68,50,12,35,L/360,293.0,
curtainwall_single,800S200-68,50,12,35,L/600,247.0,
curtainwall_single,800S200-68,50,12,40,L/240,321.0,
curtainwall_single,800S200-68,50,12,40,L/360,280.0,
curtainwall_single,800S200-68,50,12,40,L/600,236.0,
curtainwall_single,800S200-68,50,16,5,L/120,652.0,
curtainwall_single,800S200-68,50,16,5,L/240,517.0,
curtainwall_single,800S200-68,50,16,5,L/360,452.0,
curtainwall_single,800S200-68,50,16,15,L/240,404.0,
curtainwall_single,800S200-68,50,16,15,L/360,353.0,
curtainwall_single,800S200-68,50,16,15,L/600,298.0,
curtainwall_single,800S200-68,50,16,20,L/240,367.0,
curtainwall_single,800S200-68,50,16,20,L/360,321.0,
curtainwall_single,800S200-68,50,16,20,L/600,270.0,
curtainwall_single,800S200-68,50,16,25,L/240,341.0,
curtainwall_single,800S200-68,50,16,25,L/360,298.0,
curtainwall_single,800S200-68,50,16,25,L/600,251.0,
curtainwall_single,800S200-68,50,16,30,L/240,321.0,
curtainwall_single,800S200-68,50,16,30,L/360,280.0,
curtainwall_single,800S200-68,50,16,30,L/600,236.0,
curtainwall_single,800S200-68,50,16,35,L/240,304.0,
curtainwall_single,800S200-68,50,16,35,L/360,266.0,
curtainwall_single,800S200-68,50,16,35,L/600,224.0,
curtainwall_single,800S200-68,50,16,40,L/240,291.0,
curtainwall_single,800S200-68,50,16,40,L/360,254.0,
curtainwall_single,800S200-68,50,16,40,L/600,215.0,
curtainwall_single,800S200-68,50,24,5,L/120,569.0,
curtainwall_single,800S200-68,50,24,5,L/240,452.0,
curtainwall_single,800S200-68,50,24,5,L/360,395.0,
curtainwall_single,800S200-68,50,24,15,L/240,353.0,
curtainwall_single,800S200-68,50,24,15,L/360,308.0,
curtainwall_single,800S200-68,50,24,15,L/600,260.0,
curtainwall_single,800S200-68,50,24,20,L/240,321.0,
curtainwall_single,800S200-68,50,24,20,L/360,280.0,
curtainwall_single,800S200-68,50,24,20,L/600,236.0,
curtainwall_single,800S200-68,50,24,25,L/240,298.0,
curtainwall_single,800S200-68,50,24,25,L/360,260.0,
curtainwall_single,800S200-68,50,24,25,L/600,219.0,
curtainwall_single,800S200-68,50,24,30,L/240,280.0,
curtainwall_single,800S200-68,50,24,30,L/360,245.0,
curtainwall_single,800S200-68,50,24,30,L/600,206.0,
curtainwall_single,800S200-68,50,24,35,L/240,266.0,
curtainwall_single,800S200-68,50,24,35,L/360,232.0,
curtainwall_single,800S200-68,50,24,35,L/600,196.0,
curtainwall_single,800S200-68,50,24,40,L/240,254.0,e
curtainwall_single,800S200-68,50,24,40,L/360,222.0,
curtainwall_single,800S200-68,50,24,40,L/600,187.0,
curtainwall_single,800S200-97,50,12,5,L/120,798.0,
curtainwall_single,800S200-97,50,12,5,L/240,633.0,
curtainwall_single,800S200-97,50,12,5,L/360,553.0,
curtainwall_single,800S200-97,50,12,15,L/240,494.0,
curtainwall_single,800S200-97,50,12,15,L/360,432.0,
curtainwall_single,800S200-97,50,12,15,L/600,364.0,
curtainwall_single,800S200-97,50,12,20,L/240,449.0,
curtainwall_single,800S200-97,50,12,20,L/360,392.0,
curtainwall_single,800S200-97,50,12,20,L/600,331.0,
curtainwall_single,800S200-97,50,12,25,L/240,417.0,
curtainwall_single,800S200-97,50,12,25,L/360,364.0,
curtainwall_single,800S200-97,50,12,25,L/600,307.0,
curtainwall_single,800S200-97,50,12,30,L/240,392.0,
curtainwall_single,800S200-97,50,12,30,L/360,343.0,
curtainwall_single,800S200-97,50,12,30,L/600,289.0,
curtainwall_single,800S200-97,50,12,35,L/240,373.0,
curtainwall_single,800S200-97,50,12,35,L/360,326.0,
curtainwall_single,800S200-97,50,12,35,L/600,275.0,
curtainwall_single,800S200-97,50,12,40,L/240,357.0,
curtainwall_single,800S200-97,50,12,40,L/360,312.0,
curtainwall_single,800S200-97,50,12,40,L/600,263.0,
curtainwall_single,800S200-97,50,16,5,L/120,725.0,
curtainwall_single,800S200-97,50,16,5,L/240,575.0,
curtainwall_single,800S200-97,50,16,5,L/360,503.0,
curtainwall_single,800S200-97,50,16,15,L/240,449.0,
curtainwall_single,800S200-97,50,16,15,L/360,392.0,
curtainwall_single,800S200-97,50,16,15,L/600,331.0,
curtainwall_single,800S200-97,50,16,20,L/240,408.0,
curtainwall_single,800S200-97,50,16,20,L/360,357.0,
curtainwall_single,800S200-97,50,16,20,L/600,301.0,
curtainwall_single,800S200-97,50,16,25,L/240,379.0,
curtainwall_single,800S200-97,50,16,25,L/360,331.0,
curtainwall_single,800S200-97,50,16,25,L/600,279.0,
curtainwall_single,800S200-97,50,16,30,L/240,357.0,
curtainwall_single,800S200-97,50,16,30,L/360,312.0,
curtainwall_single,800S200-97,50,16,30,L/600,263.0,
curtainwall_single,800S200-97,50,16,35,L/240,339.0,
curtainwall_single,800S200-97,50,16,35,L/360,296.0,
curtainwall_single,800S200-97,50,16,35,L/600,250.0,
curtainwall_single,800S200-97,50,16,40,L/240,324.0,
curtainwall_single,800S200-97,50,16,40,L/360,283.0,
curtainwall_single,800S200-97,50,16,40,L/600,239.0,
curtainwall_single,800S200-97,50,24,5,L/120,633.0,
curtainwall_single,800S200-97,50,24,5,L/240,503.0,
curtainwall_single,800S200-97,50,24,5,L/360,439.0,
curtainwall_single,800S200-97,50,24,15,L/240,392.0,
curtainwall_single,800S200-97,50,24,15,L/360,343.0,
curtainwall_single,800S200-97,50,24,15,L/600,289.0,
curtainwall_single,800S200-97,50,24,20,L/240,357.0,
curtainwall_single,800S200-97,50,24,20,L/360,312.0,
curtainwall_single,800S200-97,50,24,20,L/600,263.0,
curtainwall_single,800S200-97,50,24,25,L/240,331.0,
curtainwall_single,800S200-97,50,24,25,L/360,289.0,
curtainwall_single,800S200-97,50,24,25,L/600,244.0,
curtainwall_single,800S200-97,50,24,30,L/240,312.0,
curtainwall_single,800S200-97,50,24,30,L/360,272.0,
curtainwall_single,800S200-97,50,24,30,L/600,230.0,
curtainwall_single,800S200-97,50,24,35,L/240,296.0,
curtainwall_single,800S200-97,50,24,35,L/360,258.0,
curtainwall_single,800S200-97,50,24,35,L/600,218.0,
curtainwall_single,800S200-97,50,24,40,L/240,283.0,
curtainwall_single,800S200-97,50,24,40,L/360,247.0,
curtainwall_single,800S200-97,50,24,40,L/600,209.0,
curtainwall_single,800S200-118,50,12,5,L/120,845.0,
curtainwall_single,800S200-118,50,12,5,L/240,671.0,
curtainwall_single,800S200-118,50,12,5,L/360,586.0,
curtainwall_single,800S200-118,50,12,15,L/240,524.0,
curtainwall_single,800S200-118,50,12,15,L/360,458.0,
curtainwall_single,800S200-118,50,12,15,L/600,386.0,
curtainwall_single,800S200-118,50,12,20,L/240,476.0,
curtainwall_single,800S200-118,50,12,20,L/360,416.0,
curtainwall_single,800S200-118,50,12,20,L/600,351.0,
curtainwall_single,800S200-118,50,12,25,L/240,442.0,
curtainwall_single,800S200-118,50,12,25,L/360,386.0,
curtainwall_single,800S200-118,50,12,25,L/600,326.0,
curtainwall_single,800S200-118,50,12,30,L/240,416.0,
curtainwall_single,800S200-118,50,12,30,L/360,363.0,
curtainwall_single,800S200-118,50,12,30,L/600,306.0,
curtainwall_single,800S200-118,50,12,35,L/240,395.0,
curtainwall_single,800S200-118,50,12,35,L/360,345.0,
curtainwall_single,800S200-118,50,12,35,L/600,291.0,
curtainwall_single,800S200-118,50,12,40,L/240,378.0,
curtainwall_single,800S200-118,50,12,40,L/360,330.0,
curtainwall_single,800S200-118,50,12,40,L/600,278.0,
curtainwall_single,800S200-118,50,16,5,L/120,768.0,
curtainwall_single,800S200-118,50,16,5,L/240,609.0,
curtainwall_single,800S200-118,50,16,5,L/360,532.0,
curtainwall_single,800S200-118,50,16,15,L/240,476.0,
curtainwall_single,800S200-118,50,16,15,L/360,416.0,
curtainwall_single,800S200-118,50,16,15,L/600,351.0,
curtainwall_single,800S200-118,50,16,20,L/240,432.0,
curtainwall_single,800S200-118,50,16,20,L/360,378.0,
curtainwall_single,800S200-118,50,16,20,L/600,319.0,
curtainwall_single,800S200-118,50,16,25,L/240,401.0,
curtainwall_single,800S200-118,50,16,25,L/360,351.0,
curtainwall_single,800S200-118,50,16,25,L/600,296.0,
curtainwall_single,800S200-118,50,16,30,L/240,378.0,
curtainwall_single,800S200-118,50,16,30,L/360,330.0,
curtainwall_single,800S200-118,50,16,30,L/600,278.0,
curtainwall_single,800S200-118,50,16,35,L/240,359.0,
curtainwall_single,800S200-118,50,16,35,L/360,313.0,
curtainwall_single,800S200-118,50,16,35,L/600,264.0,
curtainwall_single,800S200-118,50,16,40,L/240,343.0,
curtainwall_single,800S200-118,50,16,40,L/360,300.0,
curtainwall_single,800S200-118,50,16,40,L/600,253.0,
curtainwall_single,800S200-118,50,24,5,L/120,671.0,
curtainwall_single,800S200-118,50,24,5,L/240,532.0,
curtainwall_single,800S200-118,50,24,5,L/360,465.0,
curtainwall_single,800S200-118,50,24,15,L/240,416.0,
curtainwall_single,800S200-118,50,24,15,L/360,363.0,
curtainwall_single,800S200-118,50,24,15,L/600,306.0,
curtainwall_single,800S200-118,50,24,20,L/240,378.0,
curtainwall_single,800S200-118,50,24,20,L/360,330.0,
curtainwall_single,800S200-118,50,24,20,L/600,278.0,
curtainwall_single,800S200-118,50,24,25,L/240,351.0,
curtainwall_single,800S200-118,50,24,25,L/360,306.0,
curtainwall_single,800S200-118,50,24,25,L/600,258.0,
curtainwall_single,800S200-118,50,24,30,L/240,330.0,
curtainwall_single,800S200-118,50,24,30,L/360,288.0,
curtainwall_single,800S200-118,50,24,30,L/600,243.0,
curtainwall_single,800S200-118,50,24,35,L/240,313.0,
curtainwall_single,800S200-118,50,24,35,L/360,274.0,
curtainwall_single,800S200-118,50,24,35,L/600,231.0,
curtainwall_single,800S200-118,50,24,40,L/240,300.0,
curtainwall_single,800S200-118,50,24,40,L/360,262.0,
curtainwall_single,800S200-118,50,24,40,L/600,221.0,
curtainwall_single,800S250-43,33,12,5,L/120,648.0,
curtainwall_single,800S250-43,33,12,5,L/240,515.0,
curtainwall_single,800S250-43,33,12,5,L/360,450.0,
curtainwall_single,800S250-43,33,12,15,L/240,402.0,e
curtainwall_single,800S250-43,33,12,15,L/360,351.0,e
curtainwall_single,800S250-43,33,12,15,L/600,296.0,
curtainwall_single,800S250-43,33,12,20,L/240,350.0,e
curtainwall_single,800S250-43,33,12,20,L/360,319.0,e
curtainwall_single,800S250-43,33,12,20,L/600,269.0,e
curtainwall_single,800S250-43,33,12,25,L/240,313.0,e
curtainwall_single,800S250-43,33,12,25,L/360,296.0,e
curtainwall_single,800S250-43,33,12,25,L/600,250.0,e
curtainwall_single,800S250-43,33,12,30,L/240,286.0,e
curtainwall_single,800S250-43,33,12,30,L/360,279.0,e
curtainwall_single,800S250-43,33,12,30,L/600,235.0,e
curtainwall_single,800S250-43,33,12,35,L/240,265.0,e
curtainwall_single,800S250-43,33,12,35,L/360,265.0,e
curtainwall_single,800S250-43,33,12,35,L/600,223.0,e
curtainwall_single,800S250-43,33,12,40,L/240,248.0,e
curtainwall_single,800S250-43,33,12,40,L/360,248.0,e
curtainwall_single,800S250-43,33,12,40,L/600,214.0,e
curtainwall_single,800S250-43,33,16,5,L/120,589.0,
curtainwall_single,800S250-43,33,16,5,L/240,468.0,
curtainwall_single,800S250-43,33,16,5,L/360,408.0,
curtainwall_single,800S250-43,33,16,15,L/240,350.0,e
curtainwall_single,800S250-43,33,16,15,L/360,319.0,e
curtainwall_single,800S250-43,33,16,15,L/600,269.0,e
curtainwall_single,800S250-43,33,16,20,L/240,303.0,e
curtainwall_single,800S250-43,33,16,20,L/360,290.0,e
curtainwall_single,800S250-43,33,16,20,L/600,244.0,e
curtainwall_single,800S250-43,33,16,25,L/240,271.0,e
curtainwall_single,800S250-43,33,16,25,L/360,269.0,e
curtainwall_single,800S250-43,33,16,25,L/600,227.0,e
curtainwall_single,800S250-43,33,16,30,L/240,248.0,e
curtainwall_single,800S250-43,33,16,30,L/360,248.0,e
curtainwall_single,800S250-43,33,16,30,L/600,214.0,e
curtainwall_single,800S250-43,33,16,35,L/240,229.0,e
curtainwall_single,800S250-43,33,16,35,L/360,229.0,e
curtainwall_single,800S250-43,33,16,35,L/600,203.0,e
curtainwall_single,800S250-43,33,16,40,L/240,215.0,e
curtainwall_single,800S250-43,33,16,40,L/360,215.0,e
curtainwall_single,800S250-43,33,16,40,L/600,194.0,e
curtainwall_single,800S250-43,33,24,5,L/120,495.0,e
curtainwall_single,800S250-43,33,24,5,L/240,408.0,
curtainwall_single,800S250-43,33,24,5,L/360,357.0,
curtainwall_single,800S250-43,33,24,15,L/240,286.0,e
curtainwall_single,800S250-43,33,24,15,L/360,279.0,e
curtainwall_single,800S250-43,33,24,15,L/600,235.0,e
curtainwall_single,800S250-43,33,24,20,L/240,248.0,e
curtainwall_single,800S250-43,33,24,20,L/360,248.0,e
curtainwall_single,800S250-43,33,24,20,L/600,214.0,e
curtainwall_single,800S250-43,33,24,25,L/240,222.0,e
curtainwall_single,800S250-43,33,24,25,L/360,222.0,e
curtainwall_single,800S250-43,33,24,25,L/600,198.0,e
curtainwall_single,800S250-43,33,24,30,L/240,202.0,e
curtainwall_single,800S250-43,33,24,30,L/360,202.0,e
curtainwall_single,800S250-43,33,24,30,L/600,187.0,e
curtainwall_single,800S250-43,33,24,35,L/240,187.0,e
curtainwall_single,800S250-43,33,24,35,L/360,187.0,e
curtainwall_single,800S250-43,33,24,35,L/600,177.0,e
curtainwall_single,800S250-43,33,24,40,L/240,175.0,e
curtainwall_single,800S250-43,33,24,40,L/360,175.0,e
curtainwall_single,800S250-43,33,24,40,L/600,169.0,e
curtainwall_single,800S250-54,33,12,5,L/120,697.0,
curtainwall_single,800S250-54,33,12,5,L/240,553.0,
curtainwall_single,800S250-54,33,12,5,L/360,483.0,
curtainwall_single,800S250-54,33,12,15,L/240,432.0,
curtainwall_single,800S250-54,33,12,15,L/360,377.0,
curtainwall_single,800S250-54,33,12,15,L/600,318.0,
curtainwall_single,800S250-54,33,12,20,L/240,392.0,e
curtainwall_single,800S250-54,33,12,20,L/360,343.0,
curtainwall_single,800S250-54,33,12,20,L/600,289.0,
curtainwall_single,800S250-54,33,12,25,L/240,359.0,e
curtainwall_single,800S250-54,33,12,25,L/360,318.0,e
curtainwall_single,800S250-54,33,12,25,L/600,268.0,
curtainwall_single,800S250-54,33,12,30,L/240,328.0,e
curtainwall_single,800S250-54,33,12,30,L/360,299.0,e
curtainwall_single,800S250-54,33,12,30,L/600,253.0,
curtainwall_single,800S250-54,33,12,35,L/240,304.0,e
curtainwall_single,800S250-54,33,12,35,L/360,284.0,e
curtainwall_single,800S250-54,33,12,35,L/600,240.0,e
curtainwall_single,800S250-54,33,12,40,L/240,284.0,e
curtainwall_single,800S250-54,33,12,40,L/360,272.0,e
curtainwall_single,800S250-54,33,12,40,L/600,229.0,e
curtainwall_single,800S250-54,33,16,5,L/120,633.0,
curtainwall_single,800S250-54,33,16,5,L/240,502.0,
curtainwall_single,800S250-54,33,16,5,L/360,439.0,
curtainwall_single,800S250-54,33,16,15,L/240,392.0,e
curtainwall_single,800S250-54,33,16,15,L/360,343.0,
curtainwall_single,800S250-54,33,16,15,L/600,289.0,
curtainwall_single,800S250-54,33,16,20,L/240,348.0,e
curtainwall_single,800S250-54,33,16,20,L/360,311.0,e
curtainwall_single,800S250-54,33,16,20,L/600,263.0,
curtainwall_single,800S250-54,33,16,25,L/240,311.0,e
curtainwall_single,800S250-54,33,16,25,L/360,289.0,e
curtainwall_single,800S250-54,33,16,25,L/600,244.0,e
curtainwall_single,800S250-54,33,16,30,L/240,284.0,e
curtainwall_single,800S250-54,33,16,30,L/360,272.0,e
curtainwall_single,800S250-54,33,16,30,L/600,229.0,e
curtainwall_single,800S250-54,33,16,35,L/240,263.0,e
curtainwall_single,800S250-54,33,16,35,L/360,258.0,e
curtainwall_single,800S250-54,33,16,35,L/600,218.0,e
curtainwall_single,800S250-54,33,16,40,L/240,246.0,e
curtainwall_single,800S250-54,33,16,40,L/360,246.0,e
curtainwall_single,800S250-54,33,16,40,L/600,208.0,e
curtainwall_single,800S250-54,33,24,5,L/120,553.0,
curtainwall_single,800S250-54,33,24,5,L/240,439.0,
curtainwall_single,800S250-54,33,24,5,L/360,383.0,
curtainwall_single,800S250-54,33,24,15,L/240,328.0,e
curtainwall_single,800S250-54,33,24,15,L/360,299.0,e
curtainwall_single,800S250-54,33,24,15,L/600,253.0,
curtainwall_single,800S250-54,33,24,20,L/240,284.0,e
curtainwall_single,800S250-54,33,24,20,L/360,272.0,e
curtainwall_single,800S250-54,33,24,20,L/600,229.0,e
curtainwall_single,800S250-54,33,24,25,L/240,254.0,e
curtainwall_single,800S250-54,33,24,25,L/360,253.0,e
curtainwall_single,800S250-54,33,24,25,L/600,213.0,e
curtainwall_single,800S250-54,33,24,30,L/240,232.0,e
curtainwall_single,800S250-54,33,24,30,L/360,232.0,e
curtainwall_single,800S250-54,33,24,30,L/600,200.0,e
curtainwall_single,800S250-54,33,24,35,L/240,215.0,e
curtainwall_single,800S250-54,33,24,35,L/360,215.0,e
curtainwall_single,800S250-54,33,24,35,L/600,190.0,e
curtainwall_single,800S250-54,33,24,40,L/240,201.0,e
curtainwall_single,800S250-54,33,24,40,L/360,201.0,e
curtainwall_single,800S250-54,33,24,40,L/600,182.0,e
curtainwall_single,800S250-54,50,12,5,L/120,695.0,
curtainwall_single,800S250-54,50,12,5,L/240,551.0,
curtainwall_single,800S250-54,50,12,5,L/360,482.0,
curtainwall_single,800S250-54,50,12,15,L/240,431.0,
curtainwall_single,800S250-54,50,12,15,L/360,376.0,
curtainwall_single,800S250-54,50,12,15,L/600,317.0,
curtainwall_single,800S250-54,50,12,20,L/240,391.0,
curtainwall_single,800S250-54,50,12,20,L/360,342.0,
curtainwall_single,800S250-54,50,12,20,L/600,288.0,
curtainwall_single,800S250-54,50,12,25,L/240,363.0,
curtainwall_single,800S250-54,50,12,25,L/360,317.0,
curtainwall_single,800S250-54,50,12,25,L/600,268.0,
curtainwall_single,800S250-54,50,12,30,L/240,342.0,
curtainwall_single,800S250-54,50,12,30,L/360,299.0,
curtainwall_single,800S250-54,50,12,30,L/600,252.0,
curtainwall_single,800S250-54,50,12,35,L/240,325.0,
curtainwall_single,800S250-54,50,12,35,L/360,284.0,
curtainwall_single,800S250-54,50,12,35,L/600,239.0,
curtainwall_single,800S250-54,50,12,40,L/240,310.0,e
curtainwall_single,800S250-54,50,12,40,L/360,271.0,
curtainwall_single,800S250-54,50,12,40,L/600,229.0,
curtainwall_single,800S250-54,50,16,5,L/120,631.0,
curtainwall_single,800S250-54,50,16,5,L/240,501.0,
curtainwall_single,800S250-54,50,16,5,L/360,438.0,
curtainwall_single,800S250-54,50,16,15,L/240,391.0,
curtainwall_single,800S250-54,50,16,15,L/360,342.0,
curtainwall_single,800S250-54,50,16,15,L/600,288.0,
curtainwall_single,800S250-54,50,16,20,L/240,355.0,
curtainwall_single,800S250-54,50,16,20,L/360,310.0,
curtainwall_single,800S250-54,50,16,20,L/600,262.0,
curtainwall_single,800S250-54,50,16,25,L/240,330.0,
curtainwall_single,800S250-54,50,16,25,L/360,288.0,
curtainwall_single,800S250-54,50,16,25,L/600,243.0,
curtainwall_single,800S250-54,50,16,30,L/240,310.0,e
curtainwall_single,800S250-54,50,16,30,L/360,271.0,
curtainwall_single,800S250-54,50,16,30,L/600,229.0,
curtainwall_single,800S250-54,50,16,35,L/240,295.0,e
curtainwall_single,800S250-54,50,16,35,L/360,258.0,e
curtainwall_single,800S250-54,50,16,35,L/600,217.0,
curtainwall_single,800S250-54,50,16,40,L/240,282.0,e
curtainwall_single,800S250-54,50,16,40,L/360,246.0,e
curtainwall_single,800S250-54,50,16,40,L/600,208.0,
curtainwall_single,800S250-54,50,24,5,L/120,551.0,
curtainwall_single,800S250-54,50,24,5,L/240,438.0,
curtainwall_single,800S250-54,50,24,5,L/360,382.0,
curtainwall_single,800S250-54,50,24,15,L/240,342.0,
curtainwall_single,800S250-54,50,24,15,L/360,299.0,
curtainwall_single,800S250-54,50,24,15,L/600,252.0,
curtainwall_single,800S250-54,50,24,20,L/240,310.0,e
curtainwall_single,800S250-54,50,24,20,L/360,271.0,
curtainwall_single,800S250-54,50,24,20,L/600,229.0,
curtainwall_single,800S250-54,50,24,25,L/240,288.0,e
curtainwall_single,800S250-54,50,24,25,L/360,252.0,e
curtainwall_single,800S250-54,50,24,25,L/600,212.0,
curtainwall_single,800S250-54,50,24,30,L/240,267.0,e
curtainwall_single,800S250-54,50,24,30,L/360,237.0,e
curtainwall_single,800S250-54,50,24,30,L/600,200.0,e
curtainwall_single,800S250-54,50,24,35,L/240,247.0,e
curtainwall_single,800S250-54,50,24,35,L/360,225.0,e
curtainwall_single,800S250-54,50,24,35,L/600,190.0,e
curtainwall_single,800S250-54,50,24,40,L/240,231.0,e
curtainwall_single,800S250-54,50,24,40,L/360,215.0,e
curtainwall_single,800S250-54,50,24,40,L/600,182.0,e
curtainwall_single,800S250-68,50,12,5,L/120,749.0,
curtainwall_single,800S250-68,50,12,5,L/240,594.0,
curtainwall_single,800S250-68,50,12,5,L/360,519.0,
curtainwall_single,800S250-68,50,12,15,L/240,464.0,
curtainwall_single,800S250-68,50,12,15,L/360,405.0,
curtainwall_single,800S250-68,50,12,15,L/600,342.0,
curtainwall_single,800S250-68,50,12,20,L/240,422.0,
curtainwall_single,800S250-68,50,12,20,L/360,368.0,
curtainwall_single,800S250-68,50,12,20,L/600,311.0,
curtainwall_single,800S250-68,50,12,25,L/240,391.0,
curtainwall_single,800S250-68,50,12,25,L/360,342.0,
curtainwall_single,800S250-68,50,12,25,L/600,288.0,
curtainwall_single,800S250-68,50,12,30,L/240,368.0,
curtainwall_single,800S250-68,50,12,30,L/360,322.0,
curtainwall_single,800S250-68,50,12,30,L/600,271.0,
curtainwall_single,800S250-68,50,12,35,L/240,350.0,
curtainwall_single,800S250-68,50,12,35,L/360,306.0,
curtainwall_single,800S250-68,50,12,35,L/600,258.0,
curtainwall_single,800S250-68,50,12,40,L/240,335.0,
curtainwall_single,800S250-68,50,12,40,L/360,292.0,
curtainwall_single,800S250-68,50,12,40,L/600,247.0,
curtainwall_single,800S250-68,50,16,5,L/120,680.0,
curtainwall_single,800S250-68,50,16,5,L/240,540.0,
curtainwall_single,800S250-68,50,16,5,L/360,472.0,
curtainwall_single,800S250-68,50,16,15,L/240,422.0,
curtainwall_single,800S250-68,50,16,15,L/360,368.0,
curtainwall_single,800S250-68,50,16,15,L/600,311.0,
curtainwall_single,800S250-68,50,16,20,L/240,383.0,
curtainwall_single,800S250-68,50,16,20,L/360,335.0,
curtainwall_single,800S250-68,50,16,20,L/600,282.0,
curtainwall_single,800S250-68,50,16,25,L/240,356.0,
curtainwall_single,800S250-68,50,16,25,L/360,311.0,
curtainwall_single,800S250-68,50,16,25,L/600,262.0,
curtainwall_single,800S250-68,50,16,30,L/240,335.0,
curtainwall_single,800S250-68,50,16,30,L/360,292.0,
curtainwall_single,800S250-68,50,16,30,L/600,247.0,
curtainwall_single,800S250-68,50,16,35,L/240,318.0,
curtainwall_single,800S250-68,50,16,35,L/360,278.0,
curtainwall_single,800S250-68,50,16,35,L/600,234.0,
curtainwall_single,800S250-68,50,16,40,L/240,304.0,
curtainwall_single,800S250-68,50,16,40,L/360,266.0,
curtainwall_single,800S250-68,50,16,40,L/600,224.0,
curtainwall_single,800S250-68,50,24,5,L/120,594.0,
curtainwall_single,800S250-68,50,24,5,L/240,472.0,
curtainwall_single,800S250-68,50,24,5,L/360,412.0,
curtainwall_single,800S250-68,50,24,15,L/240,368.0,
curtainwall_single,800S250-68,50,24,15,L/360,322.0,
curtainwall_single,800S250-68,50,24,15,L/600,271.0,
curtainwall_single,800S250-68,50,24,20,L/240,335.0,
curtainwall_single,800S250-68,50,24,20,L/360,292.0,
curtainwall_single,800S250-68,50,24,20,L/600,247.0,
curtainwall_single,800S250-68,50,24,25,L/240,311.0,
curtainwall_single,800S250-68,50,24,25,L/360,271.0,
curtainwall_single,800S250-68,50,24,25,L/600,229.0,
curtainwall_single,800S250-68,50,24,30,L/240,292.0,
curtainwall_single,800S250-68,50,24,30,L/360,255.0,
curtainwall_single,800S250-68,50,24,30,L/600,215.0,
curtainwall_single,800S250-68,50,24,35,L/240,278.0,
curtainwall_single,800S250-68,50,24,35,L/360,243.0,
curtainwall_single,800S250-68,50,24,35,L/600,205.0,
curtainwall_single,800S250-68,50,24,40,L/240,266.0,e
curtainwall_single,800S250-68,50,24,40,L/360,232.0,
curtainwall_single,800S250-68,50,24,40,L/600,196.0,
curtainwall_single,800S250-97,50,12,5,L/120,834.0,
curtainwall_single,800S250-97,50,12,5,L/240,662.0,
curtainwall_single,800S250-97,50,12,5,L/360,578.0,
curtainwall_single,800S250-97,50,12,15,L/240,517.0,
curtainwall_single,800S250-97,50,12,15,L/360,451.0,
curtainwall_single,800S250-97,50,12,15,L/600,381.0,
curtainwall_single,800S250-97,50,12,20,L/240,470.0,
curtainwall_single,800S250-97,50,12,20,L/360,410.0,
curtainwall_single,800S250-97,50,12,20,L/600,346.0,
curtainwall_single,800S250-97,50,12,25,L/240,436.0,
curtainwall_single,800S250-97,50,12,25,L/360,381.0,
curtainwall_single,800S250-97,50,12,25,L/600,321.0,
curtainwall_single,800S250-97,50,12,30,L/240,410.0,
curtainwall_single,800S250-97,50,12,30,L/360,358.0,
curtainwall_single,800S250-97,50,12,30,L/600,302.0,
curtainwall_single,800S250-97,50,12,35,L/240,390.0,
curtainwall_single,800S250-97,50,12,35,L/360,340.0,
curtainwall_single,800S250-97,50,12,35,L/600,287.0,
curtainwall_single,800S250-97,50,12,40,L/240,373.0,
curtainwall_single,800S250-97,50,12,40,L/360,326.0,
curtainwall_single,800S250-97,50,12,40,L/600,275.0,
curtainwall_single,800S250-97,50,16,5,L/120,758.0,
curtainwall_single,800S250-97,50,16,5,L/240,601.0,
curtainwall_single,800S250-97,50,16,5,L/360,525.0,
curtainwall_single,800S250-97,50,16,15,L/240,470.0,
curtainwall_single,800S250-97,50,16,15,L/360,410.0,
curtainwall_single,800S250-97,50,16,15,L/600,346.0,
curtainwall_single,800S250-97,50,16,20,L/240,427.0,
curtainwall_single,800S250-97,50,16,20,L/360,373.0,
curtainwall_single,800S250-97,50,16,20,L/600,314.0,
curtainwall_single,800S250-97,50,16,25,L/240,396.0,
curtainwall_single,800S250-97,50,16,25,L/360,346.0,
curtainwall_single,800S250-97,50,16,25,L/600,292.0,
curtainwall_single,800S250-97,50,16,30,L/240,373.0,
curtainwall_single,800S250-97,50,16,30,L/360,326.0,
curtainwall_single,800S250-97,50,16,30,L/600,275.0,
curtainwall_single,800S250-97,50,16,35,L/240,354.0,
curtainwall_single,800S250-97,50,16,35,L/360,309.0,
curtainwall_single,800S250-97,50,16,35,L/600,261.0,
curtainwall_single,800S250-97,50,16,40,L/240,339.0,
curtainwall_single,800S250-97,50,16,40,L/360,296.0,
curtainwall_single,800S250-97,50,16,40,L/600,249.0,
curtainwall_single,800S250-97,50,24,5,L/120,662.0,
curtainwall_single,800S250-97,50,24,5,L/240,525.0,
curtainwall_single,800S250-97,50,24,5,L/360,459.0,
curtainwall_single,800S250-97,50,24,15,L/240,410.0,
curtainwall_single,800S250-97,50,24,15,L/360,358.0,
curtainwall_single,800S250-97,50,24,15,L/600,302.0,
curtainwall_single,800S250-97,50,24,20,L/240,373.0,
curtainwall_single,800S250-97,50,24,20,L/360,326.0,
curtainwall_single,800S250-97,50,24,20,L/600,275.0,
curtainwall_single,800S250-97,50,24,25,L/240,346.0,
curtainwall_single,800S250-97,50,24,25,L/360,302.0,
curtainwall_single,800S250-97,50,24,25,L/600,255.0,
curtainwall_single,800S250-97,50,24,30,L/240,326.0,
curtainwall_single,800S250-97,50,24,30,L/360,284.0,
curtainwall_single,800S250-97,50,24,30,L/600,240.0,
curtainwall_single,800S250-97,50,24,35,L/240,309.0,
curtainwall_single,800S250-97,50,24,35,L/360,270.0,
curtainwall_single,800S250-97,50,24,35,L/600,228.0,
curtainwall_single,800S250-97,50,24,40,L/240,296.0,
curtainwall_single,800S250-97,50,24,40,L/360,258.0,
curtainwall_single,800S250-97,50,24,40,L/600,218.0,
curtainwall_single,800S250-118,50,12,5,L/120,884.0,
curtainwall_single,800S250-118,50,12,5,L/240,702.0,
curtainwall_single,800S250-118,50,12,5,L/360,613.0,
curtainwall_single,800S250-118,50,12,15,L/240,548.0,
curtainwall_single,800S250-118,50,12,15,L/360,479.0,
curtainwall_single,800S250-118,50,12,15,L/600,404.0,
curtainwall_single,800S250-118,50,12,20,L/240,498.0,
curtainwall_single,800S250-118,50,12,20,L/360,435.0,
curtainwall_single,800S250-118,50,12,20,L/600,367.0,
curtainwall_single,800S250-118,50,12,25,L/240,462.0,
curtainwall_single,800S250-118,50,12,25,L/360,404.0,
curtainwall_single,800S250-118,50,12,25,L/600,341.0,
curtainwall_single,800S250-118,50,12,30,L/240,435.0,
curtainwall_single,800S250-118,50,12,30,L/360,380.0,
curtainwall_single,800S250-118,50,12,30,L/600,320.0,
curtainwall_single,800S250-118,50,12,35,L/240,413.0,
curtainwall_single,800S250-118,50,12,35,L/360,361.0,
curtainwall_single,800S250-118,50,12,35,L/600,304.0,
curtainwall_single,800S250-118,50,12,40,L/240,395.0,
curtainwall_single,800S250-118,50,12,40,L/360,345.0,
curtainwall_single,800S250-118,50,12,40,L/600,291.0,
curtainwall_single,800S250-118,50,16,5,L/120,803.0,
curtainwall_single,800S250-118,50,16,5,L/240,638.0,
curtainwall_single,800S250-118,50,16,5,L/360,557.0,
curtainwall_single,800S250-118,50,16,15,L/240,498.0,
curtainwall_single,800S250-118,50,16,15,L/360,435.0,
curtainwall_single,800S250-118,50,16,15,L/600,367.0,
curtainwall_single,800S250-118,50,16,20,L/240,452.0,
curtainwall_single,800S250-118,50,16,20,L/360,395.0,
curtainwall_single,800S250-118,50,16,20,L/600,333.0,
curtainwall_single,800S250-118,50,16,25,L/240,420.0,
curtainwall_single,800S250-118,50,16,25,L/360,367.0,
curtainwall_single,800S250-118,50,16,25,L/600,309.0,
curtainwall_single,800S250-118,50,16,30,L/240,395.0,
curtainwall_single,800S250-118,50,16,30,L/360,345.0,
curtainwall_single,800S250-118,50,16,30,L/600,291.0,
curtainwall_single,800S250-118,50,16,35,L/240,375.0,
curtainwall_single,800S250-118,50,16,35,L/360,328.0,
curtainwall_single,800S250-118,50,16,35,L/600,277.0,
curtainwall_single,800S250-118,50,16,40,L/240,359.0,
curtainwall_single,800S250-118,50,16,40,L/360,314.0,
curtainwall_single,800S250-118,50,16,40,L/600,265.0,
curtainwall_single,800S250-118,50,24,5,L/120,702.0,
curtainwall_single,800S250-118,50,24,5,L/240,557.0,
curtainwall_single,800S250-118,50,24,5,L/360,487.0,
curtainwall_single,800S250-118,50,24,15,L/240,435.0,
curtainwall_single,800S250-118,50,24,15,L/360,380.0,
curtainwall_single,800S250-118,50,24,15,L/600,320.0,
curtainwall_single,800S250-118,50,24,20,L/240,395.0,
curtainwall_single,800S250-118,50,24,20,L/360,345.0,
curtainwall_single,800S250-118,50,24,20,L/600,291.0,
curtainwall_single,800S250-118,50,24,25,L/240,367.0,
curtainwall_single,800S250-118,50,24,25,L/360,320.0,
curtainwall_single,800S250-118,50,24,25,L/600,270.0,
curtainwall_single,800S250-118,50,24,30,L/240,345.0,
curtainwall_single,800S250-118,50,24,30,L/360,302.0,
curtainwall_single,800S250-118,50,24,30,L/600,254.0,
curtainwall_single,800S250-118,50,24,35,L/240,328.0,
curtainwall_single,800S250-118,50,24,35,L/360,286.0,
curtainwall_single,800S250-118,50,24,35,L/600,242.0,
curtainwall_single,800S250-118,50,24,40,L/240,314.0,
curtainwall_single,800S250-118,50,24,40,L/360,274.0,
curtainwall_single,800S250-118,50,24,40,L/600,231.0,
curtainwall_single,800S300-54,50,12,5,L/120,710.0,
curtainwall_single,800S300-54,50,12,5,L/240,564.0,
curtainwall_single,800S300-54,50,12,5,L/360,492.0,
curtainwall_single,800S300-54,50,12,15,L/240,440.0,
curtainwall_single,800S300-54,50,12,15,L/360,385.0,
curtainwall_single,800S300-54,50,12,15,L/600,324.0,
curtainwall_single,800S300-54,50,12,20,L/240,400.0,
curtainwall_single,800S300-54,50,12,20,L/360,349.0,
curtainwall_single,800S300-54,50,12,20,L/600,295.0,
curtainwall_single,800S300-54,50,12,25,L/240,371.0,
curtainwall_single,800S300-54,50,12,25,L/360,324.0,
curtainwall_single,800S300-54,50,12,25,L/600,274.0,
curtainwall_single,800S300-54,50,12,30,L/240,349.0,
curtainwall_single,800S300-54,50,12,30,L/360,305.0,
curtainwall_single,800S300-54,50,12,30,L/600,257.0,
curtainwall_single,800S300-54,50,12,35,L/240,332.0,
curtainwall_single,800S300-54,50,12,35,L/360,290.0,
curtainwall_single,800S300-54,50,12,35,L/600,245.0,
curtainwall_single,800S300-54,50,12,40,L/240,317.0,e
curtainwall_single,800S300-54,50,12,40,L/360,277.0,
curtainwall_single,800S300-54,50,12,40,L/600,234.0,
curtainwall_single,800S300-54,50,16,5,L/120,645.0,
curtainwall_single,800S300-54,50,16,5,L/240,512.0,
curtainwall_single,800S300-54,50,16,5,L/360,447.0,
curtainwall_single,800S300-54,50,16,15,L/240,400.0,
curtainwall_single,800S300-54,50,16,15,L/360,349.0,
curtainwall_single,800S300-54,50,16,15,L/600,295.0,
curtainwall_single,800S300-54,50,16,20,L/240,363.0,
curtainwall_single,800S300-54,50,16,20,L/360,317.0,
curtainwall_single,800S300-54,50,16,20,L/600,268.0,
curtainwall_single,800S300-54,50,16,25,L/240,337.0,
curtainwall_single,800S300-54,50,16,25,L/360,295.0,
curtainwall_single,800S300-54,50,16,25,L/600,249.0,
curtainwall_single,800S300-54,50,16,30,L/240,317.0,e
curtainwall_single,800S300-54,50,16,30,L/360,277.0,
curtainwall_single,800S300-54,50,16,30,L/600,234.0,
curtainwall_single,800S300-54,50,16,35,L/240,302.0,e
curtainwall_single,800S300-54,50,16,35,L/360,263.0,e
curtainwall_single,800S300-54,50,16,35,L/600,222.0,
curtainwall_single,800S300-54,50,16,40,L/240,283.0,e
curtainwall_single,800S300-54,50,16,40,L/360,252.0,e
curtainwall_single,800S300-54,50,16,40,L/600,212.0,
curtainwall_single,800S300-54,50,24,5,L/120,564.0,
curtainwall_single,800S300-54,50,24,5,L/240,447.0,
curtainwall_single,800S300-54,50,24,5,L/360,391.0,
curtainwall_single,800S300-54,50,24,15,L/240,349.0,
curtainwall_single,800S300-54,50,24,15,L/360,305.0,
curtainwall_single,800S300-54,50,24,15,L/600,257.0,
curtainwall_single,800S300-54,50,24,20,L/240,317.0,e
curtainwall_single,800S300-54,50,24,20,L/360,277.0,
curtainwall_single,800S300-54,50,24,20,L/600,234.0,
curtainwall_single,800S300-54,50,24,25,L/240,292.0,e
curtainwall_single,800S300-54,50,24,25,L/360,257.0,e
curtainwall_single,800S300-54,50,24,25,L/600,217.0,
curtainwall_single,800S300-54,50,24,30,L/240,267.0,e
curtainwall_single,800S300-54,50,24,30,L/360,242.0,e
curtainwall_single,800S300-54,50,24,30,L/600,204.0,e
curtainwall_single,800S300-54,50,24,35,L/240,247.0,e
curtainwall_single,800S300-54,50,24,35,L/360,230.0,e
curtainwall_single,800S300-54,50,24,35,L/600,194.0,e
curtainwall_single,800S300-54,50,24,40,L/240,231.0,e
curtainwall_single,800S300-54,50,24,40,L/360,220.0,e
curtainwall_single,800S300-54,50,24,40,L/600,186.0,e
curtainwall_single,800S300-68,50,12,5,L/120,771.0,
curtainwall_single,800S300-68,50,12,5,L/240,612.0,
curtainwall_single,800S300-68,50,12,5,L/360,535.0,
curtainwall_single,800S300-68,50,12,15,L/240,478.0,
curtainwall_single,800S300-68,50,12,15,L/360,418.0,
curtainwall_single,800S300-68,50,12,15,L/600,352.0,
curtainwall_single,800S300-68,50,12,20,L/240,434.0,
curtainwall_single,800S300-68,50,12,20,L/360,379.0,
curtainwall_single,800S300-68,50,12,20,L/600,320.0,
curtainwall_single,800S300-68,50,12,25,L/240,403.0,
curtainwall_single,800S300-68,50,12,25,L/360,352.0,
curtainwall_single,800S300-68,50,12,25,L/600,297.0,
curtainwall_single,800S300-68,50,12,30,L/240,379.0,
curtainwall_single,800S300-68,50,12,30,L/360,331.0,
curtainwall_single,800S300-68,50,12,30,L/600,280.0,
curtainwall_single,800S300-68,50,12,35,L/240,360.0,
curtainwall_single,800S300-68,50,12,35,L/360,315.0,
curtainwall_single,800S300-68,50,12,35,L/600,266.0,
curtainwall_single,800S300-68,50,12,40,L/240,345.0,
curtainwall_single,800S300-68,50,12,40,L/360,301.0,
curtainwall_single,800S300-68,50,12,40,L/600,254.0,
curtainwall_single,800S300-68,50,16,5,L/120,701.0,
curtainwall_single,800S300-68,50,16,5,L/240,556.0,
curtainwall_single,800S300-68,50,16,5,L/360,486.0,
curtainwall_single,800S300-68,50,16,15,L/240,434.0,
curtainwall_single,800S300-68,50,16,15,L/360,379.0,
curtainwall_single,800S300-68,50,16,15,L/600,320.0,
curtainwall_single,800S300-68,50,16,20,L/240,395.0,
curtainwall_single,800S300-68,50,16,20,L/360,345.0,
curtainwall_single,800S300-68,50,16,20,L/600,291.0,
curtainwall_single,800S300-68,50,16,25,L/240,366.0,
curtainwall_single,800S300-68,50,16,25,L/360,320.0,
curtainwall_single,800S300-68,50,16,25,L/600,270.0,
curtainwall_single,800S300-68,50,16,30,L/240,345.0,
curtainwall_single,800S300-68,50,16,30,L/360,301.0,
curtainwall_single,800S300-68,50,16,30,L/600,254.0,
curtainwall_single,800S300-68,50,16,35,L/240,327.0,
curtainwall_single,800S300-68,50,16,35,L/360,286.0,
curtainwall_single,800S300-68,50,16,35,L/600,241.0,
curtainwall_single,800S300-68,50,16,40,L/240,313.0,
curtainwall_single,800S300-68,50,16,40,L/360,274.0,
curtainwall_single,800S300-68,50,16,40,L/600,231.0,
curtainwall_single,800S300-68,50,24,5,L/120,612.0,
curtainwall_single,800S300-68,50,24,5,L/240,486.0,
curtainwall_single,800S300-68,50,24,5,L/360,424.0,
curtainwall_single,800S300-68,50,24,15,L/240,379.0,
curtainwall_single,800S300-68,50,24,15,L/360,331.0,
curtainwall_single,800S300-68,50,24,15,L/600,280.0,
curtainwall_single,800S300-68,50,24,20,L/240,345.0,
curtainwall_single,800S300-68,50,24,20,L/360,301.0,
curtainwall_single,800S300-68,50,24,20,L/600,254.0,
curtainwall_single,800S300-68,50,24,25,L/240,320.0,
curtainwall_single,800S300-68,50,24,25,L/360,280.0,
curtainwall_single,800S300-68,50,24,25,L/600,236.0,
curtainwall_single,800S300-68,50,24,30,L/240,301.0,
curtainwall_single,800S300-68,50,24,30,L/360,263.0,
curtainwall_single,800S300-68,50,24,30,L/600,222.0,
curtainwall_single,800S300-68,50,24,35,L/240,286.0,
curtainwall_single,800S300-68,50,24,35,L/360,250.0,
curtainwall_single,800S300-68,50,24,35,L/600,211.0,
curtainwall_single,800S300-68,50,24,40,L/240,274.0,e
curtainwall_single,800S300-68,50,24,40,L/360,239.0,
curtainwall_single,800S300-68,50,24,40,L/600,202.0,
curtainwall_single,800S300-97,50,12,5,L/120,863.0,
curtainwall_single,800S300-97,50,12,5,L/240,685.0,
curtainwall_single,800S300-97,50,12,5,L/360,598.0,
curtainwall_single,800S300-97,50,12,15,L/240,535.0,
curtainwall_single,800S300-97,50,12,15,L/360,467.0,
curtainwall_single,800S300-97,50,12,15,L/600,394.0,
curtainwall_single,800S300-97,50,12,20,L/240,486.0,
curtainwall_single,800S300-97,50,12,20,L/360,425.0,
curtainwall_single,800S300-97,50,12,20,L/600,358.0,
curtainwall_single,800S300-97,50,12,25,L/240,451.0,
curtainwall_single,800S300-97,50,12,25,L/360,394.0,
curtainwall_single,800S300-97,50,12,25,L/600,332.0,
curtainwall_single,800S300-97,50,12,30,L/240,425.0,
curtainwall_single,800S300-97,50,12,30,L/360,371.0,
curtainwall_single,800S300-97,50,12,30,L/600,313.0,
curtainwall_single,800S300-97,50,12,35,L/240,403.0,
curtainwall_single,800S300-97,50,12,35,L/360,352.0,
curtainwall_single,800S300-97,50,12,35,L/600,297.0,
curtainwall_single,800S300-97,50,12,40,L/240,386.0,
curtainwall_single,800S300-97,50,12,40,L/360,337.0,
curtainwall_single,800S300-97,50,12,40,L/600,284.0,
curtainwall_single,800S300-97,50,16,5,L/120,784.0,
curtainwall_single,800S300-97,50,16,5,L/240,622.0,
curtainwall_single,800S300-97,50,16,5,L/360,544.0,
curtainwall_single,800S300-97,50,16,15,L/240,486.0,
curtainwall_single,800S300-97,50,16,15,L/360,425.0,
curtainwall_single,800S300-97,50,16,15,L/600,358.0,
curtainwall_single,800S300-97,50,16,20,L/240,442.0,
curtainwall_single,800S300-97,50,16,20,L/360,386.0,
curtainwall_single,800S300-97,50,16,20,L/600,325.0,
curtainwall_single,800S300-97,50,16,25,L/240,410.0,
curtainwall_single,800S300-97,50,16,25,L/360,358.0,
curtainwall_single,800S300-97,50,16,25,L/600,302.0,
curtainwall_single,800S300-97,50,16,30,L/240,386.0,
curtainwall_single,800S300-97,50,16,30,L/360,337.0,
curtainwall_single,800S300-97,50,16,30,L/600,284.0,
curtainwall_single,800S300-97,50,16,35,L/240,366.0,
curtainwall_single,800S300-97,50,16,35,L/360,320.0,
curtainwall_single,800S300-97,50,16,35,L/600,270.0,
curtainwall_single,800S300-97,50,16,40,L/240,350.0,
curtainwall_single,800S300-97,50,16,40,L/360,306.0,
curtainwall_single,800S300-97,50,16,40,L/600,258.0,
curtainwall_single,800S300-97,50,24,5,L/120,685.0,
curtainwall_single,800S300-97,50,24,5,L/240,544.0,
curtainwall_single,800S300-97,50,24,5,L/360,475.0,
curtainwall_single,800S300-97,50,24,15,L/240,425.0,
curtainwall_single,800S300-97,50,24,15,L/360,371.0,
curtainwall_single,800S300-97,50,24,15,L/600,313.0,
curtainwall_single,800S300-97,50,24,20,L/240,386.0,
curtainwall_single,800S300-97,50,24,20,L/360,337.0,
curtainwall_single,800S300-97,50,24,20,L/600,284.0,
curtainwall_single,800S300-97,50,24,25,L/240,358.0,
curtainwall_single,800S300-97,50,24,25,L/360,313.0,
curtainwall_single,800S300-97,50,24,25,L/600,264.0,
curtainwall_single,800S300-97,50,24,30,L/240,337.0,
curtainwall_single,800S300-97,50,24,30,L/360,294.0,
curtainwall_single,800S300-97,50,24,30,L/600,248.0,
curtainwall_single,800S300-97,50,24,35,L/240,320.0,
curtainwall_single,800S300-97,50,24,35,L/360,280.0,
curtainwall_single,800S300-97,50,24,35,L/600,236.0,
curtainwall_single,800S300-97,50,24,40,L/240,306.0,
curtainwall_single,800S300-97,50,24,40,L/360,267.0,
curtainwall_single,800S300-97,50,24,40,L/600,226.0,
curtainwall_single,800S300-118,50,12,5,L/120,920.0,
curtainwall_single,800S300-118,50,12,5,L/240,730.0,
curtainwall_single,800S300-118,50,12,5,L/360,638.0,
curtainwall_single,800S300-118,50,12,15,L/240,570.0,
curtainwall_single,800S300-118,50,12,15,L/360,498.0,
curtainwall_single,800S300-118,50,12,15,L/600,420.0,
curtainwall_single,800S300-118,50,12,20,L/240,518.0,
curtainwall_single,800S300-118,50,12,20,L/360,452.0,
curtainwall_single,800S300-118,50,12,20,L/600,382.0,
curtainwall_single,800S300-118,50,12,25,L/240,481.0,
curtainwall_single,800S300-118,50,12,25,L/360,420.0,
curtainwall_single,800S300-118,50,12,25,L/600,354.0,
curtainwall_single,800S300-118,50,12,30,L/240,452.0,
curtainwall_single,800S300-118,50,12,30,L/360,395.0,
curtainwall_single,800S300-118,50,12,30,L/600,333.0,
curtainwall_single,800S300-118,50,12,35,L/240,430.0,
curtainwall_single,800S300-118,50,12,35,L/360,375.0,
curtainwall_single,800S300-118,50,12,35,L/600,317.0,
curtainwall_single,800S300-118,50,12,40,L/240,411.0,
curtainwall_single,800S300-118,50,12,40,L/360,359.0,
curtainwall_single,800S300-118,50,12,40,L/600,303.0,
curtainwall_single,800S300-118,50,16,5,L/120,836.0,
curtainwall_single,800S300-118,50,16,5,L/240,663.0,
curtainwall_single,800S300-118,50,16,5,L/360,579.0,
curtainwall_single,800S300-118,50,16,15,L/240,518.0,
curtainwall_single,800S300-118,50,16,15,L/360,452.0,
curtainwall_single,800S300-118,50,16,15,L/600,382.0,
curtainwall_single,800S300-118,50,16,20,L/240,471.0,
curtainwall_single,800S300-118,50,16,20,L/360,411.0,
curtainwall_single,800S300-118,50,16,20,L/600,347.0,
curtainwall_single,800S300-118,50,16,25,L/240,437.0,
curtainwall_single,800S300-118,50,16,25,L/360,382.0,
curtainwall_single,800S300-118,50,16,25,L/600,322.0,
curtainwall_single,800S300-118,50,16,30,L/240,411.0,
curtainwall_single,800S300-118,50,16,30,L/360,359.0,
curtainwall_single,800S300-118,50,16,30,L/600,303.0,
curtainwall_single,800S300-118,50,16,35,L/240,391.0,
curtainwall_single,800S300-118,50,16,35,L/360,341.0,
curtainwall_single,800S300-118,50,16,35,L/600,288.0,
curtainwall_single,800S300-118,50,16,40,L/240,374.0,
curtainwall_single,800S300-118,50,16,40,L/360,326.0,
curtainwall_single,800S300-118,50,16,40,L/600,275.0,
curtainwall_single,800S300-118,50,24,5,L/120,730.0,
curtainwall_single,800S300-118,50,24,5,L/240,579.0,
curtainwall_single,800S300-118,50,24,5,L/360,506.0,
curtainwall_single,800S300-118,50,24,15,L/240,452.0,
curtainwall_single,800S300-118,50,24,15,L/360,395.0,
curtainwall_single,800S300-118,50,24,15,L/600,333.0,
curtainwall_single,800S300-118,50,24,20,L/240,411.0,
curtainwall_single,800S300-118,50,24,20,L/360,359.0,
curtainwall_single,800S300-118,50,24,20,L/600,303.0,
curtainwall_single,800S300-118,50,24,25,L/240,382.0,
curtainwall_single,800S300-118,50,24,25,L/360,333.0,
curtainwall_single,800S300-118,50,24,25,L/600,281.0,
curtainwall_single,800S300-118,50,24,30,L/240,359.0,
curtainwall_single,800S300-118,50,24,30,L/360,314.0,
curtainwall_single,800S300-118,50,24,30,L/600,265.0,
curtainwall_single,800S300-118,50,24,35,L/240,341.0,
curtainwall_single,800S300-118,50,24,35,L/360,298.0,
curtainwall_single,800S300-118,50,24,35,L/600,251.0,
curtainwall_single,800S300-118,50,24,40,L/240,326.0,
curtainwall_single,800S300-118,50,24,40,L/360,285.0,
curtainwall_single,800S300-118,50,24,40,L/600,240.0,
curtainwall_single,800S350-54,33,12,5,L/120,755.0,
curtainwall_single,800S350-54,33,12,5,L/240,599.0,
curtainwall_single,800S350-54,33,12,5,L/360,523.0,
curtainwall_single,800S350-54,33,12,15,L/240,468.0,
curtainwall_single,800S350-54,33,12,15,L/360,409.0,
curtainwall_single,800S350-54,33,12,15,L/600,345.0,
curtainwall_single,800S350-54,33,12,20,L/240,425.0,e
curtainwall_single,800S350-54,33,12,20,L/360,371.0,
curtainwall_single,800S350-54,33,12,20,L/600,313.0,
curtainwall_single,800S350-54,33,12,25,L/240,395.0,e
curtainwall_single,800S350-54,33,12,25,L/360,345.0,e
curtainwall_single,800S350-54,33,12,25,L/600,291.0,
curtainwall_single,800S350-54,33,12,30,L/240,365.0,e
curtainwall_single,800S350-54,33,12,30,L/360,324.0,e
curtainwall_single,800S350-54,33,12,30,L/600,274.0,e
curtainwall_single,800S350-54,33,12,35,L/240,338.0,e
curtainwall_single,800S350-54,33,12,35,L/360,308.0,e
curtainwall_single,800S350-54,33,12,35,L/600,260.0,e
curtainwall_single,800S350-54,33,12,40,L/240,316.0,e
curtainwall_single,800S350-54,33,12,40,L/360,295.0,e
curtainwall_single,800S350-54,33,12,40,L/600,249.0,e
curtainwall_single,800S350-54,33,16,5,L/120,686.0,
curtainwall_single,800S350-54,33,16,5,L/240,544.0,
curtainwall_single,800S350-54,33,16,5,L/360,475.0,
curtainwall_single,800S350-54,33,16,15,L/240,425.0,e
curtainwall_single,800S350-54,33,16,15,L/360,371.0,
curtainwall_single,800S350-54,33,16,15,L/600,313.0,
curtainwall_single,800S350-54,33,16,20,L/240,386.0,e
curtainwall_single,800S350-54,33,16,20,L/360,337.0,e
curtainwall_single,800S350-54,33,16,20,L/600,285.0,
curtainwall_single,800S350-54,33,16,25,L/240,347.0,e
curtainwall_single,800S350-54,33,16,25,L/360,313.0,e
curtainwall_single,800S350-54,33,16,25,L/600,264.0,e
curtainwall_single,800S350-54,33,16,30,L/240,316.0,e
curtainwall_single,800S350-54,33,16,30,L/360,295.0,e
curtainwall_single,800S350-54,33,16,30,L/600,249.0,e
curtainwall_single,800S350-54,33,16,35,L/240,293.0,e
curtainwall_single,800S350-54,33,16,35,L/360,280.0,e
curtainwall_single,800S350-54,33,16,35,L/600,236.0,e
curtainwall_single,800S350-54,33,16,40,L/240,274.0,e
curtainwall_single,800S350-54,33,16,40,L/360,268.0,e
curtainwall_single,800S350-54,33,16,40,L/600,226.0,e
curtainwall_single,800S350-54,33,24,5,L/120,599.0,
curtainwall_single,800S350-54,33,24,5,L/240,475.0,
curtainwall_single,800S350-54,33,24,5,L/360,415.0,
curtainwall_single,800S350-54,33,24,15,L/240,365.0,e
curtainwall_single,800S350-54,33,24,15,L/360,324.0,e
curtainwall_single,800S350-54,33,24,15,L/600,274.0,e
curtainwall_single,800S350-54,33,24,20,L/240,316.0,e
curtainwall_single,800S350-54,33,24,20,L/360,295.0,e
curtainwall_single,800S350-54,33,24,20,L/600,249.0,e
curtainwall_single,800S350-54,33,24,25,L/240,283.0,e
curtainwall_single,800S350-54,33,24,25,L/360,274.0,e
curtainwall_single,800S350-54,33,24,25,L/600,231.0,e
curtainwall_single,800S350-54,33,24,30,L/240,258.0,e
curtainwall_single,800S350-54,33,24,30,L/360,257.0,e
curtainwall_single,800S350-54,33,24,30,L/600,217.0,e
curtainwall_single,800S350-54,33,24,35,L/240,239.0,e
curtainwall_single,800S350-54,33,24,35,L/360,239.0,e
curtainwall_single,800S350-54,33,24,35,L/600,206.0,e
curtainwall_single,800S350-54,33,24,40,L/240,224.0,e
curtainwall_single,800S350-54,33,24,40,L/360,224.0,e
curtainwall_single,800S350-54,33,24,40,L/600,197.0,e
curtainwall_single,800S350-54,50,12,5,L/120,748.0,
curtainwall_single,800S350-54,50,12,5,L/240,593.0,
curtainwall_single,800S350-54,50,12,5,L/360,518.0,
curtainwall_single,800S350-54,50,12,15,L/240,463.0,
curtainwall_single,800S350-54,50,12,15,L/360,405.0,
curtainwall_single,800S350-54,50,12,15,L/600,341.0,
curtainwall_single,800S350-54,50,12,20,L/240,421.0,
curtainwall_single,800S350-54,50,12,20,L/360,368.0,
curtainwall_single,800S350-54,50,12,20,L/600,310.0,
curtainwall_single,800S350-54,50,12,25,L/240,391.0,
curtainwall_single,800S350-54,50,12,25,L/360,341.0,
curtainwall_single,800S350-54,50,12,25,L/600,288.0,
curtainwall_single,800S350-54,50,12,30,L/240,368.0,
curtainwall_single,800S350-54,50,12,30,L/360,321.0,
curtainwall_single,800S350-54,50,12,30,L/600,271.0,
curtainwall_single,800S350-54,50,12,35,L/240,349.0,e
curtainwall_single,800S350-54,50,12,35,L/360,305.0,
curtainwall_single,800S350-54,50,12,35,L/600,257.0,
curtainwall_single,800S350-54,50,12,40,L/240,334.0,e
curtainwall_single,800S350-54,50,12,40,L/360,292.0,
curtainwall_single,800S350-54,50,12,40,L/600,246.0,
curtainwall_single,800S350-54,50,16,5,L/120,679.0,
curtainwall_single,800S350-54,50,16,5,L/240,539.0,
curtainwall_single,800S350-54,50,16,5,L/360,471.0,
curtainwall_single,800S350-54,50,16,15,L/240,421.0,
curtainwall_single,800S350-54,50,16,15,L/360,368.0,
curtainwall_single,800S350-54,50,16,15,L/600,310.0,
curtainwall_single,800S350-54,50,16,20,L/240,382.0,
curtainwall_single,800S350-54,50,16,20,L/360,334.0,
curtainwall_single,800S350-54,50,16,20,L/600,282.0,
curtainwall_single,800S350-54,50,16,25,L/240,355.0,
curtainwall_single,800S350-54,50,16,25,L/360,310.0,
curtainwall_single,800S350-54,50,16,25,L/600,262.0,
curtainwall_single,800S350-54,50,16,30,L/240,334.0,e
curtainwall_single,800S350-54,50,16,30,L/360,292.0,
curtainwall_single,800S350-54,50,16,30,L/600,246.0,
curtainwall_single,800S350-54,50,16,35,L/240,317.0,e
curtainwall_single,800S350-54,50,16,35,L/360,277.0,e
curtainwall_single,800S350-54,50,16,35,L/600,234.0,
curtainwall_single,800S350-54,50,16,40,L/240,304.0,e
curtainwall_single,800S350-54,50,16,40,L/360,265.0,e
curtainwall_single,800S350-54,50,16,40,L/600,224.0,e
curtainwall_single,800S350-54,50,24,5,L/120,593.0,
curtainwall_single,800S350-54,50,24,5,L/240,471.0,
curtainwall_single,800S350-54,50,24,5,L/360,411.0,
curtainwall_single,800S350-54,50,24,15,L/240,368.0,
curtainwall_single,800S350-54,50,24,15,L/360,321.0,
curtainwall_single,800S350-54,50,24,15,L/600,271.0,
curtainwall_single,800S350-54,50,24,20,L/240,334.0,e
curtainwall_single,800S350-54,50,24,20,L/360,292.0,
curtainwall_single,800S350-54,50,24,20,L/600,246.0,
curtainwall_single,800S350-54,50,24,25,L/240,310.0,e
curtainwall_single,800S350-54,50,24,25,L/360,271.0,e
curtainwall_single,800S350-54,50,24,25,L/600,229.0,
curtainwall_single,800S350-54,50,24,30,L/240,292.0,e
curtainwall_single,800S350-54,50,24,30,L/360,255.0,e
curtainwall_single,800S350-54,50,24,30,L/600,215.0,e
curtainwall_single,800S350-54,50,24,35,L/240,274.0,e
curtainwall_single,800S350-54,50,24,35,L/360,242.0,e
curtainwall_single,800S350-54,50,24,35,L/600,204.0,e
curtainwall_single,800S350-54,50,24,40,L/240,256.0,e
curtainwall_single,800S350-54,50,24,40,L/360,232.0,e
curtainwall_single,800S350-54,50,24,40,L/600,195.0,e
curtainwall_single,800S350-68,50,12,5,L/120,815.0,
curtainwall_single,800S350-68,50,12,5,L/240,646.0,
curtainwall_single,800S350-68,50,12,5,L/360,565.0,
curtainwall_single,800S350-68,50,12,15,L/240,505.0,
curtainwall_single,800S350-68,50,12,15,L/360,441.0,
curtainwall_single,800S350-68,50,12,15,L/600,372.0,
curtainwall_single,800S350-68,50,12,20,L/240,459.0,
curtainwall_single,800S350-68,50,12,20,L/360,401.0,
curtainwall_single,800S350-68,50,12,20,L/600,338.0,
curtainwall_single,800S350-68,50,12,25,L/240,426.0,
curtainwall_single,800S350-68,50,12,25,L/360,372.0,
curtainwall_single,800S350-68,50,12,25,L/600,314.0,
curtainwall_single,800S350-68,50,12,30,L/240,401.0,
curtainwall_single,800S350-68,50,12,30,L/360,350.0,
curtainwall_single,800S350-68,50,12,30,L/600,295.0,
curtainwall_single,800S350-68,50,12,35,L/240,381.0,
curtainwall_single,800S350-68,50,12,35,L/360,333.0,
curtainwall_single,800S350-68,50,12,35,L/600,280.0,
curtainwall_single,800S350-68,50,12,40,L/240,364.0,
curtainwall_single,800S350-68,50,12,40,L/360,318.0,
curtainwall_single,800S350-68,50,12,40,L/600,268.0,
curtainwall_single,800S350-68,50,16,5,L/120,740.0,
curtainwall_single,800S350-68,50,16,5,L/240,587.0,
curtainwall_single,800S350-68,50,16,5,L/360,513.0,
curtainwall_single,800S350-68,50,16,15,L/240,459.0,
curtainwall_single,800S350-68,50,16,15,L/360,401.0,
curtainwall_single,800S350-68,50,16,15,L/600,338.0,
curtainwall_single,800S350-68,50,16,20,L/240,417.0,
curtainwall_single,800S350-68,50,16,20,L/360,364.0,
curtainwall_single,800S350-68,50,16,20,L/600,307.0,
curtainwall_single,800S350-68,50,16,25,L/240,387.0,
curtainwall_single,800S350-68,50,16,25,L/360,338.0,
curtainwall_single,800S350-68,50,16,25,L/600,285.0,
curtainwall_single,800S350-68,50,16,30,L/240,364.0,
curtainwall_single,800S350-68,50,16,30,L/360,318.0,
curtainwall_single,800S350-68,50,16,30,L/600,268.0,
curtainwall_single,800S350-68,50,16,35,L/240,346.0,
curtainwall_single,800S350-68,50,16,35,L/360,302.0,
curtainwall_single,800S350-68,50,16,35,L/600,255.0,
curtainwall_single,800S350-68,50,16,40,L/240,331.0,
curtainwall_single,800S350-68,50,16,40,L/360,289.0,
curtainwall_single,800S350-68,50,16,40,L/600,244.0,
curtainwall_single,800S350-68,50,24,5,L/120,646.0,
curtainwall_single,800S350-68,50,24,5,L/240,513.0,
curtainwall_single,800S350-68,50,24,5,L/360,448.0,
curtainwall_single,800S350-68,50,24,15,L/240,401.0,
curtainwall_single,800S350-68,50,24,15,L/360,350.0,
curtainwall_single,800S350-68,50,24,15,L/600,295.0,
curtainwall_single,800S350-68,50,24,20,L/240,364.0,
curtainwall_single,800S350-68,50,24,20,L/360,318.0,
curtainwall_single,800S350-68,50,24,20,L/600,268.0,
curtainwall_single,800S350-68,50,24,25,L/240,338.0,
curtainwall_single,800S350-68,50,24,25,L/360,295.0,
curtainwall_single,800S350-68,50,24,25,L/600,249.0,
curtainwall_single,800S350-68,50,24,30,L/240,318.0,
curtainwall_single,800S350-68,50,24,30,L/360,278.0,
curtainwall_single,800S350-68,50,24,30,L/600,234.0,
curtainwall_single,800S350-68,50,24,35,L/240,302.0,e
curtainwall_single,800S350-68,50,24,35,L/360,264.0,
curtainwall_single,800S350-68,50,24,35,L/600,223.0,
curtainwall_single,800S350-68,50,24,40,L/240,289.0,e
curtainwall_single,800S350-68,50,24,40,L/360,252.0,
curtainwall_single,800S350-68,50,24,40,L/600,213.0,
curtainwall_single,800S350-97,50,12,5,L/120,912.0,
curtainwall_single,800S350-97,50,12,5,L/240,724.0,
curtainwall_single,800S350-97,50,12,5,L/360,632.0,
curtainwall_single,800S350-97,50,12,15,L/240,565.0,
curtainwall_single,800S350-97,50,12,15,L/360,494.0,
curtainwall_single,800S350-97,50,12,15,L/600,416.0,
curtainwall_single,800S350-97,50,12,20,L/240,514.0,
curtainwall_single,800S350-97,50,12,20,L/360,449.0,
curtainwall_single,800S350-97,50,12,20,L/600,378.0,
curtainwall_single,800S350-97,50,12,25,L/240,477.0,
curtainwall_single,800S350-97,50,12,25,L/360,416.0,
curtainwall_single,800S350-97,50,12,25,L/600,351.0,
curtainwall_single,800S350-97,50,12,30,L/240,449.0,
curtainwall_single,800S350-97,50,12,30,L/360,392.0,
curtainwall_single,800S350-97,50,12,30,L/600,331.0,
curtainwall_single,800S350-97,50,12,35,L/240,426.0,
curtainwall_single,800S350-97,50,12,35,L/360,372.0,
curtainwall_single,800S350-97,50,12,35,L/600,314.0,
curtainwall_single,800S350-97,50,12,40,L/240,408.0,
curtainwall_single,800S350-97,50,12,40,L/360,356.0,
curtainwall_single,800S350-97,50,12,40,L/600,300.0,
curtainwall_single,800S350-97,50,16,5,L/120,829.0,
curtainwall_single,800S350-97,50,16,5,L/240,658.0,
curtainwall_single,800S350-97,50,16,5,L/360,575.0,
curtainwall_single,800S350-97,50,16,15,L/240,514.0,
curtainwall_single,800S350-97,50,16,15,L/360,449.0,
curtainwall_single,800S350-97,50,16,15,L/600,378.0,
curtainwall_single,800S350-97,50,16,20,L/240,467.0,
curtainwall_single,800S350-97,50,16,20,L/360,408.0,
curtainwall_single,800S350-97,50,16,20,L/600,344.0,
curtainwall_single,800S350-97,50,16,25,L/240,433.0,
curtainwall_single,800S350-97,50,16,25,L/360,378.0,
curtainwall_single,800S350-97,50,16,25,L/600,319.0,
curtainwall_single,800S350-97,50,16,30,L/240,408.0,
curtainwall_single,800S350-97,50,16,30,L/360,356.0,
curtainwall_single,800S350-97,50,16,30,L/600,300.0,
curtainwall_single,800S350-97,50,16,35,L/240,387.0,
curtainwall_single,800S350-97,50,16,35,L/360,338.0,
curtainwall_single,800S350-97,50,16,35,L/600,285.0,
curtainwall_single,800S350-97,50,16,40,L/240,370.0,
curtainwall_single,800S350-97,50,16,40,L/360,324.0,
curtainwall_single,800S350-97,50,16,40,L/600,273.0,
curtainwall_single,800S350-97,50,24,5,L/120,724.0,
curtainwall_single,800S350-97,50,24,5,L/240,575.0,
curtainwall_single,800S350-97,50,24,5,L/360,502.0,
curtainwall_single,800S350-97,50,24,15,L/240,449.0,
curtainwall_single,800S350-97,50,24,15,L/360,392.0,
curtainwall_single,800S350-97,50,24,15,L/600,331.0,
curtainwall_single,800S350-97,50,24,20,L/240,408.0,
curtainwall_single,800S350-97,50,24,20,L/360,356.0,
curtainwall_single,800S350-97,50,24,20,L/600,300.0,
curtainwall_single,800S350-97,50,24,25,L/240,378.0,
curtainwall_single,800S350-97,50,24,25,L/360,331.0,
curtainwall_single,800S350-97,50,24,25,L/600,279.0,
curtainwall_single,800S350-97,50,24,30,L/240,356.0,
curtainwall_single,800S350-97,50,24,30,L/360,311.0,
curtainwall_single,800S350-97,50,24,30,L/600,262.0,
curtainwall_single,800S350-97,50,24,35,L/240,338.0,
curtainwall_single,800S350-97,50,24,35,L/360,295.0,
curtainwall_single,800S350-97,50,24,35,L/600,249.0,
curtainwall_single,800S350-97,50,24,40,L/240,324.0,
curtainwall_single,800S350-97,50,24,40,L/360,283.0,
curtainwall_single,800S350-97,50,24,40,L/600,238.0,
curtainwall_single,800S350-118,50,12,5,L/120,968.0,
curtainwall_single,800S350-118,50,12,5,L/240,769.0,
curtainwall_single,800S350-118,50,12,5,L/360,672.0,
curtainwall_single,800S350-118,50,12,15,L/240,600.0,
curtainwall_single,800S350-118,50,12,15,L/360,524.0,
curtainwall_single,800S350-118,50,12,15,L/600,442.0,
curtainwall_single,800S350-118,50,12,20,L/240,545.0,
curtainwall_single,800S350-118,50,12,20,L/360,476.0,
curtainwall_single,800S350-118,50,12,20,L/600,402.0,
curtainwall_single,800S350-118,50,12,25,L/240,506.0,
curtainwall_single,800S350-118,50,12,25,L/360,442.0,
curtainwall_single,800S350-118,50,12,25,L/600,373.0,
curtainwall_single,800S350-118,50,12,30,L/240,476.0,
curtainwall_single,800S350-118,50,12,30,L/360,416.0,
curtainwall_single,800S350-118,50,12,30,L/600,351.0,
curtainwall_single,800S350-118,50,12,35,L/240,453.0,
curtainwall_single,800S350-118,50,12,35,L/360,395.0,
curtainwall_single,800S350-118,50,12,35,L/600,333.0,
curtainwall_single,800S350-118,50,12,40,L/240,433.0,
curtainwall_single,800S350-118,50,12,40,L/360,378.0,
curtainwall_single,800S350-118,50,12,40,L/600,319.0,
curtainwall_single,800S350-118,50,16,5,L/120,880.0,
curtainwall_single,800S350-118,50,16,5,L/240,698.0,
curtainwall_single,800S350-118,50,16,5,L/360,610.0,
curtainwall_single,800S350-118,50,16,15,L/240,545.0,
curtainwall_single,800S350-118,50,16,15,L/360,476.0,
curtainwall_single,800S350-118,50,16,15,L/600,402.0,
curtainwall_single,800S350-118,50,16,20,L/240,496.0,
curtainwall_single,800S350-118,50,16,20,L/360,433.0,
curtainwall_single,800S350-118,50,16,20,L/600,365.0,
curtainwall_single,800S350-118,50,16,25,L/240,460.0,
curtainwall_single,800S350-118,50,16,25,L/360,402.0,
curtainwall_single,800S350-118,50,16,25,L/600,339.0,
curtainwall_single,800S350-118,50,16,30,L/240,433.0,
curtainwall_single,800S350-118,50,16,30,L/360,378.0,
curtainwall_single,800S350-118,50,16,30,L/600,319.0,
curtainwall_single,800S350-118,50,16,35,L/240,411.0,
curtainwall_single,800S350-118,50,16,35,L/360,359.0,
curtainwall_single,800S350-118,50,16,35,L/600,303.0,
curtainwall_single,800S350-118,50,16,40,L/240,393.0,
curtainwall_single,800S350-118,50,16,40,L/360,344.0,
curtainwall_single,800S350-118,50,16,40,L/600,290.0,
curtainwall_single,800S350-118,50,24,5,L/120,769.0,
curtainwall_single,800S350-118,50,24,5,L/240,610.0,
curtainwall_single,800S350-118,50,24,5,L/360,533.0,
curtainwall_single,800S350-118,50,24,15,L/240,476.0,
curtainwall_single,800S350-118,50,24,15,L/360,416.0,
curtainwall_single,800S350-118,50,24,15,L/600,351.0,
curtainwall_single,800S350-118,50,24,20,L/240,433.0,
curtainwall_single,800S350-118,50,24,20,L/360,378.0,
curtainwall_single,800S350-118,50,24,20,L/600,319.0,
curtainwall_single,800S350-118,50,24,25,L/240,402.0,
curtainwall_single,800S350-118,50,24,25,L/360,351.0,
curtainwall_single,800S350-118,50,24,25,L/600,296.0,
curtainwall_single,800S350-118,50,24,30,L/240,378.0,
curtainwall_single,800S350-118,50,24,30,L/360,330.0,
curtainwall_single,800S350-118,50,24,30,L/600,279.0,
curtainwall_single,800S350-118,50,24,35,L/240,359.0,
curtainwall_single,800S350-118,50,24,35,L/360,314.0,
curtainwall_single,800S350-118,50,24,35,L/600,265.0,
curtainwall_single,800S350-118,50,24,40,L/240,344.0,
curtainwall_single,800S350-118,50,24,40,L/360,300.0,
curtainwall_single,800S350-118,50,24,40,L/600,253.0,
